Protein,community_DC,community_CC,community_BC,community_EC,community_PageRank
Q0045,0.7693204530313125,1.0708630200504858,0.06548477807503489,0.24815882627965258,0.03434591340064475
Q0050,0.40669856459330145,0.9353845182327546,0.000814412968942537,0.13512736965580444,0.05355700617750799
Q0075,0.9960127591706539,1.4912473068636505,0.02169361697050688,0.1656515948969418,0.040998051674683386
Q0080,0.47017543859649125,1.1060078775578153,0.0004958921272253775,0.2389812408255726,0.035048686898441886
Q0085,0.5201754385964912,1.1195031542109866,0.007513435986874499,0.2657429161520512,0.04412398839993056
Q0105,0.655396402398401,1.097640260525923,0.02075586362814915,0.17176826900848963,0.01580416984470051
Q0110,0.7024656235182551,1.0669072752502726,0.0038728062229608767,0.0965420918478981,0.015055774750652437
Q0115,0.9960127591706539,1.4912473068636505,0.02169361697050688,0.1656515948969418,0.040998051674683386
Q0120,0.4201754385964912,0.8129675845175223,0.2689730338304354,0.08964773539175708,0.050807261496001066
Q0130,0.47017543859649125,1.1060078775578153,0.004004664057049938,0.19795933973958382,0.03558639640005785
Q0140,0.5144110275689223,1.1069057203916306,0.0012252405864614476,0.08258841203252902,0.010826906982977346
Q0160,0.6896929824561403,1.0600355390082925,0.0031294108194701792,0.1327186885104269,0.029536059253800484
Q0250,0.7186875416389074,1.1115389234393642,0.0779756037076853,0.23344125104418922,0.02716575724585401
Q0255,0.9960127591706539,1.4912473068636505,0.02169361697050688,0.1656515948969418,0.040998051674683386
Q0275,0.655396402398401,1.0232187348061421,0.008854122000540126,0.1421899226005896,0.016796472558586937
TD(GUC)B,0.1461593172119488,1.0358389719487326,0.001798130306586375,0.15682143474016086,0.01960512942790067
TD(GUC)D,0.1461593172119488,1.0358389719487326,0.001798130306586375,0.15682143474016086,0.01960512942790067
TD(GUC)G1,0.1461593172119488,1.0358389719487326,0.001798130306586375,0.15682143474016086,0.01960512942790067
TD(GUC)G2,0.1461593172119488,1.0358389719487326,0.001798130306586375,0.15682143474016086,0.01960512942790067
TD(GUC)I1,0.1461593172119488,1.0358389719487326,0.001798130306586375,0.15682143474016086,0.01960512942790067
TD(GUC)I2,0.1461593172119488,1.0358389719487326,0.001798130306586375,0.15682143474016086,0.01960512942790067
TD(GUC)J1,0.1461593172119488,1.0358389719487326,0.001798130306586375,0.15682143474016086,0.01960512942790067
TD(GUC)J2,0.1461593172119488,1.0358389719487326,0.001798130306586375,0.15682143474016086,0.01960512942790067
TD(GUC)J3,0.1461593172119488,1.0358389719487326,0.001798130306586375,0.15682143474016086,0.01960512942790067
TD(GUC)J4,0.1461593172119488,1.0358389719487326,0.001798130306586375,0.15682143474016086,0.01960512942790067
TD(GUC)K,0.1461593172119488,1.0358389719487326,0.001798130306586375,0.15682143474016086,0.01960512942790067
TD(GUC)L1,0.1461593172119488,1.0358389719487326,0.001798130306586375,0.15682143474016086,0.01960512942790067
TD(GUC)L2,0.1461593172119488,1.0358389719487326,0.001798130306586375,0.15682143474016086,0.01960512942790067
TD(GUC)M,0.1461593172119488,1.0358389719487326,0.001798130306586375,0.15682143474016086,0.01960512942790067
TD(GUC)N,0.1461593172119488,1.0358389719487326,0.001798130306586375,0.15682143474016086,0.01960512942790067
TD(GUC)O,0.1461593172119488,1.0358389719487326,0.001798130306586375,0.15682143474016086,0.01960512942790067
TD(GUC)Q,0.1461593172119488,1.0358389719487326,0.001798130306586375,0.15682143474016086,0.01960512942790067
TE(CUC)D,0.3845029239766082,1.1044769447599814,0.0007596728116315893,0.16368544514540723,0.024321564521852815
TE(CUC)I,0.3845029239766082,1.1044769447599814,0.0007596728116315893,0.16368544514540723,0.024321564521852815
TE(UUC)B,0.3845029239766082,1.1044769447599814,0.0007596728116315893,0.16368544514540723,0.024321564521852815
TE(UUC)C,0.3845029239766082,1.1044769447599814,0.0007596728116315893,0.16368544514540723,0.024321564521852815
TE(UUC)E1,0.3845029239766082,1.1044769447599814,0.0007596728116315893,0.16368544514540723,0.024321564521852815
TE(UUC)E2,0.3845029239766082,1.1044769447599814,0.0007596728116315893,0.16368544514540723,0.024321564521852815
TE(UUC)E3,0.3845029239766082,1.1044769447599814,0.0007596728116315893,0.16368544514540723,0.024321564521852815
TE(UUC)G1,0.3845029239766082,1.1044769447599814,0.0007596728116315893,0.16368544514540723,0.024321564521852815
TE(UUC)G2,0.3845029239766082,1.1044769447599814,0.0007596728116315893,0.16368544514540723,0.024321564521852815
TE(UUC)G3,0.3845029239766082,1.1044769447599814,0.0007596728116315893,0.16368544514540723,0.024321564521852815
TE(UUC)I,0.3845029239766082,1.1044769447599814,0.0007596728116315893,0.16368544514540723,0.024321564521852815
TE(UUC)J,0.3845029239766082,1.1044769447599814,0.0007596728116315893,0.16368544514540723,0.024321564521852815
TE(UUC)K,0.3845029239766082,1.1044769447599814,0.0007596728116315893,0.16368544514540723,0.024321564521852815
TE(UUC)L,0.3845029239766082,1.1044769447599814,0.0007596728116315893,0.16368544514540723,0.024321564521852815
TE(UUC)M,0.3845029239766082,1.1044769447599814,0.0007596728116315893,0.16368544514540723,0.024321564521852815
TE(UUC)P,0.3845029239766082,1.1044769447599814,0.0007596728116315893,0.16368544514540723,0.024321564521852815
TI(UAU)L,0.5697940503432494,1.1712834941322787,0.0022882995462045145,0.07928893975991413,0.023602140933156397
TL(CAA)A,0.3845029239766082,1.1044769447599814,0.0007596728116315893,0.16368544514540723,0.024321564521852815
TL(CAA)C,0.3845029239766082,1.1044769447599814,0.0007596728116315893,0.16368544514540723,0.024321564521852815
TL(CAA)G2,0.3845029239766082,1.1044769447599814,0.0007596728116315893,0.16368544514540723,0.024321564521852815
TL(UAA)J,0.3845029239766082,1.1044769447599814,0.0007596728116315893,0.16368544514540723,0.024321564521852815
TL(UAA)Q,0.3701754385964912,0.7531873647373025,0.0005519811988564753,0.056676848423135334,0.03121996765470442
TM(CAU)C,0.45864661654135336,1.0291345182327545,0.0004947266289623725,0.290390590995189,0.07850842907869321
TM(CAU)Q1,0.45864661654135336,1.0291345182327545,0.0004947266289623725,0.290390590995189,0.07850842907869321
TN(GUU)O1,0.5697940503432494,1.1660215403459597,0.002425412944187478,0.07550270847641063,0.02399471617947431
TR(ACG)D,0.11913229018492176,1.0219500830598438,3.165795187872715e-05,0.10404695016714412,0.012712351275890285
TR(ACG)E,0.11913229018492176,1.0219500830598438,3.165795187872715e-05,0.10404695016714412,0.012712351275890285
TR(ACG)J,0.11913229018492176,1.0219500830598438,3.165795187872715e-05,0.10404695016714412,0.012712351275890285
TR(ACG)K,0.11913229018492176,1.0219500830598438,3.165795187872715e-05,0.10404695016714412,0.012712351275890285
TR(ACG)L,0.11913229018492176,1.0219500830598438,3.165795187872715e-05,0.10404695016714412,0.012712351275890285
TR(ACG)O,0.11913229018492176,1.0219500830598438,3.165795187872715e-05,0.10404695016714412,0.012712351275890285
TR(ACG)Q2,0.11913229018492176,1.0219500830598438,3.165795187872715e-05,0.10404695016714412,0.012712351275890285
TR(CCG)L,0.11913229018492176,1.0219500830598438,3.165795187872715e-05,0.10404695016714412,0.012712351275890285
TR(UCU)B,0.11913229018492176,1.0219500830598438,3.165795187872715e-05,0.10404695016714412,0.012712351275890285
TR(UCU)D,0.11913229018492176,1.0219500830598438,3.165795187872715e-05,0.10404695016714412,0.012712351275890285
TR(UCU)E,0.11913229018492176,1.0219500830598438,3.165795187872715e-05,0.10404695016714412,0.012712351275890285
TR(UCU)G1,0.11913229018492176,1.0219500830598438,3.165795187872715e-05,0.10404695016714412,0.012712351275890285
TR(UCU)G2,0.11913229018492176,1.0219500830598438,3.165795187872715e-05,0.10404695016714412,0.012712351275890285
TR(UCU)G3,0.11913229018492176,1.0219500830598438,3.165795187872715e-05,0.10404695016714412,0.012712351275890285
TR(UCU)J1,0.11913229018492176,1.0219500830598438,3.165795187872715e-05,0.10404695016714412,0.012712351275890285
TR(UCU)J2,0.11913229018492176,1.0219500830598438,3.165795187872715e-05,0.10404695016714412,0.012712351275890285
TR(UCU)K,0.11913229018492176,1.0219500830598438,3.165795187872715e-05,0.10404695016714412,0.012712351275890285
TR(UCU)M1,0.11913229018492176,1.0219500830598438,3.165795187872715e-05,0.10404695016714412,0.012712351275890285
TR(UCU)M2,0.11913229018492176,1.0219500830598438,3.165795187872715e-05,0.10404695016714412,0.012712351275890285
TR(UCU)Q1,0.5210526315789473,1.0159125521151395,0.0011466943660165937,0.25829593769133624,0.051082407802328575
TS(AGA)A,0.3048245614035088,1.053615192804346,0.0004584175061832421,0.18980338447986678,0.024048427878973475
TS(AGA)B,0.3048245614035088,1.053615192804346,0.0004584175061832421,0.18980338447986678,0.024048427878973475
TS(AGA)D1,0.3048245614035088,1.053615192804346,0.0004584175061832421,0.18980338447986678,0.024048427878973475
TS(AGA)D2,0.3048245614035088,1.053615192804346,0.0004584175061832421,0.18980338447986678,0.024048427878973475
TS(AGA)D3,0.3048245614035088,1.053615192804346,0.0004584175061832421,0.18980338447986678,0.024048427878973475
TS(AGA)E,0.3048245614035088,1.053615192804346,0.0004584175061832421,0.18980338447986678,0.024048427878973475
TS(AGA)G,0.3048245614035088,1.053615192804346,0.0004584175061832421,0.18980338447986678,0.024048427878973475
TS(AGA)H,0.3048245614035088,1.053615192804346,0.0004584175061832421,0.18980338447986678,0.024048427878973475
TS(AGA)J,0.3048245614035088,1.053615192804346,0.0004584175061832421,0.18980338447986678,0.024048427878973475
TS(AGA)L,0.3048245614035088,1.053615192804346,0.0004584175061832421,0.18980338447986678,0.024048427878973475
TS(AGA)M,0.3048245614035088,1.053615192804346,0.0004584175061832421,0.18980338447986678,0.024048427878973475
TS(CGA)C,0.3048245614035088,1.053615192804346,0.0004584175061832421,0.18980338447986678,0.024048427878973475
TS(GCU)F,0.3048245614035088,1.053615192804346,0.0004584175061832421,0.18980338447986678,0.024048427878973475
TS(GCU)L,0.3048245614035088,1.053615192804346,0.0004584175061832421,0.18980338447986678,0.024048427878973475
TS(GCU)O,0.3048245614035088,1.053615192804346,0.0004584175061832421,0.18980338447986678,0.024048427878973475
TS(GCU)Q1,0.3048245614035088,1.053615192804346,0.0004584175061832421,0.18980338447986678,0.024048427878973475
TS(UGA)E,0.3048245614035088,1.053615192804346,0.0004584175061832421,0.18980338447986678,0.024048427878973475
TS(UGA)I,0.3048245614035088,1.053615192804346,0.0004584175061832421,0.18980338447986678,0.024048427878973475
TS(UGA)P,0.3048245614035088,1.053615192804346,0.0004584175061832421,0.18980338447986678,0.024048427878973475
TS(UGA)Q2,0.3048245614035088,1.053615192804346,0.0004584175061832421,0.18980338447986678,0.024048427878973475
TY(GUA)J2,0.3845029239766082,1.1044769447599814,0.0007596728116315893,0.16368544514540723,0.024321564521852815
YAL001C,1.0882066276803117,1.4730114275186021,0.13404861950637528,0.3237418932032562,0.08800445658841995
YAL002W,0.6302128271498417,1.0258323112746406,0.0024405368373917047,0.16862384303068756,0.01565999161618865
YAL003W,1.0745614035087718,1.3663706479821847,0.22077054343032473,0.4562173517960828,0.10608582824379299
YAL005C,1.2149122807017543,1.4077672113825581,0.9060125213427382,0.7360296797489645,0.2494477186482074
YAL007C,0.8173843700159489,1.2307084181811034,0.010584110411736328,0.15612311992724048,0.017491000341279254
YAL008W,0.3236842105263158,0.9311752983230063,0.0002871801750894038,0.23262212445782343,0.04100457909223733
YAL009W,0.5587719298245614,0.9989191654411015,0.1350730290763224,0.08808540466593255,0.05223836996461785
YAL010C,0.47017543859649125,0.8401009449842161,0.2689730338304354,0.5341416416915971,0.06357016041763475
YAL011W,0.7882205513784462,1.2559357796199901,0.002899436204362861,0.17935791389206043,0.026081225815051852
YAL012W,0.45614035087719296,1.0110569594088314,0.40947665391218935,0.2957867471122345,0.07849697095002497
YAL013W,0.8390092879256965,1.2404522943996628,0.007920660765204918,0.32264151775074723,0.0662711951450417
YAL014C,0.6138193845268909,1.0936100890524183,0.006199642334202119,0.12010489248051673,0.01563528991264462
YAL015C,0.6847454000855798,1.0647391131550559,0.005666193870983215,0.10731168000788938,0.01898700948252646
YAL016W,0.8596491228070176,1.1381982997567617,0.18159208678938998,0.2678978050319868,0.08963439857939375
YAL017W,0.8205741626794257,1.1220403433843913,0.03954325561832536,0.28713341183913865,0.03973134023360248
YAL018C,0.7416267942583731,1.1760518681240297,0.007994951986314083,0.11201864900914002,0.013887351507475075
YAL019W,0.8333333333333333,1.2949404862898704,0.00628080836095343,0.13258537458584613,0.016967135344143965
YAL020C,0.487719298245614,0.931297167499755,0.0012782750562073592,0.13823327646889805,0.0401414564931717
YAL021C,0.9800944669365722,1.282054002116774,0.019564020108486763,0.3741446585183797,0.059471364064725994
YAL022C,0.7393025246041934,1.2175075895036338,0.005163661045510453,0.20622276356260338,0.017029479476739887
YAL023C,0.46317829457364335,0.9849105803944471,0.019078028246958548,0.0961663507983691,0.01825432596381059
YAL024C,0.8781860311155245,1.0903885616004287,0.12527017355030295,0.39635165177234927,0.07945470329638035
YAL025C,0.9296379245987308,1.3188564708873634,0.007295958119301427,0.13667622868044818,0.02333465556857907
YAL026C,0.7675438596491229,1.183770425621527,0.5991518414376618,0.5390404248002447,0.15254720876004346
YAL027W,0.7938596491228069,1.1492374169425648,0.028132840372620725,0.17842971063249577,0.03609670680765243
YAL028W,0.43421052631578944,1.0035708676127844,0.0010500524423145,0.13903544268830925,0.021738850291309664
YAL029C,0.9179706021811285,1.3049542852991691,0.04194775448186419,0.37703746558404383,0.05486873427542952
YAL030W,0.6793931550186942,1.1226577081000373,0.07068755558026518,0.11065067761229097,0.028399633248224188
YAL031C,0.6721052631578947,1.1549062703781399,0.002954543602138518,0.11016499301421595,0.016703319686365164
YAL032C,1.0254083484573502,1.3707956126398706,0.008624253824133987,0.18648625043428577,0.02057079029616981
YAL033W,0.6566047471620227,0.9013402431910978,0.0018928771356583104,0.3269019284993835,0.060177786743962014
YAL034C,0.7872807017543859,1.22822252385818,0.005782469269822489,0.11600820396560094,0.01433969861256772
YAL034W-A,1.0511259492013616,1.3683848959315852,0.07075968396607048,0.37651050217853316,0.0371242565873997
YAL035W,1.0899122807017543,1.3444310217230422,0.03531414652646067,0.35790175344964004,0.0611396463447739
YAL036C,0.7412280701754386,1.1790635076788543,0.10191895409127635,0.3529934232896808,0.06605879962652028
YAL037W,0.7211779448621554,1.1819581467513387,0.0050189420390180485,0.16608434779296238,0.016834626992593006
YAL038W,0.7200956937799042,1.0651348377499694,0.04999640966528892,0.3091724615587209,0.08851851134162868
YAL039C,0.644736842105263,1.1127330180985044,0.0028117772935132477,0.2538739518181512,0.029763136807644676
YAL040C,0.45864661654135336,1.0291345182327545,0.0004490856873440174,0.3257076890865094,0.07745581411148877
YAL041W,0.718671679197995,1.1666796046162604,0.4194069174451507,0.4526372704833843,0.09731891337497674
YAL042W,0.8333333333333333,1.2949404862898704,0.00628080836095343,0.13258537458584613,0.016967135344143965
YAL043C,1.3921052631578947,1.5418110322829017,0.08204292803729718,0.35144218042134356,0.06623116882927799
YAL044C,0.5526315789473684,0.9924983223085035,0.0011995741687372086,0.23527819923953894,0.09494393783160061
YAL044W-A,0.44183829138062547,0.9551691456666034,0.47786202250632287,0.2051573358134622,0.046509604478870335
YAL046C,0.3983600305110602,0.8812290210935674,0.0035537221110660097,0.19353896105024787,0.03131662041743487
YAL047C,0.6819221967963387,1.0083463478276238,0.17624825030546168,0.47760868593665173,0.07561757546791278
YAL048C,0.6902834008097166,1.0446304468305174,0.005106918324123472,0.10556307356969798,0.013649589651113132
YAL049C,0.45864661654135336,1.0291345182327545,0.0004947266289623725,0.290390590995189,0.07850842907869321
YAL051W,0.576140350877193,0.8612440584219168,0.15811714873027818,0.13673499888124507,0.064187727100489
YAL053W,0.9649122807017543,1.3221204594936253,0.009589439783677132,0.20814834290076323,0.023836951640599485
YAL054C,1.0144110275689222,1.4578201678295135,0.061439969895942054,0.24975751257752554,0.04975469576284004
YAL055W,0.5809134906231095,1.0796329931189035,0.004674170158787691,0.1393111484073054,0.02279231151783872
YAL056W,0.5239234449760766,0.9677421612541992,0.02796895927370552,0.3150238493710003,0.07401031907848156
YAL058W,0.4084429824561403,0.8379185769417462,0.0008689127409283844,0.08050774877905831,0.01887661066429005
YAL059W,0.8138825324180015,1.245589337172095,0.09009760243971038,0.17089042470668742,0.03955769618205804
YAL060W,0.7384370015948962,1.0455796130138235,0.004615906205311298,0.1333696630512355,0.026966321804762324
YAL061W,0.8353973168214655,1.2326129247295063,0.007255354125774816,0.1161721009566945,0.013586586484105968
YAL062W,0.4201754385964912,0.874877505582373,0.4794993496199091,0.16130921748718752,0.04820893648346776
YAL063C,0.9605263157894737,1.4536050040713597,0.01449419432718284,0.17953811169040634,0.020472697415429703
YAL063C-A,0.6008771929824561,1.0362684647224123,0.002189392811207498,0.18718095951552394,0.040683065426982315
YAL064C-A,0.9605263157894737,1.4536050040713597,0.01449419432718284,0.17953811169040634,0.020472697415429703
YAL064W-B,0.9605263157894737,1.4536050040713597,0.01449419432718284,0.17953811169040634,0.020472697415429703
YAL065C,0.9605263157894737,1.4536050040713597,0.01449419432718284,0.17953811169040634,0.020472697415429703
YAL067C,0.3544891640866873,0.934576182303585,0.3826262174451011,0.3005996936949431,0.0553461899130499
YAL068C,0.5587719298245615,1.060808892227087,0.0020721641818900603,0.10813518717196757,0.020024861790996225
YAR002C-A,0.8022328548644337,1.2392183980666056,0.009161859452862816,0.14493542624745284,0.01675580802269757
YAR002W,0.93343653250774,1.3482504426797746,0.008830717887379436,0.180995551994112,0.020840608001480847
YAR003W,0.8149734802121583,1.2419843168527378,0.008934163511500413,0.26353904015883933,0.02837225851067811
YAR007C,1.2271929824561403,1.4243766242796103,0.3209558347473393,0.49742455316374706,0.10287904520107764
YAR008W,0.5935672514619883,1.075594145246838,0.0017178226222788356,0.26958144130122963,0.046886088797342934
YAR009C,0.5964912280701754,1.027979183734968,0.002404925673525176,0.13762315244186518,0.016042762780211977
YAR010C,0.6242690058479532,1.037983098908781,0.06214175553217295,0.3322556592100154,0.045164908940477706
YAR014C,0.9671052631578947,1.1792903273543294,0.7627632209156315,0.7007015920656691,0.18531933508078374
YAR015W,0.6809210526315789,1.1220587411019562,0.003278299359982587,0.24809087002030358,0.03457436123293485
YAR018C,0.8123199790521078,1.201864428095328,0.008243150046208306,0.1322623479139715,0.014352721096442811
YAR019C,0.8433014354066984,1.2120122271707081,0.10146903533396942,0.39115533130236096,0.04374593269420123
YAR023C,0.6047634910059959,0.9771851819427657,0.002908309725613928,0.08678020404863136,0.008612015081058745
YAR027W,0.7189922480620154,1.1476109687246274,0.16945215990132687,0.34648546128864915,0.0675153001404044
YAR028W,0.7340510366826155,1.2273886239077485,0.007753707051017525,0.11115171318709274,0.013606873044754282
YAR031W,0.7264752791068579,1.1402678733289742,0.007705391370869104,0.09975601006845995,0.013253929030369583
YAR033W,0.7340510366826155,1.1786790474887299,0.008208058769975107,0.10950247954480614,0.01368484255148438
YAR035W,1.0144110275689222,1.4578201678295135,0.014982362462724868,0.26488838909256096,0.048451647032791104
YAR042W,0.5960832313341493,1.0538528206744406,0.008440029483994787,0.12848223450369028,0.01888680111023362
YAR050W,0.9605263157894737,1.4536050040713597,0.01449419432718284,0.17953811169040634,0.020472697415429703
YAR061W,0.9605263157894737,1.4536050040713597,0.01449419432718284,0.17953811169040634,0.020472697415429703
YAR062W,0.3701754385964912,0.7671004082155634,0.0005519811988564753,0.10107028350255379,0.030689161245013637
YAR064W,0.7287814129919392,1.1753158078346049,0.004159966694076405,0.14299849442967336,0.015886855400632352
YAR066W,0.4084429824561403,0.8602961993193686,0.0008689127409283844,0.07379122851395331,0.01907752216930062
YAR071W,0.47017543859649125,0.8962176677676055,0.5637098759356985,0.24851919180964033,0.07010241226573685
YBL001C,0.39561403508771925,0.9088176410683702,0.0005257996064609202,0.20014791789618902,0.03800132469315897
YBL002W,0.9732304900181488,1.2415263986584968,0.053368819481869625,0.3140666729444977,0.054039025139785396
YBL003C,1.368421052631579,1.610822664770033,0.0009888109596857427,0.7556927380020503,0.5036111770748632
YBL004W,1.4625506072874495,1.5676906682765308,0.01608096423007538,0.27732397924805197,0.038080489380163396
YBL005W,0.6885964912280701,1.1459239727951336,0.10776690730765062,0.2649430764086096,0.0536050800689598
YBL005W-A,0.6329030122476,1.0125768705290692,0.0029673191719768875,0.107745744980168,0.013357542087505185
YBL005W-B,0.8140350877192981,1.2753147465266137,0.0035721697048102436,0.39562043178406137,0.11221779939087435
YBL006C,0.7918660287081339,1.2575899977215768,0.004464972452169696,0.14655183168532693,0.020147436553545128
YBL007C,1.0941295546558705,1.328622913873832,0.4562944906417266,0.5490715753976796,0.12053297931657853
YBL008W,0.8587719298245615,1.1949678189556732,0.12115111155031111,0.24605728315647374,0.06177044982875431
YBL009W,0.7526990553306343,1.13892567238993,0.010384923589867742,0.27044121734782245,0.05796567186497129
YBL010C,0.7973946059177794,1.15541238734052,0.0060798605565160705,0.1221859107463818,0.01252898980186615
YBL011W,0.6783625730994152,1.0268940403421827,0.007418007763971581,0.11509205103672122,0.02343183549155651
YBL013W,0.696078431372549,1.20781835338301,0.004448031294269025,0.16598332318364156,0.017511601919866525
YBL014C,0.681704260651629,0.9651793639960567,0.18272632477961515,0.18109745361849316,0.06667979598170486
YBL015W,0.523524720893142,0.9108991301982627,0.0020310423856288577,0.09790115974645014,0.024109912455207987
YBL016W,1.1804511278195489,1.4444205819979814,0.9569278968850347,0.7518040490271276,0.36320661963505524
YBL017C,0.7123623011015912,1.124576504884967,0.02772199644038035,0.24491966693614267,0.03508622500252768
YBL018C,0.6566047471620227,0.9013402431910978,0.0018928771356583104,0.32690192849938343,0.06017778674396203
YBL019W,0.4557589626239511,0.9611232943469785,0.0010118598555412138,0.21117277294490502,0.022223449136275372
YBL020W,0.46317829457364335,1.0314078384465055,0.004363779639649654,0.1513709150534573,0.01581676899645049
YBL021C,0.5864661654135338,1.0229005034263416,0.0017739438272341634,0.24887475340644416,0.03801897191915826
YBL022C,0.6406882591093117,1.123190629635313,0.0019157593060769669,0.2873137814522501,0.05324358645484838
YBL023C,1.0242758057935537,1.3344290342974552,0.18048157902867934,0.36649255575355527,0.05226194773304706
YBL024W,0.6654135338345865,1.1642110677929391,0.0023314943830011732,0.3069854009908227,0.03849897585472278
YBL025W,0.8697822141560798,1.2494498959262563,0.07020532419869888,0.23738356395018376,0.041369267320820545
YBL026W,1.1994152046783626,1.3989876231675078,0.17545453904959715,0.414850930372516,0.07357482350303077
YBL027W,1.3306636155606406,1.5130234745819364,0.009766944491507251,0.23357450681106434,0.043969772353003686
YBL028C,0.8019783501306458,1.2422798943107867,0.007038195233124305,0.10335089767615711,0.018785205993056525
YBL029C-A,0.9122807017543859,1.311579544098341,0.007124885246604259,0.1937868029370839,0.02090625005093467
YBL029W,0.6945773524720893,1.1052430913886022,0.0029941255406543705,0.10720824722718322,0.01860444189651541
YBL030C,0.8579280479680212,1.205333044861518,0.27499768643789213,0.3607105253335479,0.05199714278006791
YBL031W,0.6858552631578947,1.1409101313820007,0.005126785266494299,0.15028472529963133,0.02131148594823086
YBL032W,1.9429824561403508,1.9449093518974467,1.014028428141808,0.8195755223964695,0.4640147245194113
YBL033C,0.9228586171310629,1.3793944979179464,0.06791837254148306,0.23461992024737346,0.041426676698337286
YBL034C,0.8421707253207645,1.2395387420854314,0.006006364400930363,0.18103774396483968,0.016996261978468583
YBL035C,0.7917176662586699,1.1876913875598087,0.0057452985455596055,0.18723577961787868,0.023760167912159742
YBL036C,0.707172342621259,1.083453754506386,0.020839619397557546,0.20597690073240205,0.0586085202005757
YBL037W,0.6384439359267734,1.0146305008330883,0.18083600867631971,0.5153027210981612,0.07189755274920125
YBL038W,0.8847953216374269,1.2808607807579846,0.07433607054806507,0.24170107894088744,0.04037748625149717
YBL039C,1.001303935514462,1.3659517778403227,0.012272688412847493,0.25378319025121865,0.03337946625715084
YBL039W-B,0.9960127591706539,1.4912473068636505,0.02169361697050688,0.1656515948969418,0.040998051674683386
YBL040C,0.7340510366826155,1.1826827681180014,0.007801197854064234,0.11530586995798618,0.013461980352146814
YBL041W,0.7724310776942355,1.1848617756512492,0.004696448012822919,0.28130416785093065,0.03522170469935306
YBL042C,0.7894736842105263,1.2687224012411982,0.00538680851422115,0.13513095705972367,0.014530694688702248
YBL043W,0.8570960984550929,1.268955672187293,0.01670451871765276,0.171692127288933,0.01860729630774923
YBL044W,0.43107769423558895,0.9759597245802678,0.0010405445033071356,0.17626423978685135,0.03519670134528769
YBL045C,0.8326115922718187,1.2022276989495684,0.2584540815736144,0.3842873746349482,0.04430408031387603
YBL046W,0.7485380116959064,1.0857507473092094,0.0181933939789325,0.3686962342149531,0.05619416777973934
YBL047C,0.5949656750572082,1.027848891637686,0.3336686832481247,0.29391148961431124,0.06427683614106061
YBL049W,0.8163821716453294,0.9967751983756891,0.10897276174483299,0.4221011431712335,0.04272271864785448
YBL050W,0.7777538107563992,1.1749434223857516,0.08595233436024588,0.24950559129735697,0.03408217882457178
YBL051C,0.7108636977058029,1.1472852620848757,0.002683208612290652,0.2018445495057456,0.02783071850853922
YBL052C,0.5614035087719298,0.7981673530656281,0.13516903660093477,0.5359300086019317,0.06759276714912961
YBL054W,0.8333333333333333,1.2705697952525128,0.0063697130551212825,0.13180248407473324,0.01680600326611558
YBL055C,0.6233552631578947,1.0805707222053824,0.003254665450826097,0.09462417121130227,0.014329910465410496
YBL056W,0.5657894736842105,1.0504390132759838,0.6146068114275954,0.2874719988967656,0.09138445752036282
YBL057C,0.8596491228070174,1.2705697952525128,0.007691429508416683,0.12847115354874244,0.019094785694921727
YBL058W,0.7098997493734336,1.114382363533467,0.009941996543687846,0.25043124097508596,0.03960312312812548
YBL059C-A,1.0007974481658692,1.4924463476310366,0.02169361697050688,0.16929065078768568,0.04288372956110358
YBL059W,0.7120826259196378,1.1637622484304406,0.003936979177168384,0.10898536567254088,0.014370081154124813
YBL060W,0.6902834008097166,0.9949765914951151,0.005106918324123472,0.08707125650667394,0.01588588855293373
YBL061C,0.6350877192982456,1.0807361023039528,0.011187194130743011,0.20154775021492718,0.032392557326390015
YBL063W,0.5279106858054226,0.8987477358422891,0.0016504823348455122,0.08480009267277197,0.024577772897859854
YBL064C,0.38421052631578945,0.905697192009149,0.25730767402910526,0.14110278000022472,0.09134768916498139
YBL066C,0.7549707602339181,1.172217711663083,0.004598321753985949,0.13336235372953253,0.015403813997135035
YBL067C,0.7149122807017544,1.1040464063384268,0.008984598457782175,0.09782616066389306,0.025719679404486898
YBL068W,0.6791979949874687,1.049437890703771,0.027275017615188177,0.41142546241402667,0.06754652245134246
YBL069W,0.6809210526315789,1.1220587411019562,0.003278299359982587,0.24809087002030358,0.03457436123293485
YBL071W-A,0.6441102756892231,1.0723437808003153,0.1439154169061577,0.3401196907058397,0.08230632088814667
YBL072C,0.9508771929824562,1.3185755163309343,0.000830981507111102,0.43227842260115695,0.1527482893768113
YBL074C,0.9219600725952812,1.3124631174171006,0.007017680062825518,0.15562967912137762,0.016152049965450575
YBL075C,0.8771929824561403,1.211550690523444,0.1350738552639146,0.31339483641970256,0.07793373945914661
YBL076C,0.8778195488721804,1.2918110322829017,0.0037377749589472477,0.421746633196553,0.11271350016259307
YBL078C,0.59742594190394,1.0566403920827212,0.0024405368373917047,0.1304276185593149,0.01272227717809896
YBL079W,0.93343653250774,1.3244320231019677,0.008792722696391468,0.1781682398487015,0.021181210983945722
YBL080C,0.5515350877192982,0.981269265748839,0.24242751792927564,0.12037477116480236,0.08333686057450088
YBL081W,0.5851393188854489,0.974905452253388,0.001887961896969785,0.10900656101604275,0.030812857093946985
YBL082C,0.7120826259196378,1.1637622484304406,0.003936979177168384,0.10898536567254088,0.014370081154124813
YBL084C,0.896140350877193,1.2867524580682477,0.13359062135177296,0.2817323884383928,0.0622117131240995
YBL085W,1.0135964912280702,1.2315457637955056,0.3208941721884228,0.2456320835530802,0.08397328403062623
YBL086C,0.6109022556390977,1.0327927068426352,0.0025965939432820956,0.12026680023039416,0.03683443756658053
YBL087C,0.7083747103608076,1.1010541549998352,0.04958076861561501,0.25756651367830063,0.031063656868769975
YBL088C,0.693859649122807,1.1552736342463876,0.003553052344556834,0.17343129195310975,0.019574320695534206
YBL089W,0.24937343358395989,0.7898873747212269,0.00023398097855695647,0.13695168998578994,0.027127319192164462
YBL090W,1.0858395989974936,1.3770811589881218,0.007685166152023743,0.2528914415901107,0.03470932645501101
YBL091C,0.5646390566580385,0.9859630302288889,0.0024405368373917047,0.07557749269860295,0.010792255572576726
YBL091C-A,0.5096899224806202,1.1073164573457785,0.02341328873646822,0.21137604537108237,0.02441647970834575
YBL092W,1.265446224256293,1.4697632864941623,0.005766687820563804,0.22231108840326413,0.04194478894954093
YBL093C,1.4403508771929825,1.567113807245386,0.00973613753274899,0.27656137687569804,0.0412813055836628
YBL095W,0.594298245614035,1.052674125724511,0.002767201956400933,0.17319167472697683,0.02205416394610843
YBL097W,0.5359649122807018,0.9704584058097294,0.0015825348211871153,0.11084046493620596,0.025166997308856506
YBL099W,0.7201754385964912,1.1814226588549497,0.07154852370617276,0.3466450928013531,0.08273787640550616
YBL100W-A,0.5275689223057644,1.0699692412850308,0.002042062765172817,0.2630124345426973,0.038966964938711476
YBL101C,0.6491228070175439,1.124510693261104,0.02157447115886013,0.26194245623781054,0.03181334368039102
YBL102W,0.6891064871481027,1.124576504884967,0.030786177245424942,0.23883930691957816,0.03211313653323151
YBL103C,0.8408521303258145,1.212555729257136,0.013305828581801484,0.24407377441638445,0.03799454507267509
YBL104C,0.40350877192982454,0.7626231353785533,0.0006661126243265808,0.049587965059497745,0.03308875048892977
YBL105C,0.5949656750572082,0.990672167499755,0.18215353173297325,0.2701341325657995,0.06809726878487891
YBL106C,0.6902834008097166,1.0446304468305174,0.005106918324123472,0.10556307356969798,0.013649589651113132
YBL107C,0.9960127591706539,1.4912473068636505,0.02169361697050688,0.1656515948969418,0.040998051674683386
YBL111C,0.5535087719298245,1.1276549153495985,0.0019348000850467307,0.11239562119954222,0.02614603324220907
YBR001C,0.6571319603356216,1.0357796952439196,0.012880484359471044,0.18676470768423795,0.030096608733142412
YBR002C,0.5921052631578947,1.03691166075067,0.049524669792682566,0.16344453867504724,0.02944769304953563
YBR003W,0.7135964912280701,1.0835381736626783,0.004687198216103567,0.10757996184586331,0.014720479728916675
YBR004C,0.4492481203007519,0.9536761939274169,0.0015668687861010626,0.06091513455044813,0.012328424301487461
YBR005W,0.5964912280701754,1.0892969784458602,0.002404925673525176,0.18946115564407934,0.01654265349567521
YBR006W,0.7211779448621554,1.089193485669846,0.0050189420390180485,0.11417705599179448,0.016933128484583802
YBR007C,0.4557589626239511,0.8510909318874316,0.0010118598555412138,0.12199314252873145,0.022864244828697564
YBR009C,1.0526315789473684,1.3674983223085035,0.8678662408354039,0.7079447907640056,0.3139337015455132
YBR010W,1.163810689514484,1.3765363590134756,0.21679870576142474,0.4224938006861636,0.08635211531385802
YBR011C,0.81265664160401,1.2027906688571508,0.6669511603403852,0.6387369353480505,0.22953940933338657
YBR012W-A,0.8934468524251805,1.3651087836322322,0.009094843129718347,0.23054616000721745,0.02715640507017179
YBR012W-B,0.7043859649122808,1.222235160171816,0.0026893308087980426,0.37950200246458266,0.11013663084705441
YBR014C,0.4331983805668016,0.9675578368999421,0.0010279289159550265,0.16184923159259326,0.02015388252999212
YBR015C,0.6035087719298246,1.065642560635475,0.0026773751717001576,0.11688571558544358,0.013909705258831841
YBR016W,0.600250626566416,1.1008024679705,0.0028375271597502437,0.11946556419751175,0.02007075831767802
YBR017C,0.9773954116059379,1.230988138727281,0.9109873141011459,0.7336333109254691,0.3187245965850217
YBR018C,0.5989974937343359,1.1022485561730413,0.2586005505711686,0.2955071140891825,0.06415941753143542
YBR019C,0.7872807017543859,1.1797900914257475,0.006092342529607097,0.10530800415784018,0.01496853258633518
YBR020W,0.8157894736842105,1.2158480882837868,0.005548931909392514,0.16839236651550604,0.025356335463827075
YBR021W,0.3544891640866873,0.934576182303585,0.3826262174451011,0.29258536357557796,0.05531336626533855
YBR022W,0.9960127591706539,1.4912473068636505,0.02169361697050688,0.1656515948969418,0.040998051674683386
YBR023C,0.8350877192982457,1.1062680171975696,0.04520557341228019,0.39971040354342696,0.07326684047664161
YBR024W,0.6300799467021985,1.0595888100606794,0.008514854268380476,0.12640842073087566,0.01305826713224921
YBR025C,0.5737874097007224,1.015292034433911,0.0014089725572177876,0.14472916716147238,0.039317550226923154
YBR026C,0.502361673414305,0.9751707700624108,0.001030792185551319,0.1413951498167903,0.04016052658745509
YBR028C,0.41025641025641024,0.8527971617496901,0.0008150294528699447,0.06377403045773755,0.04305214698739794
YBR029C,0.46317829457364335,1.0240340924120375,0.0024885431606414335,0.1426629365337721,0.01564961045676281
YBR030W,0.769736842105263,1.1180707846003899,0.005567246198913567,0.13640525140636833,0.026825928702649594
YBR031W,1.1508771929824562,1.4376231353785534,0.03416431484044444,0.5142160499697406,0.19633457207953195
YBR033W,0.9605263157894737,1.4536050040713597,0.01449419432718284,0.17953811169040634,0.020472697415429703
YBR034C,0.6954887218045112,1.155704428754814,0.0980756223978455,0.15841730781467434,0.04190489191467352
YBR035C,0.4084429824561403,0.9077203348168986,0.0008689127409283844,0.09107376102436013,0.01873650566775448
YBR036C,0.9461722488038277,1.315579377240884,0.021283664065726387,0.22586800146192776,0.023557389462165443
YBR037C,0.6174217188540972,0.9978549883268577,0.002908309725613928,0.09945012513017007,0.010891746883944608
YBR038W,0.533625730994152,0.9407994624241763,0.0013715976343064739,0.12641756844777538,0.03363820930271397
YBR039W,0.4201754385964912,1.0931873647373025,0.0004958921272253775,0.19159442672272603,0.026514782215449062
YBR040W,0.6329030122476,0.9929550672597178,0.0029673191719768875,0.10580493469672134,0.013787559868653404
YBR041W,0.7825814536340852,1.1049756192640667,0.06854601816943164,0.2784984760490341,0.04979636063600339
YBR042C,0.7838915470494418,1.2218616642958748,0.06846872005812515,0.29175751786560855,0.04073103576991093
YBR043C,0.5989974937343359,1.097339720268413,0.1448992056223157,0.2846249612080262,0.07243139628604658
YBR044C,0.413312693498452,0.9191776315789473,0.30909680568039527,0.45153922676149716,0.0739200848369953
YBR045C,0.718671679197995,1.045057982994639,0.27654977458800784,0.24822812920105392,0.10593336089832571
YBR046C,0.49614035087719294,1.0694556306019285,0.0015826848438364217,0.0872846597338746,0.013925200034676451
YBR047W,0.6463317384370015,1.1203549972020834,0.003256525958530524,0.12052754699962057,0.01764924810672281
YBR048W,0.9535087719298245,1.2839049153495985,0.005109403259649905,0.35417118703100825,0.07540407064283071
YBR049C,0.8524720893141946,1.2837804739120529,0.06472877746029289,0.15583443114077294,0.028171621901097985
YBR050C,0.7287814129919392,1.1753158078346049,0.004159966694076405,0.14299849442967336,0.015886855400632352
YBR052C,1.1052631578947367,1.3751053799646025,0.02643985388091302,0.2498623296634119,0.032333098541873474
YBR053C,0.3983600305110602,0.8740403978711888,0.08754581697272609,0.11164134794325695,0.03892506248496243
YBR054W,0.4087719298245614,0.9567783870582005,0.1951321762012637,0.08393072561089751,0.056036710656973826
YBR055C,1.174833635813672,1.4288900160454046,0.029377687543433482,0.24622509422475952,0.02702668012338949
YBR056W,0.9228586171310629,1.3793944979179464,0.06791837254148306,0.23461992024737346,0.041426676698337286
YBR057C,0.675438596491228,1.1566310501430883,0.6056078308310718,0.11340917844340584,0.1004540434981885
YBR058C,0.7296650717703348,1.0441182654623136,0.04941902313662853,0.11515303410170086,0.024432292155030556
YBR058C-A,0.6776315789473684,1.0419789385587355,0.00729618746364731,0.2695670285934011,0.0451743196402163
YBR059C,1.0210526315789474,1.256297167499755,0.8203258941038265,0.7383136721008053,0.26495970500094335
YBR060C,0.9079967360261118,1.2059795321637428,0.04115267292328354,0.23518749104149678,0.0385218395920789
YBR061C,0.6228070175438596,0.9459104141981679,0.0550365046208936,0.08378959772060848,0.031311650882219606
YBR062C,0.5012531328320802,0.9848437808003153,0.0010582740490148294,0.15558756377157398,0.036523531779390335
YBR063C,0.5657894736842104,0.9629438524409633,0.001671433181190982,0.11924443807313703,0.027291660830774743
YBR065C,0.910465819721718,1.3203866146848604,0.00695084265385926,0.1469908868947183,0.01583397890707837
YBR066C,0.9605263157894737,1.2898881899120678,0.01449419432718284,0.11949552538868152,0.020949477125267048
YBR067C,0.8140350877192981,1.2753147465266137,0.0035721697048102436,0.39562043178406137,0.11221779939087435
YBR068C,0.34461152882205515,0.8582801446284082,0.14309112383569983,0.33663844407897403,0.06626258434260934
YBR069C,0.8022328548644337,1.2427093533189064,0.010763249403543262,0.15180603961124378,0.0166986148285982
YBR070C,1.0055821371610845,1.4948617646949756,0.0312629949609375,0.16954505298935732,0.045088791467491104
YBR071W,0.5758145363408521,1.0000129379495937,0.001824499862733104,0.2691360441854658,0.04001551267456358
YBR072W,0.6015037593984962,1.0916345182327545,0.28616337140162973,0.39673183529324874,0.14497272176538487
YBR073W,0.41666666666666663,0.9830736726294151,0.4851510841396505,0.14574232767081502,0.07058859504293089
YBR074W,0.9667919799498746,1.4397426929371175,0.013820922276894437,0.2227025917820124,0.030804822573957454
YBR077C,0.642594859241126,1.0538528206744406,0.06591159692233962,0.12744196660255636,0.03159844921385465
YBR078W,0.6979949874686716,1.1701314868328938,0.003958385901025471,0.1309893300085877,0.01561429295585797
YBR079C,1.2149122807017543,1.4147606920527125,0.08555660736674761,0.3899560038112978,0.0763456042480504
YBR080C,0.6466062697727926,1.1321988968383063,0.0168451535428763,0.15005211742317714,0.019437900525689927
YBR081C,1.349780701754386,1.491442265338791,0.05262151332221449,0.3315543083730761,0.04689860239027289
YBR082C,0.45614035087719296,0.9574855308374028,0.16705241148794692,0.28624726910308773,0.08303887743620192
YBR083W,0.7236842105263157,1.2017832090800233,0.0022037015542911978,0.33639355184464376,0.04689683792751614
YBR084C-A,0.75,1.2359472358478059,0.0003119531647164324,0.5062572894467356,0.19711972709555015
YBR084W,0.7945344129554656,1.2241223066539462,0.16046276785308547,0.4252190718988468,0.0957953802027306
YBR085C-A,0.9960127591706539,1.4912473068636505,0.02169361697050688,0.1656515948969418,0.040998051674683386
YBR085W,0.632610939112487,1.105186276502066,0.20241511233307233,0.3387578490615507,0.07778253064248787
YBR086C,0.7456140350877193,1.2236161054810941,0.12460111235538243,0.3400427420328107,0.07838460852824525
YBR087W,0.7480063795853269,1.1464716877770595,0.02927397257175182,0.3666884838395311,0.06441089552157077
YBR088C,0.7601067887109076,1.1171516631413048,0.7638577096579127,0.6101376099516289,0.12471761984766726
YBR089C-A,0.9130781499202552,1.302745991153432,0.008116592296971358,0.17401686351402285,0.02853163793063734
YBR090C,0.7211779448621554,1.1819581467513387,0.0050189420390180485,0.16608434779296238,0.016834626992593006
YBR091C,0.6807128580946036,1.0759195594146846,0.018890726039804594,0.14400596093847712,0.020738654824850836
YBR093C,0.47017543859649125,0.9008796724296102,0.5742361917251723,0.34564730571830116,0.06847317319795196
YBR094W,0.7771929824561403,1.1652919709935947,0.00469933185499605,0.13857590885166232,0.01801423471013191
YBR095C,0.956656346749226,1.2908226647700332,0.045910856843636286,0.35922877213875315,0.08122984090869073
YBR097W,0.618421052631579,1.0620243791296422,0.2900454079188236,0.5066786559555605,0.08789661504286461
YBR098W,0.5,1.0594336625038379,0.0005008403983868461,0.35590862567424114,0.08963414700725865
YBR101C,0.6842105263157894,1.1726321010860485,0.09309848372029841,0.2988741239597033,0.06622310728624026
YBR102C,0.8087719298245614,1.084946462329468,0.15179830702154795,0.40431935242723727,0.08773635535833489
YBR103W,0.8847409220726234,1.1921234634204558,0.09976400857722587,0.22539294926974723,0.04364814018751097
YBR105C,0.8434091986723565,1.1471567511295047,0.4176564454285166,0.41245764977600174,0.04950480078503529
YBR106W,1.2264752791068578,1.4276241951680548,0.14714207905364649,0.29018851325008427,0.04109629240901434
YBR107C,0.946648337261063,1.268955672187293,0.043186797593627924,0.24294088235520275,0.02846833396821593
YBR108W,0.747453310696095,1.1847453082661352,0.0367908578850582,0.3186269549687623,0.03908719343134074
YBR109C,1.2152678994784258,1.4414496739684708,0.4920478545819644,0.47185775669168106,0.144760931417083
YBR110W,0.9082934609250398,1.3019411350587653,0.014905779328516198,0.2167525849336855,0.02183184372382517
YBR111C,0.7384370015948962,1.1183670406399608,0.004443958830498747,0.12125579491367283,0.017915905845529635
YBR111W-A,1.099780701754386,1.381155945084284,0.015520941978486538,0.24902490993486337,0.03213695712621157
YBR112C,0.9013157894736842,1.2446829990577466,0.8575658233173804,0.7046282338599903,0.2904593349958002
YBR114W,0.7053429027113238,1.0550851767098908,0.22713926749385394,0.531380717374072,0.0756410763174534
YBR115C,0.5354251012145749,0.9328889363036754,0.15487733064788414,0.18659071704238317,0.08159001348383059
YBR117C,0.39561403508771925,0.9088176410683702,0.0005257996064609202,0.20014791789618902,0.03800132469315897
YBR118W,0.9078947368421053,1.2711325527440893,0.02473879739857871,0.3397327412545316,0.07646707053613575
YBR119W,0.9909255898366606,1.3399434547619316,0.007096959209041784,0.1754904605303063,0.018939802480353762
YBR120C,0.36201079622132254,0.987238138727281,0.0007309038447356202,0.26687873815312324,0.04280622081923183
YBR121C,0.7011278195488722,1.090997986770204,0.0037386886797991415,0.11728137535362468,0.02194440764678783
YBR122C,0.8403508771929824,1.2601948794950686,0.0034130681414103305,0.24303915552686053,0.03356015120012767
YBR123C,1.125243664717349,1.5062626590456958,0.13701633080741993,0.344533881096061,0.09091429329375597
YBR125C,0.4605263157894737,0.8793320714373345,0.2052500862813967,0.05720954910415478,0.07758509765201387
YBR126C,0.5959429824561403,1.019205644304763,0.3083285901602832,0.1965941350645105,0.09445872704800948
YBR127C,0.8874269005847952,1.1912594618882293,0.026660409075368006,0.35128441526226467,0.054776686269150665
YBR128C,0.513157894736842,0.9324789245841877,0.0005717237082972983,0.4148975237036898,0.0574935654952959
YBR129C,0.5149638802889577,1.007428944702181,0.001434720176209605,0.21261563294811536,0.0317356403594027
YBR130C,0.8368895211000473,1.2620557345745316,0.11076657330068301,0.2509110700613031,0.04416306401538695
YBR131W,0.5646390566580385,0.9421735479087641,0.0024405368373917047,0.07994052660054995,0.009794932919951718
YBR132C,0.2956656346749226,0.8798257797270954,0.00027327626863055143,0.24951235441578054,0.031291748456047576
YBR133C,0.43107769423558895,0.9490020865828352,0.0010405445033071356,0.18877724403535734,0.03516283429760231
YBR135W,1.0196078431372548,1.3246300803642286,0.17304577342142288,0.43921200004943717,0.09701473811839674
YBR136W,0.7938596491228069,1.2105731734168947,0.004472592574441892,0.27846122099122333,0.03387893955634577
YBR137W,0.5101214574898786,0.9418788245542631,0.0010279289159550265,0.29835410570642695,0.03724070866625362
YBR138C,0.6654135338345865,1.1093091070086254,0.0023314943830011732,0.22668341454154356,0.03950245196367688
YBR139W,0.5149638802889577,1.0235045948203843,0.001434720176209605,0.21000101090381587,0.030900084033540054
YBR140C,0.6148325358851674,1.0241524176644556,0.07342350472825097,0.4551044997226386,0.10374225429388088
YBR141C,0.49614035087719294,0.8351207564365459,0.0014504820636114992,0.11453574601760913,0.026093067002227667
YBR142W,1.184957073534901,1.4063564708873635,0.011835875260775099,0.2077913851499705,0.03270270882227973
YBR143C,0.656140350877193,1.0028696741854637,0.6281171487302782,0.5768556575358136,0.08785495745021657
YBR145W,0.6605263157894736,1.0600355390082925,0.003553052344556834,0.10490353639437201,0.015505654244007915
YBR146W,1.1334586466165413,1.4038754173613277,0.013242182707373887,0.2616934006444289,0.03691797761630858
YBR148W,0.5758145363408521,0.9466796046162604,0.001824499862733104,0.134127791448134,0.042414848623582586
YBR149W,0.6359649122807016,1.0155389175149199,0.0025037494129137817,0.12772837456341538,0.033012799764836086
YBR150C,0.7005012531328321,1.1114301681478596,0.09802770742910474,0.2744978787434244,0.04991004000991156
YBR151W,0.46453089244851253,0.9421079783105657,0.0010176837705473624,0.16506782151970653,0.01965265837927339
YBR152W,1.0369026013309135,1.3740903183885642,0.00808514209812169,0.19699288629984296,0.02077348134998616
YBR153W,0.9960127591706539,1.4912473068636505,0.02169361697050688,0.1656515948969418,0.040998051674683386
YBR154C,1.3377192982456139,1.5062637061403508,0.049253190991056385,0.3441893512239,0.058332792257617144
YBR155W,0.8748006379585327,1.2635283309625414,0.21168661327601837,0.3319405425157224,0.07402247030113973
YBR156C,0.9983552631578947,1.3238623143341837,0.19990972410185248,0.3556937718421211,0.06718438884144727
YBR157C,0.6546052631578947,1.0563037859060902,0.003254665450826097,0.12945609927310237,0.01651417647570752
YBR158W,0.7412280701754386,1.1134970847637937,0.002516575176356487,0.21632060723706836,0.045354084432838476
YBR159W,1.2264752791068578,1.43442691625649,0.1448223386461825,0.2829177048234391,0.04123440125945433
YBR160W,1.4901960784313726,1.5776271866064775,0.8317207585669962,0.6429583282846589,0.25239796839490336
YBR161W,0.6505847953216374,1.0243730319388213,0.0042963146422784594,0.11298848512374868,0.016473091104848774
YBR162C,0.7296650717703348,1.0843299056739537,0.0039644776820830716,0.18443998669551454,0.018487851538775302
YBR162W-A,0.439922480620155,0.9708085208378421,0.0016337239918687767,0.09720523418098137,0.011992179910325765
YBR164C,0.7838915470494418,1.1866052540394645,0.02914693073633583,0.28331495369012144,0.04035167419422291
YBR166C,0.46453089244851253,0.8987390279648713,0.0009941114431181368,0.11452981606892196,0.022998008241359395
YBR167C,0.7154282765737874,0.9791434468524252,0.04503013203761908,0.3482460901982703,0.06708429171908446
YBR168W,0.5119479733817301,1.0374993276975668,0.0016353370706935193,0.0815343969358794,0.017884482423862907
YBR169C,0.8146929824561403,1.2267022056749592,0.0031294108194701792,0.34620068138674853,0.05835181718903987
YBR170C,0.9241854636591478,1.234198031736232,0.10010332698279606,0.4114310528175509,0.0711988941308414
YBR171W,0.6798245614035087,1.0102588016427048,0.14648660458290436,0.3154625499489891,0.06923279347904705
YBR172C,0.7877867746288798,1.181710948943532,0.04950372143280349,0.23410913952350673,0.03875068764948295
YBR173C,1.0867167919799496,1.3579386987281725,0.1470455857017487,0.41787906908701306,0.07594000316750342
YBR175W,0.861485108119135,1.2533479532163743,0.031673181599355706,0.28457609683922297,0.03572285878721396
YBR176W,0.7157097288676235,1.1099850238759272,0.004443958830498747,0.10838292835221779,0.01344206328348772
YBR177C,0.6635338345864661,1.048907091062932,0.011045511191572738,0.1955292959621939,0.035890493466837384
YBR179C,0.4593301435406698,0.8203464742938427,0.0007159175360117056,0.09052545151712618,0.04183539819935536
YBR180W,0.2956656346749226,0.8798257797270954,0.00027327626863055143,0.24951235441578054,0.031291748456047576
YBR181C,1.3524027459954233,1.528511690070152,0.011510919220417071,0.23593855921896317,0.04461849474032705
YBR182C,0.6228070175438596,1.110587879387142,0.04294546621406572,0.195666875430894,0.02526171104590077
YBR183W,0.9082934609250398,1.3019411350587653,0.01729684372500623,0.21755450090087053,0.021667842431065308
YBR184W,0.41464237516869096,1.0328144632137373,0.0007446747072681871,0.09311684296210179,0.024513483980672237
YBR185C,0.35146198830409353,1.0212453961426,0.0004667932324213911,0.055192122666995955,0.009429332229658244
YBR186W,0.49923722349351635,0.9152899610136451,0.08796838159467164,0.1303099293398754,0.043600623869000966
YBR187W,0.26425438596491224,0.9348846994938326,0.0002457745938866645,0.2526597900859914,0.03449844600526355
YBR188C,0.9334543254688445,1.3285787050803406,0.009846749528308944,0.14026104665481345,0.017680584223658563
YBR189W,1.0868421052631578,1.3407230971677802,0.029236387386634036,0.39851760808407916,0.0940800914455818
YBR191W,1.200228832951945,1.4307581988740379,0.003990665145673938,0.21288705813101344,0.04010688196053143
YBR192W,0.9960127591706539,1.4912473068636505,0.02169361697050688,0.1656515948969418,0.040998051674683386
YBR193C,1.407017543859649,1.5445912847228636,0.008078584431030201,0.2720574037825976,0.03993694501316543
YBR194W,0.6238596491228069,1.001317471853781,0.10172950330589253,0.12929633467003737,0.036470408403405444
YBR195C,0.6622807017543859,1.132031926782656,0.6576686567493182,0.5708539114751962,0.14514185164842455
YBR196C,0.8018341307814992,1.199703981315518,0.15262555808169842,0.23344721741435978,0.05318318010284811
YBR197C,0.6506791171477079,1.104774790484672,0.0036888845895365068,0.1544298116700667,0.018383682015175352
YBR198C,1.3914473684210527,1.5230628186984747,0.0675689715831145,0.3447873972132392,0.04976329145465464
YBR199W,0.6201754385964913,1.087154790736662,0.06924943995945664,0.12675230234241017,0.018957980761751023
YBR200W,0.8433275812482024,1.2173782049944473,0.1699631934166659,0.310445211147578,0.04667985405990609
YBR201C-A,0.9960127591706539,1.4912473068636505,0.02169361697050688,0.1656515948969418,0.040998051674683386
YBR201W,0.7098997493734336,1.1455280809973158,0.03598550036496944,0.2612105760319453,0.04034700355105681
YBR202W,0.8382292941656466,1.2207392575642004,0.015180570173380894,0.24148313426815426,0.028410693052325513
YBR203W,0.5210526315789473,1.0312971674997549,0.0011466943660165937,0.24120885813377876,0.05375320259507643
YBR205W,0.6701754385964912,1.1230763160198896,0.019974811083859182,0.18792060401882735,0.02276121554187705
YBR207W,0.8518971848225214,1.2075240357491643,0.08861410974113151,0.4127650278932371,0.05527132057432223
YBR208C,0.6847454000855798,1.1629847271901437,0.0032271694807393127,0.17990517919874968,0.017074220359164696
YBR210W,0.7964912280701754,1.207158521303258,0.005502492657316043,0.12005193837241726,0.01578620441619399
YBR211C,0.9167975909924063,1.2753293403760297,0.023811341177262378,0.24162940192003302,0.024142889054548235
YBR212W,0.7027863777089782,1.0912939845597636,0.1195350207204992,0.2252694306108659,0.06915876121555502
YBR214W,0.37280701754385964,0.800667349019221,0.0003857448212802256,0.0634973682221329,0.050879615198084885
YBR215W,0.7587719298245614,1.0532674140973737,0.009966901023995323,0.13426087042413687,0.05066551890794043
YBR216C,0.3698830409356725,1.0221630024428159,0.00029074724457485754,0.29691156524298123,0.06056572207639491
YBR217W,0.8717948717948718,1.1888042918744675,0.6290201576579981,0.6336281536889039,0.18408437799743588
YBR218C,0.6096491228070176,1.1696508184308465,0.21068288205843183,0.3390641317131601,0.07513791727855279
YBR221C,0.9746963562753036,1.2358535514376188,0.1735880132154122,0.4224994068888826,0.10691212150777024
YBR222C,0.5758145363408521,0.9777907157273715,0.001824499862733104,0.17120420467041747,0.040077263413921024
YBR223C,0.46616541353383456,0.9623545848674218,0.0008839408410786161,0.12339025765883692,0.04374942388739349
YBR225W,0.5285087719298245,0.9964145314461794,0.000790185953813517,0.3513319263194119,0.05026907350315548
YBR227C,0.6462931522354272,1.036085721583303,0.0033690193784905813,0.11493986707182251,0.019534735926468275
YBR228W,0.48684210526315785,1.0116490989053013,0.0010500524423145,0.15819228167633329,0.036277228935926484
YBR229C,0.7287814129919392,1.1753158078346049,0.004159966694076405,0.14299849442967336,0.015886855400632352
YBR230C,0.27368421052631575,0.9689681932587584,0.0002871801750894038,0.17504002495846543,0.02670195184513365
YBR230W-A,0.9960127591706539,1.4912473068636505,0.02169361697050688,0.1656515948969418,0.040998051674683386
YBR231C,0.8239348370927319,1.2664938490015891,0.0032301240350506915,0.19452668419242514,0.02896281674830936
YBR233W,0.7384370015948962,1.1907127969819589,0.007615206187792618,0.1678946728652213,0.017100243961448935
YBR233W-A,0.8108552631578947,1.1468338633331299,0.018711654698137927,0.2768252065289315,0.03674039695690306
YBR234C,1.0808440018966334,1.3055867591865236,0.23032966601315405,0.4324964008796647,0.06599397153207558
YBR235W,0.43301435406698563,0.955914204264952,0.0006962320009782491,0.18937215579424074,0.04864314155395637
YBR236C,0.8088568194680249,1.2479310036518274,0.0045864849879645175,0.16713350074626557,0.02300667171787415
YBR237W,0.5575438596491228,1.0059654344193818,0.0021851732359338804,0.08469303085945257,0.020492178487730994
YBR238C,0.7135964912280701,1.0835381736626783,0.004687198216103567,0.10757996184586331,0.014720479728916675
YBR239C,0.46616541353383456,0.9798655292076344,0.0008839408410786161,0.13063791147310233,0.04289329787780838
YBR240C,0.3698830409356725,0.9471630024428158,0.00029074724457485754,0.18224339297330172,0.06295116975382802
YBR241C,0.48643410852713176,1.0552812538254266,0.008354310457422994,0.18090639097372527,0.019852670003245414
YBR242W,0.8019783501306458,1.2581088073359614,0.007038195233124305,0.10385789137760204,0.018746906164820134
YBR243C,0.45614035087719296,0.8552128035646755,0.16705241148794692,0.09669129199829667,0.08958445787836782
YBR244W,0.8070175438596491,1.27314718000226,0.005356438971933267,0.14814198592830843,0.015404618117894304
YBR245C,1.2161084529505581,1.4212804739120528,0.06079668041142372,0.2669939480951994,0.04908751157805934
YBR246W,0.3695175438596491,0.8347069346041386,0.00040251992651621835,0.05519390791961651,0.036334976550143505
YBR247C,1.347165991902834,1.5001582007440633,0.024014447566371784,0.23942615558153446,0.034885169334744025
YBR248C,0.9228586171310629,1.3793944979179464,0.03761534223845275,0.23896863011416614,0.038575125118799965
YBR249C,0.5026315789473684,0.9773964261612558,0.0015825348211871153,0.10872018915709378,0.01699995340665908
YBR250W,0.7095141700404858,1.1249458555205145,0.04356845678566194,0.14789552146314597,0.021258439604456895
YBR251W,1.2286967418546366,1.4637684654896699,0.11756301700961057,0.2629459284029831,0.046727585539044734
YBR252W,0.696078431372549,1.117924111314855,0.004448031294269025,0.13614149182886015,0.01648939149783213
YBR253W,1.5070175438596491,1.6161334150885234,0.016066967321996632,0.287957934883495,0.044088647297997594
YBR254C,1.1093117408906883,1.4402818594710127,0.16057498885670962,0.3543462392975138,0.10080452179854749
YBR255C-A,0.5570175438596491,1.0096057200292399,0.06568029770429398,0.27312692539036026,0.08220131926361568
YBR255W,0.6233552631578947,1.0317100221818916,0.003254665450826097,0.08432904159065292,0.014753031004296674
YBR256C,0.9960127591706539,1.4912473068636505,0.02169361697050688,0.1656515948969418,0.040998051674683386
YBR257W,0.7154282765737874,0.9791434468524252,0.04503013203761908,0.3482460901982703,0.06708429171908446
YBR258C,0.8149734802121583,1.1590083305748649,0.005024691661829227,0.22461685625997818,0.028306226503247628
YBR259W,0.46616541353383456,1.0875578368999421,0.0008839408410786161,0.262813847691086,0.04075730985878935
YBR260C,0.8370927318295739,1.1243730319388214,0.0692253346767614,0.29766737745482685,0.05950105383116984
YBR261C,1.011164274322169,1.2218616642958748,0.1499337403667919,0.23116276991386223,0.0763673841982205
YBR262C,0.9667919799498746,1.4397426929371175,0.013820922276894437,0.2227025917820124,0.030804822573957454
YBR263W,0.8140350877192981,1.2753147465266137,0.0035721697048102436,0.39562043178406137,0.11221779939087435
YBR264C,0.6535087719298246,1.0772912365693106,0.011058390810780316,0.2091244730182768,0.019630073370274902
YBR265W,0.4084429824561403,0.9050514440746134,0.0008689127409283844,0.08848738905095432,0.01869474551727919
YBR267W,0.8991228070175439,1.289268280895075,0.048878818660325125,0.3787938982100598,0.11513947937797886
YBR268W,0.35146198830409353,0.9456959455931495,0.0015939068595350182,0.04766165661350128,0.011484342805669625
YBR269C,0.9960127591706539,1.4912473068636505,0.02169361697050688,0.1656515948969418,0.040998051674683386
YBR270C,0.6483488132094943,1.0482570671357856,0.006133737044616371,0.1697405284933019,0.0408284705757963
YBR272C,1.175438596491228,1.4347673261167102,0.009626926374254108,0.28294359139269454,0.03770211425823128
YBR273C,0.6384711779448622,1.1002694603076606,0.007120127055151691,0.1905346897596698,0.029818023112505334
YBR274W,1.0421960072595282,1.266116562592923,0.13084739711982132,0.3892021905531916,0.06678602953786854
YBR275C,0.8298245614035087,1.2833489974937344,0.005502492657316043,0.13777885649262508,0.019899941764431484
YBR276C,0.6329030122476,1.027898725854779,0.0029673191719768875,0.10360064983678559,0.013619494218396347
YBR278W,0.7219502243982048,1.0919306303817287,0.003575350860661755,0.10694459325138554,0.01601056221514731
YBR279W,1.1298245614035087,1.4194034192624418,0.07437595635836595,0.33332556897167565,0.054313147514890144
YBR280C,0.7823063756953359,1.2026701476378145,0.056020961055018685,0.2692691187045984,0.03692402524510268
YBR281C,0.42355889724310775,0.8128317588843905,0.20410895052785108,0.09122951928048945,0.05977860542044371
YBR282W,0.6181286549707602,1.1581733416148494,0.0030256964540502675,0.1613345752979012,0.02256669515866224
YBR283C,0.8704146730462519,1.2826966589361706,0.01382176433706337,0.1985703983891685,0.019776222203094343
YBR284W,0.4308565531475748,0.8207181463760411,0.4855734546956802,0.04400834171927452,0.08422286573982414
YBR285W,0.7069377990430621,1.0497947082248489,0.0039644776820830716,0.14441682928447477,0.014370912931869331
YBR286W,0.6329030122476,1.0730925243043914,0.0029673191719768875,0.1730655230240526,0.012949646133125403
YBR287W,0.8154080854309687,1.292132083806639,0.006139736305822918,0.2443403736548997,0.02754397196940048
YBR288C,0.59742594190394,1.0202767557190848,0.0024405368373917047,0.11378550038926735,0.013115815880600557
YBR289W,1.0087719298245614,1.3353186961486556,0.16259847997136379,0.41240863118550575,0.08107737454594068
YBR290W,0.9158692185007974,1.295370483966975,0.016232191774687137,0.2166886715570027,0.02201771549293357
YBR291C,0.40148448043184887,0.9771013252946608,0.0006372173423669757,0.22145333816588836,0.04142149203183382
YBR293W,0.7264752791068579,1.2177049333456789,0.00860370788617506,0.1105867745517275,0.013276512625192872
YBR295W,0.696078431372549,1.117924111314855,0.004448031294269025,0.13614149182886015,0.01648939149783213
YBR296C,0.48684210526315785,0.9430836860438239,0.001411246041515561,0.22969694226373738,0.030055889144400248
YBR296C-A,0.6195175438596491,1.1218864217836257,0.3434580754820718,0.4078480617481795,0.09928455707653347
YBR297W,0.9960127591706539,1.4912473068636505,0.02169361697050688,0.1656515948969418,0.040998051674683386
YBR298C,0.7946570972886762,1.2392183980666056,0.00976320824059698,0.1476569032095256,0.016428000696575514
YBR298C-A,0.6505847953216374,1.103320400359874,0.0042963146422784594,0.16831893431854061,0.016109536037067343
YBR299W,0.8154080854309687,1.292132083806639,0.006139736305822918,0.2443403736548997,0.02754397196940048
YCL001W,0.3695175438596491,0.8742673741645781,0.00040251992651621835,0.0874080821483351,0.029581082471953853
YCL001W-B,0.9960127591706539,1.4912473068636505,0.02169361697050688,0.1656515948969418,0.040998051674683386
YCL002C,0.9960127591706539,1.4912473068636505,0.02169361697050688,0.1656515948969418,0.040998051674683386
YCL004W,0.45850202429149794,0.8811218880209477,0.001031176801730289,0.16824266703091517,0.04662684815226158
YCL005W-A,0.4800194931773879,1.0372978772543757,0.0015518161305177578,0.08370578048902115,0.01357557018828911
YCL008C,0.44070175438596493,0.9961650922177239,0.05068628530747203,0.1615946172533354,0.03872582273379385
YCL009C,0.7400318979266348,1.1385764247219357,0.0036125547305121317,0.13816565480316173,0.023589396559264366
YCL010C,1.099780701754386,1.3883826840183402,0.05091720978440704,0.2514319057540774,0.0341879079993129
YCL011C,1.394736842105263,1.5047568539367386,0.12209260590920686,0.44724352095732556,0.09651409666606313
YCL012C,0.9960127591706539,1.4912473068636505,0.02169361697050688,0.1656515948969418,0.040998051674683386
YCL014W,0.6562078272604588,1.1145469883859975,0.0523128434676026,0.47934795648184714,0.08658182995752227
YCL016C,0.6359649122807016,1.0260974059839392,0.0025037494129137817,0.1317006802510805,0.03279203903046965
YCL017C,0.4949874686716792,0.9479194781826361,0.540087786506687,0.5795152656010388,0.07623769974253616
YCL018W,0.8154080854309687,1.292132083806639,0.006139736305822918,0.2443403736548997,0.02754397196940048
YCL019W,0.6895067858325057,1.1577757198966778,0.04667196358416843,0.23604531385723565,0.026924049873287167
YCL020W,0.6517709367759019,1.031523896853411,0.0036930085769115756,0.11128540960254107,0.018239982406579328
YCL021W-A,0.4716599190283401,0.8431133924554977,0.07795100583903196,0.05732201788097526,0.043593068459695225
YCL024W,0.8635964912280701,1.2428852393447616,0.03474705919692658,0.3392217073718167,0.03636536917488071
YCL025C,0.9082934609250398,1.2975428943550467,0.022597184730741314,0.2039867389874468,0.021874728334494324
YCL026C-A,0.5851393188854489,1.054437615996078,0.001887961896969785,0.17872051247148413,0.027934329125599174
YCL026C-B,0.9960127591706539,1.4912473068636505,0.02169361697050688,0.1656515948969418,0.040998051674683386
YCL027W,0.7559808612440191,1.2037198727040725,0.8366417498557173,0.6772806138967707,0.25147899271738333
YCL028W,1.473684210526316,1.567113807245386,0.015383148154868808,0.2799290521868357,0.042712117767935945
YCL029C,0.8272453521864361,1.1929087054553948,0.010564263202972227,0.12533692706757632,0.016895814719693338
YCL030C,0.8391417733522997,1.2422886762360446,0.006382669200459861,0.14357616249489352,0.018772642521207784
YCL031C,0.6337719298245614,1.068652029481989,0.2229081484518634,0.3345685467661018,0.05524010632053476
YCL032W,0.7885964912280701,1.1213178888617485,0.01877144730035265,0.15320531594928233,0.0264958144548438
YCL033C,0.4890350877192982,1.0302288740719723,0.0007608512626089609,0.2879311027076697,0.04329950348558577
YCL034W,0.7479757085020242,1.1952895805404986,0.152245125833848,0.23620937002120018,0.029000302681745842
YCL035C,0.5935672514619883,1.130673704610363,0.05727337817783439,0.264592242236803,0.04617081399778587
YCL036W,0.6528822055137844,1.0970219348717016,0.002789612191009502,0.2593677193833729,0.02752992166772365
YCL037C,0.8916040100250626,1.2409979867702041,0.017151387092497555,0.32103455068467013,0.05401754522125475
YCL038C,0.30877192982456136,0.8538531432878862,0.00039533409600053495,0.043335044302951625,0.02478048320678562
YCL039W,0.8163821716453294,1.0600355390082925,0.03960339237546365,0.4597097540150351,0.03988678103172154
YCL040W,0.6706388613042038,1.0929986275907764,0.044122281771061395,0.2285550266329822,0.024224541200076093
YCL042W,0.47527910685805425,0.9954995185052333,0.00113544443322368,0.11444708190482494,0.016996446139909544
YCL043C,0.7337092731829573,1.1192223959238028,0.005986604595910832,0.1350306763644758,0.021937740853680852
YCL044C,0.27368421052631575,0.8638352309829389,0.0002871801750894038,0.07297778800839264,0.029631190205183965
YCL045C,0.2969924812030075,0.9098645219312822,0.4669006476452237,0.23081641865251884,0.045259896760301656
YCL047C,0.8185117967332123,1.1653551681439798,0.0069253847294438375,0.10276262865193991,0.012315462302053073
YCL048W,0.5864661654135338,0.8994679015454639,0.0017739438272341634,0.10451771435209618,0.03874279932647718
YCL048W-A,0.9960127591706539,1.4912473068636505,0.02169361697050688,0.1656515948969418,0.040998051674683386
YCL050C,0.7478070175438596,1.2243730319388213,0.003880122804341954,0.33966409682309356,0.07189293903403184
YCL051W,0.6462931522354272,1.0015773727892399,0.0033690193784905813,0.12431875963663938,0.01712825291043749
YCL052C,0.7567783094098883,1.19804362121662,0.00797793558925328,0.12518797061609105,0.014423173903414466
YCL054W,1.1211272863008586,1.4063564708873635,0.007627669999287323,0.1967443626222949,0.030190706550288764
YCL055W,0.5421052631578946,0.9856908792029173,0.005607830831071762,0.06144990237865362,0.06582850875373154
YCL056C,0.548582995951417,0.9770555537949193,0.34564331353133965,0.1040453005847086,0.0690998561570847
YCL057C-A,0.9667919799498746,1.4397426929371175,0.013820922276894437,0.2227025917820124,0.030804822573957454
YCL057W,0.45864661654135336,1.0291345182327545,0.0004490856873440174,0.3257076890865094,0.07745581411148877
YCL059C,1.4240890688259111,1.5470557476416102,0.028557978825849515,0.26139756350095783,0.03749972386093483
YCL061C,0.7917176662586699,1.1921234634204558,0.009697799822176573,0.21897674124637134,0.02305140984736631
YCL063W,0.304437564499484,0.8947732929153187,0.00017314539678333246,0.19220615496218355,0.03114445547374985
YCL064C,0.6973684210526315,1.2241463951990266,0.0023396385731600344,0.35756739328783127,0.09410014627580628
YCL066W,0.6820175438596491,1.1049380146559586,0.0022037015542911978,0.27607120311762434,0.03568214479288333
YCL067C,0.38596491228070173,0.9187841398367714,0.026800514818412818,0.2583428238303951,0.04388585332161784
YCL069W,0.3082706766917293,0.8291619083085071,0.0002959642595579767,0.15117521053196914,0.042189054080809
YCL073C,0.43421052631578944,0.9491490989053013,0.0010500524423145,0.11041664338834174,0.023134506330268263
YCR002C,0.9635964912280701,1.2547846889952152,0.08715670381269947,0.40383945406699184,0.052255808859779256
YCR003W,0.35146198830409353,1.017124517021721,0.0004667932324213911,0.06210214576326134,0.008869708599658601
YCR004C,0.644736842105263,1.1900897805872384,0.0005229762520726913,0.43196752362111884,0.1160081537268027
YCR005C,0.41040100250626566,0.9006561687964512,0.1431078853937057,0.08111061518081943,0.06889833068726837
YCR007C,0.38925438596491224,0.974984950120399,0.24191244126055333,0.318943658748955,0.0937762270214111
YCR008W,0.8098624940730204,1.2620557345745316,0.004159966694076405,0.2927904085885734,0.03184915134268624
YCR009C,0.9342105263157894,1.218086646540594,0.34309848372029844,0.49219883537136633,0.15110127640110702
YCR010C,0.38925438596491224,0.9983767629858961,0.3419124412605533,0.32456086646619653,0.09123871378734541
YCR011C,0.7456140350877193,1.247331520500857,0.24581323356750365,0.3442445274861158,0.0782212248278593
YCR012W,0.9381977671451356,1.2362893471691765,0.1061609116170519,0.40804984101718617,0.07101088556634359
YCR014C,1.0175438596491226,1.3521586304645363,0.00654821973517595,0.21867702131176137,0.02784257084576612
YCR015C,0.5495716034271726,0.9999681088949919,0.002383498344407169,0.09262729203956163,0.011838570641187091
YCR016W,0.6954887218045112,1.177409855111403,0.0028375271597502437,0.21418930470680436,0.034776297552700085
YCR017C,0.6979949874686716,1.0753008272963518,0.003958385901025471,0.10863504544933476,0.016056817208495826
YCR018C,0.9960127591706539,1.4912473068636505,0.02169361697050688,0.1656515948969418,0.040998051674683386
YCR019W,0.9960127591706539,1.4912473068636505,0.02169361697050688,0.1656515948969418,0.040998051674683386
YCR020C,0.7157097288676235,1.1635283309625415,0.004443958830498747,0.1498661655840172,0.012807946545353877
YCR020C-A,0.7440884820747521,0.9850444011262725,0.13079879792995852,0.08430571709999266,0.06739508872377198
YCR020W-B,1.094896331738437,1.356421983346015,0.0052797029774103894,0.2777108828540824,0.03731754062468463
YCR021C,1.0701754385964912,1.3751053799646025,0.055423940294837735,0.23505669803351312,0.03202848715231172
YCR023C,0.644736842105263,1.1127330180985044,0.0028117772935132477,0.2538739518181512,0.029763136807644676
YCR024C,0.5864661654135338,0.8994679015454639,0.0017739438272341634,0.1045177143520962,0.03874279932647718
YCR024C-A,0.7643540669856459,1.2480423993500966,0.00832306584817568,0.13236143480640641,0.014938068679791524
YCR024C-B,0.9960127591706539,1.4912473068636505,0.02169361697050688,0.1656515948969418,0.040998051674683386
YCR026C,0.9667919799498746,1.4397426929371175,0.013820922276894437,0.2227025917820124,0.030804822573957454
YCR027C,0.6542200094831674,0.9608794208648326,0.003191980964052213,0.08546259500922368,0.018281027036742826
YCR028C,0.7188995215311004,1.1937444137472897,0.007497387875848113,0.10706748128655592,0.012684855131239079
YCR028C-A,0.9938596491228069,1.3149374997926062,0.12914688380045727,0.3823508180435985,0.06556962807670697
YCR030C,0.8771929824561403,1.30143268161503,0.006135423942792601,0.172551957514338,0.019133853969936068
YCR031C,1.308924485125858,1.4980884096468716,0.007169615196856322,0.2310946614788406,0.0431334227131076
YCR032W,0.769736842105263,1.109061775591381,0.005567246198913567,0.12618598647619111,0.028538351379261254
YCR033W,0.8149734802121583,1.1790905274738,0.0076636025233314505,0.20082598247589184,0.029033531761801883
YCR034W,1.0901116427432216,1.3582425963746911,0.05288235505067328,0.2624646160695613,0.03161315578574726
YCR035C,1.3922578184591914,1.5389028125870232,0.08547534017714233,0.35494619263259714,0.06765962339063895
YCR036W,0.47746521476104054,1.0730748746204863,0.0016353370706935193,0.08812054008746051,0.011977173663167239
YCR037C,0.5275689223057644,0.9202366209641751,0.002042062765172817,0.08528719675095264,0.044283486998336424
YCR038C,0.6804511278195489,1.0451335944756996,0.5084215690367296,0.4196717978402267,0.09330491398753132
YCR039C,0.49122807017543857,1.0544984255510572,0.5414203978593485,0.3399152457826933,0.07913569112712411
YCR040W,0.3333333333333333,0.9070846324476088,0.0004847253447286076,0.21542955405426642,0.02623175374122295
YCR042C,1.037280701754386,1.3291234247590809,0.03336886225012439,0.2166221190129548,0.029594328687045188
YCR043C,0.642594859241126,1.0538528206744406,0.010101159052101101,0.15575028907176286,0.026070201928501548
YCR044C,0.7037480063795852,1.1549873792476568,0.007328533460105664,0.10034571650278751,0.011915342550914821
YCR045C,0.46453089244851253,0.8659910450507754,0.0009941114431181368,0.081211784015435,0.02491336922871962
YCR046C,0.9070175438596491,1.2916780884502925,0.030066905972649098,0.2517990105229425,0.03866742966192245
YCR047C,0.6706539074960127,1.092476126085966,0.0038859744299898553,0.08646864157530378,0.013914395311087163
YCR048W,0.7011278195488722,1.090997986770204,0.0037386886797991415,0.11728137535362468,0.02194440764678783
YCR050C,0.6986944104447165,1.0919306303817287,0.003575350860661755,0.10262807218917662,0.013487232457320128
YCR051W,0.6462931522354272,0.9824710553778377,0.0033690193784905813,0.09253225121751996,0.02031707554559019
YCR052W,1.2161084529505581,1.4072498616671547,0.014077338729416279,0.31405776260710505,0.04491892260610092
YCR053W,0.7384370015948962,1.0733874858921189,0.004443958830498747,0.14576428397272548,0.016285885215331964
YCR054C,0.9960127591706539,1.4912473068636505,0.02169361697050688,0.1656515948969418,0.040998051674683386
YCR057C,1.5779352226720649,1.637333525419388,0.03236373220303311,0.29322693481490775,0.04262234390471361
YCR059C,0.6107017543859649,1.003367174419806,0.0358311373185239,0.12261324036557043,0.036538621560066105
YCR060W,0.7880830124090714,1.259000315626341,0.014310002508925087,0.2712293592426218,0.03332990958667587
YCR061W,0.7017543859649122,1.146524911134044,0.8752457745938866,0.694516883353563,0.22609010165572654
YCR063W,0.9449485783424076,1.3458252111760884,0.007070559006721208,0.16204151075947557,0.0172584993003444
YCR065W,0.4007017543859649,0.9471454843745866,0.08053020065138738,0.12179335624415755,0.03509377204005467
YCR066W,0.693859649122807,1.1552736342463876,0.003553052344556834,0.17343129195310975,0.019574320695534206
YCR067C,0.45850202429149794,0.8610987844398925,0.001031176801730289,0.10610858441331375,0.04702028380590749
YCR068W,0.48643410852713176,1.027686827716149,0.0024885431606414335,0.16053182549790143,0.019938888404620804
YCR069W,0.9667919799498746,1.4397426929371175,0.013820922276894437,0.2227025917820124,0.030804822573957454
YCR071C,0.8847953216374269,1.2808607807579846,0.014926785388779893,0.24915046289851756,0.03649221406351591
YCR072C,1.1617086193745232,1.3871762044771567,0.02128147675599576,0.3463625339263935,0.0643244417812181
YCR073C,0.7097288676236044,1.04984663694119,0.3147817954661586,0.5063282396647946,0.07584964887804746
YCR073W-A,0.7751196172248803,1.147784510721479,0.1099738006673841,0.2379024311454811,0.03236124142999511
YCR075C,0.37969924812030076,0.9150109649122806,0.14315310711670085,0.32730694131677535,0.07323079751843548
YCR075W-A,0.9960127591706539,1.4912473068636505,0.02169361697050688,0.1656515948969418,0.040998051674683386
YCR076C,0.6010025062656641,1.1116910439439323,0.0023427792725995568,0.12607879371464453,0.015275233045643287
YCR077C,1.0216374269005848,1.316156297866303,0.06466260090917422,0.3319138064230589,0.0486107715743305
YCR079W,0.9746963562753036,1.320636160133271,0.2607675003948994,0.44458765253821675,0.10194929339190671
YCR081W,1.4403508771929825,1.567113807245386,0.013628031455068877,0.27386067420042404,0.04153395410679277
YCR082W,0.8081140350877193,1.2060465016821578,0.005782469269822489,0.11422668296726507,0.015955288634369357
YCR083W,0.41959064327485374,0.8819035152202978,0.0007133671364996112,0.24384720955058184,0.03118236121106754
YCR084C,0.9403508771929825,1.3107035508351297,0.00598174329146971,0.1552341657217946,0.0225288013544721
YCR086W,1.0421960072595282,1.3238088702852306,0.21336948641530962,0.3555901740220432,0.07022583109849027
YCR087C-A,0.49614035087719294,0.8242982456140351,0.0014504820636114992,0.09084285347418229,0.02619750116869329
YCR088W,0.7835467045993362,1.1233479532163742,0.061864364214518866,0.1546204803578225,0.02837871414584219
YCR089W,0.6868586560741476,1.2203946065401174,0.004174965103923487,0.19849560383914916,0.0223552187786865
YCR090C,0.45906432748538006,0.9576548415236987,0.0009245784480426165,0.1143473265022687,0.02079532930449675
YCR091W,0.9569377990430621,1.1658113871554352,0.2208319184593111,0.4153628606275007,0.0769716635443078
YCR092C,0.7938596491228069,1.1954522056749592,0.013574914262970477,0.21775193662319892,0.0344323247406679
YCR093W,1.133940620782726,1.3938476139103857,0.23369222523669195,0.4130330880398612,0.08491424310005413
YCR094W,0.48182957393483705,1.0266876766734203,0.05336429565011593,0.3088067192581121,0.06836879580773766
YCR095C,0.5789473684210527,1.1133047614467872,0.00047068578464077974,0.4238915332581396,0.12250363603004524
YCR096C,0.9960127591706539,1.4912473068636505,0.02169361697050688,0.1656515948969418,0.040998051674683386
YCR098C,0.7113237639553428,1.1909249552114858,0.007381120998576585,0.10044871668905762,0.012328852710629406
YCR099C,0.7069377990430621,1.0250706464146944,0.0039644776820830716,0.10584216457820003,0.01583156331713249
YCR100C,0.4084429824561403,0.9440392603820174,0.0008689127409283844,0.20800562635602177,0.017941071287175113
YCR101C,0.3082706766917293,0.8761220760233918,0.0002959642595579767,0.19083058809629225,0.0397485608931112
YCR102C,0.304437564499484,0.7803502159922419,0.00017314539678333246,0.06349595608949918,0.0333119929237455
YCR105W,0.3207017543859649,0.8512375559858397,0.0005302006513873764,0.05262695177883107,0.017337356221870437
YCR106W,0.7923976608187133,1.1697760536449109,0.6349115065526177,0.13264181843782874,0.15518319311337256
YCR107W,0.6679907315458458,1.216053902199413,0.004174965103923487,0.18200078057020933,0.015392045215490324
YDL001W,0.4915654520917679,1.0188359685900814,0.15457897804170834,0.2001584187262727,0.07360351072063492
YDL002C,0.8596491228070176,1.2774742411584517,0.002899436204362861,0.2320571088417629,0.030956741155207763
YDL003W,0.769298245614035,1.1431127483280412,0.20391969957214495,0.424808473115046,0.08523486281066406
YDL004W,0.4201754385964912,1.0931873647373025,0.0004958921272253775,0.19159442672272603,0.026514782215449062
YDL005C,1.5403508771929824,1.6428713830029618,0.01654178802261001,0.29504113881978244,0.04536214902012889
YDL006W,0.718671679197995,1.1041796046162604,0.19962669766493094,0.34926041906454564,0.09768387339355052
YDL007W,1.2543859649122806,1.4455017893935462,0.026314579555715336,0.29225202305778075,0.04315064939127804
YDL008W,0.9361403508771929,1.2867524580682477,0.02052448378563537,0.3390432383927724,0.05927713528454332
YDL010W,0.46453089244851253,0.8868527230553105,0.0009941114431181368,0.15791255193557427,0.02136211700706286
YDL012C,0.684885290148448,1.062418215234488,0.42382312310337994,0.13171436011891463,0.1327831998076286
YDL013W,0.49122807017543857,1.0017206477732794,0.4858648423037929,0.1924166593655819,0.08519066272047084
YDL014W,1.2272727272727273,1.4504330679640276,0.7049367117306277,0.6322459471254349,0.2207624219580106
YDL015C,0.9385964912280701,1.3109575285013881,0.018922948776071768,0.23632124245402883,0.02313806376633007
YDL017W,0.861485108119135,1.2592303061575507,0.14843129683260947,0.2146644106602978,0.04140634001757214
YDL018C,0.24937343358395989,0.7953116288862793,0.00023398097855695647,0.18607715332080918,0.027039120943635978
YDL019C,0.4013157894736842,0.8743126286873762,0.0004229661745233375,0.12040659869898304,0.07320394642632697
YDL020C,0.8596491228070174,1.2648486269297183,0.006375640034732472,0.13646704853600586,0.018405465912161953
YDL021W,0.763157894736842,1.1393722385521232,0.005548931909392514,0.10554258931785535,0.02115627302950775
YDL022W,0.39561403508771925,0.9154665772385829,0.0005257996064609202,0.1689587751928632,0.03651962461997619
YDL024C,0.9960127591706539,1.4912473068636505,0.02169361697050688,0.1656515948969418,0.040998051674683386
YDL025C,0.8872180451127819,1.2916345182327547,0.7147804409146765,0.6100908610849852,0.27316594147278556
YDL027C,0.5758145363408521,1.0000129379495937,0.001824499862733104,0.2691360441854658,0.04001551267456358
YDL028C,1.0959020686043466,1.3730767726822855,0.11418921706048188,0.3641967481398621,0.043055924561999755
YDL029W,0.8916548127074443,1.188642070863433,0.02526631511646977,0.3020224411665432,0.03899211860226404
YDL030W,1.2667876588021778,1.472089777701892,0.045319674269196,0.27637951681732364,0.03136413814314044
YDL031W,1.4615528182157522,1.5769209870163956,0.015270194735862379,0.28206701458995,0.042544603665033855
YDL033C,0.6812470365101944,1.0376265754228582,0.04273152050359175,0.0994807933662165,0.024356746830676904
YDL035C,0.6279904306220095,1.0841707515086818,0.619029111100902,0.47644336804470355,0.12836226626684993
YDL036C,0.7478070175438596,1.2243730319388213,0.003880122804341954,0.33966409682309356,0.07189293903403184
YDL037C,0.5275689223057644,0.9957268170426065,0.002042062765172817,0.13742626233336205,0.04135430328416366
YDL039C,0.7523923444976075,1.1104039797480278,0.040118953094534754,0.21926902204508147,0.025536285743633678
YDL040C,0.9385964912280701,1.3366452603890107,0.0073392971903400925,0.17907783327091992,0.023388491999630997
YDL042C,0.9732304900181488,1.2748884924174844,0.047901230147285215,0.36227659654097955,0.053339608238465105
YDL043C,1.1058681185722927,1.4056807323319191,0.028262584578447537,0.20905652165251726,0.02473012921852285
YDL044C,0.703859649122807,1.009537100326574,0.08450728108367031,0.3111632506663744,0.055662507831761306
YDL045C,0.47746521476104054,1.0073276613199007,0.0016353370706935193,0.07972481958428969,0.011853460434826414
YDL045W-A,0.6096491228070176,1.1524341756761836,0.0013358539374929172,0.11334331967511317,0.01466392644034474
YDL047W,0.9218500797448166,1.275161790575594,0.005266852813381643,0.29584373656305984,0.0449306413959207
YDL048C,0.6896929824561403,1.1267022056749592,0.0031294108194701792,0.1701252286106065,0.029937497562486814
YDL049C,0.9960127591706539,1.4912473068636505,0.02169361697050688,0.1656515948969418,0.040998051674683386
YDL051W,0.7923976608187133,1.1108079946768519,0.05691586385109273,0.4432168004167344,0.08148143902966751
YDL052C,0.6397243107769424,1.1158241275941714,0.038291500458467936,0.20454622567401187,0.03332107645180502
YDL053C,0.7002923976608186,1.1693708909956049,0.5242474146277706,0.4801683799244494,0.09538371985267025
YDL054C,0.7946570972886762,1.2444740120178717,0.028442783607538928,0.13843496581265616,0.0177591292965533
YDL055C,1.3526552868658133,1.5199473383286688,0.13898505068251332,0.40445023600134167,0.06932658344243571
YDL056W,0.5192982456140351,1.1149723524984076,0.016859423093794793,0.39752957631766433,0.10211581598798569
YDL057W,0.6403508771929824,1.097924572224632,0.004739933438349169,0.16404488158455832,0.028047837102287303
YDL058W,0.5361403508771929,0.9835646548804443,0.3364504820636115,0.3680207764566471,0.03804989741296637
YDL059C,0.8679050567595459,1.1941139138168,0.5237386417448371,0.5509975481153191,0.16924081885891337
YDL060W,1.0868421052631578,1.373190629635313,0.15327266856577235,0.37398579713740576,0.0983738364578794
YDL061C,0.6517709367759019,1.0878147465266137,0.006386432714457629,0.2246136668156333,0.017422697470812903
YDL063C,0.36201079622132254,0.987238138727281,0.0007309038447356202,0.26687873815312324,0.04280622081923183
YDL064W,0.7171052631578947,1.0940198676242672,0.019834926587538847,0.11300737335546752,0.027955666926409058
YDL065C,0.8912583182093163,1.2572603303207086,0.18447394072210505,0.28983282007796213,0.06215293023259216
YDL066W,0.5833333333333333,0.9692805691811393,0.3337407860175578,0.3219457504376631,0.17048572287126548
YDL067C,0.6427381745502998,1.0611562703781399,0.003717931421311573,0.14655570877154178,0.013958146994062694
YDL069C,0.6238596491228069,1.0369744517075872,0.13006283663922585,0.2290967027732373,0.03543000310930084
YDL070W,0.5504385964912281,1.0115091723391318,0.0018936556982402071,0.24385881132121284,0.02380727140118821
YDL072C,0.4985380116959064,0.9129663264522367,0.0015325552610462089,0.08068973881962006,0.033951714532640676
YDL073W,0.41464237516869096,1.005731129880404,0.0007328241955544756,0.21732649406061005,0.040166939686835865
YDL074C,0.6692982456140351,1.105854924184971,0.14177410570241314,0.2807085595504721,0.06284984405548681
YDL075W,1.3306636155606406,1.5130234745819364,0.008233568587245936,0.2339681100596389,0.043739448520073124
YDL076C,1.0154798761609907,1.3499530995526419,0.04374582416389774,0.39127796248188623,0.08792862947233494
YDL077C,0.7613603681334483,1.1525922773475836,0.0274983203938496,0.3239552114690808,0.029631258645180406
YDL078C,0.6948621553884711,1.189022326830006,0.0025599651790778116,0.12388279746435865,0.017744098520930913
YDL079C,0.6979949874686716,1.0915680749361485,0.003958385901025471,0.10927857606685627,0.016789580287491106
YDL080C,0.5921052631578947,1.134663002442816,0.41695741391124147,0.4093117727624258,0.16418656782572552
YDL081C,0.6406882591093117,1.0651549153495985,0.0019157593060769669,0.30163768408173325,0.05254677342852204
YDL082W,1.374141876430206,1.544584366520187,0.009377866611012198,0.24152946401503167,0.04490861336231518
YDL083C,1.3524027459954233,1.528511690070152,0.007360091446864215,0.23883039165033804,0.044228921074609545
YDL084W,1.131578947368421,1.3677376231675078,0.03212463041491558,0.3441760084827494,0.06322007690928319
YDL085C-A,0.8300060496067755,1.2656247099229556,0.0069253847294438375,0.11393596197184828,0.012602180850711873
YDL085W,0.616140350877193,0.9235045948203843,0.2581171487302782,0.31692237323673,0.0755183034478608
YDL086W,0.5149638802889577,0.9926655925528105,0.0014089725572177876,0.11223383182002405,0.025379063301264757
YDL087C,1.0828796128251663,1.3911934087400621,0.011244325745070899,0.21082783109277375,0.022816466886978214
YDL088C,0.93343653250774,1.333684563014885,0.00833573451391309,0.18504514556023272,0.02115741899671352
YDL089W,0.8008166969147005,1.1745672668182752,0.0060293089650192,0.2039770722479405,0.027009235386299506
YDL090C,0.8154080854309687,1.1668115709861262,0.006139736305822918,0.14193936270742186,0.02855989373870289
YDL091C,0.4985380116959064,1.0688104822963926,0.0015325552610462089,0.23909197805934243,0.03122836150879367
YDL092W,0.7923976608187133,1.1108079946768519,0.11465006864412104,0.4347570591516216,0.08451926271675177
YDL093W,0.46317829457364335,0.9388911975536123,0.0034657419887860258,0.06799857692514849,0.01949580657801191
YDL095W,0.7909356725146198,1.1206361601332708,0.5008283412775822,0.5584875880862153,0.10016069554060276
YDL097C,1.3333333333333333,1.5051376964870806,0.0957916833207448,0.30659566859090537,0.05254349681154326
YDL098C,1.05989110707804,1.3911934087400621,0.007709677749527454,0.21274022672436416,0.021563832309043587
YDL099W,0.48684210526315785,0.8802218167303416,0.001411246041515561,0.1284737716181427,0.03284169618738801
YDL100C,0.9331983805668017,1.1408911702332754,0.7333356212236474,0.5656557122165758,0.19450976875116055
YDL101C,1.3114035087719298,1.5900897805872383,0.9171896429187393,0.6559944130635926,0.3653135997066776
YDL102W,0.644736842105263,1.1127330180985044,0.0028117772935132477,0.2538739518181512,0.029763136807644676
YDL103C,0.43421052631578944,0.9491490989053013,0.0010500524423145,0.11041664338834174,0.023134506330268263
YDL105W,0.644736842105263,1.0908157655719681,0.02834050078539442,0.3756112668496235,0.06995911130795668
YDL106C,0.8970539556438264,1.1306119041493528,0.27162358429050615,0.24039432579314607,0.09038030368210233
YDL107W,0.6174217188540972,0.9989188754201566,0.0030922326943470233,0.10111347809902324,0.010586949133899005
YDL108W,0.7223346828609987,1.190390220789495,0.0007446747072681871,0.30161741540974984,0.06522987491431577
YDL109C,0.6679907315458458,1.216053902199413,0.004174965103923487,0.18200078057020933,0.015392045215490324
YDL110C,0.6868586560741476,1.2248149568320275,0.004174965103923487,0.19884468696549934,0.022394156419566248
YDL111C,1.2618230358504958,1.4362242411584516,0.018605403233435448,0.33610815194293736,0.056373248014654584
YDL112W,0.5275689223057644,1.0699692412850308,0.002042062765172817,0.2630124345426973,0.038966964938711476
YDL113C,0.6201754385964913,1.065642560635475,0.0035629867352778228,0.14609318143127636,0.01550746108704075
YDL115C,0.97014714204867,1.319503875224699,0.004577020139789992,0.2796013149113038,0.03725742417839557
YDL116W,1.305985552115583,1.4577577789555707,0.04932569495586191,0.3653493413555948,0.04890892022642795
YDL117W,0.618421052631579,1.030988138727281,0.6671420293039984,0.5557095828056913,0.15624886796569393
YDL118W,0.3701754385964912,0.9568237283736661,0.0004958921272253775,0.06968816009977863,0.021619181562837667
YDL119C,0.9960127591706539,1.4912473068636505,0.02169361697050688,0.1656515948969418,0.040998051674683386
YDL120W,0.42355889724310775,0.8711650922177239,0.07977032618922673,0.40533390743038034,0.05512185966574393
YDL121C,0.4331983805668016,0.9675578368999421,0.0010279289159550265,0.16184923159259326,0.02015388252999212
YDL122W,0.6754385964912281,1.0398867434686148,0.06951188225416596,0.13325108493944976,0.04180665268498483
YDL123W,0.7588739290085679,1.1766598382183002,0.0626357968026857,0.29981413442705696,0.04219674454151925
YDL124W,0.42724458204334365,1.0702821242294926,0.0009178596447567389,0.09026689817103015,0.018458569434418894
YDL125C,0.7636927685066325,1.227196824999321,0.01796853909429093,0.21877391887925812,0.024995194237175146
YDL126C,1.1027568922305764,1.3456962895759532,0.33912812493616534,0.4937978828507037,0.09943623498181797
YDL127W,0.6528822055137844,1.0970219348717016,0.002789612191009502,0.2593677193833729,0.02752992166772365
YDL128W,0.45614035087719296,0.8201988929543109,0.2813678670102915,0.05013348727695433,0.05370335445763365
YDL129W,0.5504385964912281,0.9135499886656624,0.0018936556982402071,0.1370478715159028,0.0241245778580184
YDL130W,0.8714574898785425,1.1789049153495985,0.07926618665650434,0.4825358345103843,0.11466706971132343
YDL130W-A,0.5964912280701754,1.0892969784458602,0.002404925673525176,0.18946115564407934,0.01654265349567521
YDL131W,0.45864661654135336,0.9805234071216435,0.0004490856873440174,0.2577371541632757,0.079507480494935
YDL132W,1.1969405220367992,1.403536927362706,0.33902539564481915,0.5272274819319033,0.11521004192764621
YDL133C-A,0.5210526315789473,1.0312971674997549,0.0011466943660165937,0.24120885813377876,0.05375320259507643
YDL133W,0.41464237516869096,0.9018067112757527,0.0007328241955544756,0.09295097475654063,0.043404420763659336
YDL134C,0.915204678362573,1.2391598382183002,0.35860733733405237,0.3706826075993618,0.09863619333563349
YDL135C,0.7135964912280701,1.04872731267405,0.004687198216103567,0.09568461375806038,0.014754938090098684
YDL136W,1.417620137299771,1.5786206225320258,0.022286449303795208,0.24176791405727444,0.04683348270082497
YDL137W,0.6850877192982456,1.0316132952864088,0.10276614149916405,0.15371321308425356,0.05325755853910234
YDL138W,0.43421052631578944,1.0035708676127844,0.0010500524423145,0.13302785016639046,0.022450282384695052
YDL139C,0.4320175438596491,0.9885530884502924,0.00040251992651621835,0.27258811711757774,0.044803004597510306
YDL140C,1.3895019807583475,1.4939627496835737,0.1660372445032402,0.38716169609055556,0.0827202542116716
YDL141W,0.6818181818181819,1.104718782249742,0.029179135973051835,0.18822748735412836,0.06930865075638352
YDL142C,0.9960127591706539,1.4912473068636505,0.02169361697050688,0.1656515948969418,0.040998051674683386
YDL143W,1.0127591706539074,1.3175237931429882,0.008695855268358125,0.34564623879625767,0.056269502973268444
YDL144C,0.7157097288676235,1.1635283309625415,0.004443958830498747,0.1498661655840172,0.012807946545353877
YDL145C,0.9645135566188198,1.2495329556483346,0.016680187434140056,0.35450079239422805,0.058838219004454295
YDL146W,0.7672064777327935,1.191523102197749,0.0520084172380063,0.28671390341488145,0.03263129997638412
YDL147W,1.4912280701754383,1.5931006594500436,0.15426208548309744,0.34655926212109456,0.06434055435416108
YDL148C,1.4433198380566803,1.557227891616571,0.028429730015852563,0.2682081206725938,0.03818264085539899
YDL149W,0.4809081527347781,0.9928502159922419,0.22811432186737157,0.3866204027044302,0.10014086445329916
YDL150W,1.1234335839598997,1.3891905354086436,0.0045845080532938886,0.2980778063273912,0.04400420854814554
YDL153C,0.8433014354066984,1.1984039797480277,0.11602584730728716,0.3801968827018808,0.04432045638658223
YDL154W,0.7167919799498746,1.107538671948689,0.36367790714066983,0.517729651558331,0.13147497985859302
YDL155W,0.5285087719298245,0.9964145314461794,0.000790185953813517,0.3513319263194119,0.05026907350315548
YDL156W,0.7938596491228069,1.243943584985304,0.019865022622044353,0.2746558714302721,0.034308622892139456
YDL157C,0.4331983805668016,0.886197292682255,0.0010279289159550265,0.06523771229406282,0.022578041139822792
YDL159W,0.8013784461152882,1.088009395575185,0.11217066095542103,0.2894396468941514,0.053959329633965
YDL159W-A,0.6008771929824561,1.0362684647224123,0.002189392811207498,0.18718095951552394,0.040683065426982315
YDL160C,1.0216374269005848,1.2912290024778525,0.03326496655699439,0.3306634518752366,0.046660230429283155
YDL160C-A,1.0007974481658692,1.4924463476310366,0.02169361697050688,0.16929065078768568,0.04288372956110358
YDL161W,0.551487414187643,0.9598685960711835,0.2579111074905489,0.1766014269949011,0.0498322502276814
YDL164C,0.7934609250398724,1.1989463449028794,0.27054381384159304,0.36505807060106793,0.08017059711348937
YDL165W,0.9031713900134952,1.2328115778743496,0.009657567586649627,0.3332349151374844,0.05048332002601807
YDL166C,0.694235588972431,1.0658364465729677,0.03258512303654977,0.14189474176303976,0.02807857203048905
YDL167C,0.7027863777089782,1.0912939845597636,0.1195350207204992,0.2252694306108659,0.06915876121555502
YDL168W,0.8870847331093692,1.2984483076220572,0.007144699931503,0.12757549191119055,0.02172628425767864
YDL169C,0.49614035087719294,1.0694556306019285,0.0015826848438364217,0.0872846597338746,0.013925200034676451
YDL170W,0.9667919799498746,1.4397426929371175,0.013820922276894437,0.2227025917820124,0.030804822573957454
YDL171C,0.6706388613042038,1.0983306195424867,0.0074749668218596615,0.25342158525517167,0.021719932866833453
YDL173W,0.3701754385964912,0.7531873647373025,0.0005519811988564753,0.056676848423135334,0.03121996765470442
YDL174C,0.696078431372549,1.20781835338301,0.004448031294269025,0.16598332318364156,0.017511601919866525
YDL175C,0.8705186880244089,1.2402015138857245,0.039145382426474466,0.13034800472900496,0.034728024543269564
YDL176W,0.6812470365101944,0.9818746194680625,0.003191980964052213,0.19420666413004586,0.017755390246634858
YDL178W,0.5986842105263157,1.1049380146559586,0.0022037015542911978,0.14516039585276858,0.020702651844865055
YDL179W,0.6174217188540972,1.0418110322829017,0.002908309725613928,0.12049905144019732,0.01046957344094947
YDL180W,0.6868586560741476,1.233903527525674,0.004174965103923487,0.20222977403774745,0.02209147705055891
YDL181W,0.8123199790521078,1.1260892984473085,0.007000597462766585,0.10701705160541947,0.015387670247245556
YDL182W,0.825187969924812,1.2013112253611538,0.3322669236136118,0.26506823901915694,0.11106441768870896
YDL184C,0.9105263157894736,1.2476718336938235,0.011263785919450113,0.27331583383201496,0.03321902928958031
YDL185W,0.9244639376218323,1.1594698229557334,0.05284969520617461,0.34004059719102026,0.06041846399036926
YDL186W,0.6679907315458458,1.0805119085929034,0.004174965103923487,0.10296507593507566,0.01544812485109366
YDL188C,0.9152882205513784,1.2883100515133181,0.06804949451164947,0.32970518966757956,0.054219118757964035
YDL189W,0.6820175438596491,1.1049380146559586,0.016334136336899892,0.22912594376975437,0.03705377405896594
YDL190C,0.7456140350877193,1.1294361269743272,0.07952889113058242,0.2763971583629222,0.04778278940266859
YDL191W,0.7704042715484363,1.2334328889691353,0.0031410807005799405,0.1739855565823283,0.029645275633293958
YDL192W,0.9350877192982456,1.1685409803527331,0.36479621668713397,0.41849056535952334,0.10366781308817093
YDL193W,0.40148448043184887,0.9197483841181902,0.0006372173423669757,0.16836559688989297,0.04191216172981376
YDL194W,0.5388471177944862,0.9608315379091001,0.0017739438272341634,0.1268370164684312,0.026131025972678048
YDL195W,1.064327485380117,1.3609597217896812,0.048730414857805535,0.3701282032079735,0.10510619293635506
YDL197C,0.6850877192982456,1.2059881387272808,0.6006401850041083,0.5500592219076115,0.19333979109927335
YDL198C,0.5361403508771929,0.9116842638511171,0.1331171487302782,0.23418744271447114,0.039720401767247
YDL199C,0.4832535885167464,1.0804705729841846,0.47300538621935373,0.3906589174872003,0.13116803939579097
YDL200C,0.7763157894736841,1.11249662524955,0.3467006729472728,0.44574977441016483,0.08699991818705011
YDL201W,0.502361673414305,0.91567420255669,0.001030792185551319,0.11157784694651401,0.04321352553270918
YDL202W,0.35146198830409353,1.0297295590385276,0.0074165539979716266,0.052561589835123886,0.011381497631646318
YDL203C,0.6697994987468672,1.2027906688571508,0.6669511603403852,0.42617749106103286,0.1877583875360328
YDL204W,0.3587719298245614,0.9357993660791795,0.00039533409600053495,0.09396079450014243,0.030400150352545053
YDL205C,0.9960127591706539,1.4912473068636505,0.02169361697050688,0.1656515948969418,0.040998051674683386
YDL206W,0.7113237639553428,1.1881419945208056,0.007328533460105664,0.1045585586782948,0.012264352128497068
YDL207W,0.93343653250774,1.3155221698524917,0.010250244074990025,0.1710235380420858,0.021137842978645197
YDL208W,1.1716791979949874,1.389037762088147,0.28378990811213123,0.44479444178474087,0.12106238099143682
YDL209C,1.2552934059286147,1.472089777701892,0.044300632867380424,0.24265732165744536,0.032070681622901394
YDL210W,0.7416267942583731,1.2114694738938796,0.01917651059233926,0.11615781877745239,0.01460445536317772
YDL212W,0.9916267942583732,1.3299230457427673,0.03123246141133778,0.22678736646087502,0.026470893510565877
YDL213C,1.060391363022942,1.2936875771518348,0.34408455728950144,0.407587916138609,0.13255095270426523
YDL214C,0.9569377990430621,1.1814809028249509,0.19780880038449836,0.43408862991870795,0.07206517117694726
YDL215C,0.5047846889952152,1.0108226647700331,0.6284215452416394,0.2846047522372523,0.061144498343734546
YDL216C,0.7105263157894737,1.082976838648345,0.03352356732131211,0.4520553980022357,0.11043977287090817
YDL217C,0.6933710859427048,1.0742184396903092,0.04709981373340541,0.16167777039882666,0.023345961678503238
YDL218W,0.6321052631578947,1.0707965395292784,0.002954543602138518,0.08512138012759221,0.014646669426730315
YDL219W,0.6809210526315789,1.1220587411019562,0.003278299359982587,0.24809087002030358,0.03457436123293485
YDL220C,0.713032581453634,1.1859164941495282,0.09756958962109642,0.3188982766396516,0.05712310137109328
YDL222C,1.3157894736842104,1.4902413885829704,0.0675331574003895,0.3084886501009158,0.04452059485865549
YDL223C,0.6012759170653907,1.1276987602689883,0.22231017293194763,0.3662892153717014,0.06202524176211727
YDL224C,0.6724021592442645,1.1318228773093777,0.002683208612290652,0.16999065235268815,0.02355730273074986
YDL225W,0.8635964912280701,1.2054019729458325,0.005029078557983909,0.3495802300539285,0.03501741617494753
YDL226C,0.6368421052631579,1.126115829697701,0.013343593948564339,0.17297661412512302,0.01780499409360165
YDL227C,0.8746130030959752,1.2545902702109148,0.008115609338971206,0.12951207962409414,0.017035481491207052
YDL229W,1.4780701754385963,1.5847374512670567,0.9349150722858701,0.7616640640568278,0.2898034746076578
YDL230W,0.6704260651629073,1.112393483709273,0.1448992056223157,0.3895397751234133,0.09614621784474289
YDL232W,0.7587719298245614,1.143591573871387,0.09803944437168977,0.4482919952008945,0.0919747426490838
YDL233W,0.8123199790521078,1.2185881479641056,0.006006364400930363,0.15369735657700367,0.014019734125072805
YDL234C,0.5380116959064327,1.0169894940840472,0.0017178226222788356,0.14688150151328064,0.028512359791967243
YDL235C,0.664274322169059,0.9954510325455858,0.11564759633195952,0.3489081938829245,0.06018613057093022
YDL236W,0.3212719298245614,0.874049794895646,0.00033239714457159526,0.10295987797369463,0.03665537664495131
YDL237W,0.4985380116959064,0.917162130648041,0.0015325552610462089,0.08202017384836027,0.03395298581870354
YDL238C,0.37203302373581015,0.7780352195467728,0.11792639587215076,0.03982004933501784,0.0625856182677234
YDL239C,0.946648337261063,1.2785830311297204,0.036445716199870706,0.19847116968357434,0.029049534136536777
YDL240W,0.7385964912280701,1.071035047881233,0.011631642660548013,0.09864840794436978,0.01997305193390077
YDL241W,0.6542200094831674,0.9928892560346714,0.003191980964052213,0.08897591056650445,0.016310489853164755
YDL243C,0.7211779448621554,1.1819581467513387,0.0050189420390180485,0.16608434779296238,0.016834626992593006
YDL244W,0.7393025246041934,1.2175075895036338,0.005163661045510453,0.20622276356260338,0.017029479476739887
YDL245C,0.3236842105263158,0.9863368428462529,0.10028718017508939,0.18630914362006473,0.05015634470318969
YDL246C,0.6462931522354272,1.036085721583303,0.0033690193784905813,0.11493986707182251,0.019534735926468275
YDL247W,0.7393025246041934,1.2175075895036338,0.005163661045510453,0.20622276356260338,0.017029479476739887
YDL248W,0.4800194931773879,0.8813104822963926,0.0015518161305177578,0.06000705915072778,0.021475015747811105
YDR001C,0.3212719298245614,0.8578772881571015,0.00033239714457159526,0.06511174681209822,0.03658803727816086
YDR002W,0.36201079622132254,0.987238138727281,0.0007309038447356202,0.26687873815312324,0.04280622081923183
YDR003W,0.5964912280701754,1.0892969784458602,0.002404925673525176,0.18946115564407934,0.01654265349567521
YDR003W-A,0.9960127591706539,1.4912473068636505,0.02169361697050688,0.1656515948969418,0.040998051674683386
YDR004W,0.5037593984962405,0.8957268170426065,0.0014576934283114158,0.08618596177564708,0.029769355621068434
YDR005C,0.7662907268170425,1.2345655929328037,0.014401615419420859,0.1400497504069636,0.02429424951413807
YDR006C,0.7349624060150375,1.2469392374111068,0.0037377749589472477,0.281277202025759,0.06856240618770876
YDR007W,0.7296650717703348,1.0704607173366802,0.01542249640754366,0.1609725850404547,0.0208576943031158
YDR009W,0.4461722488038278,0.9392432152767978,0.0008472929190838199,0.3101634535216506,0.050599860366822694
YDR011W,1.0,1.3503550543024225,0.008287326974175642,0.22900553896591178,0.02566077713490482
YDR012W,0.6254385964912281,1.0497321735711829,0.005549219552512855,0.2246019847568523,0.048713757271866394
YDR013W,0.8847409220726234,1.2533479532163743,0.04460234746203908,0.2891833065276031,0.034124985438096396
YDR014W,0.5359649122807018,0.9922185605486076,0.003306672752221598,0.16423032929416442,0.02453652207511261
YDR014W-A,0.8121147463252727,1.1845792288207149,0.006382669200459861,0.11253710117636258,0.016679278276353578
YDR016C,0.9046052631578947,1.2164142068860762,0.009116422421454034,0.37384863518175676,0.047748151952046625
YDR017C,0.7558084400189663,1.1891769466957436,0.004159966694076405,0.2062617626438248,0.020113976802324282
YDR018C,0.5279106858054226,0.9188942559888091,0.0016504823348455122,0.13664954455914302,0.024481194173269036
YDR019C,0.5707017543859649,1.0410106903241914,0.002497803985190571,0.15789178971782072,0.023295017805437617
YDR020C,0.5504385964912281,0.8810414100129624,0.0018936556982402071,0.07568558537459753,0.02787779119941046
YDR021W,0.6585213032581453,1.0354841430499326,0.0030436768284368997,0.12088141694470243,0.01937441959076086
YDR022C,0.6340852130325814,1.0894029664805287,0.0017739438272341634,0.38732309594833997,0.050014225584737795
YDR023W,1.138157894736842,1.4625040816932349,0.9787192870714007,0.7407127339354808,0.40390891477652413
YDR025W,0.9649122807017543,1.2745009517929722,0.011377314437454676,0.2859490465369115,0.04720175996356142
YDR026C,0.6948621553884711,1.189022326830006,0.0030095277201436206,0.11163247804102519,0.01819747447781437
YDR027C,0.6629997123957434,1.0611765512201075,0.056176964344311,0.08812813143268804,0.026905883804387208
YDR028C,0.7875667429443173,1.1575444011262725,0.18956032625670427,0.36274056210977895,0.057646927472006525
YDR030C,0.7854864433811802,1.1875560165586703,0.0035352510817799115,0.1909042488094874,0.028403997548575022
YDR031W,0.9960127591706539,1.4912473068636505,0.02169361697050688,0.1656515948969418,0.040998051674683386
YDR032C,1.1578947368421053,1.4091718394434454,0.03576642008343636,0.2625754740101064,0.035546555971774405
YDR033W,0.5895252837977296,1.1381513092039408,0.0024572664563810766,0.18968787859100433,0.026345130544322075
YDR034C,0.2956656346749226,0.7673919172932331,0.00027327626863055143,0.05580936984665977,0.03552774775013867
YDR034C-A,0.9960127591706539,1.4912473068636505,0.02169361697050688,0.1656515948969418,0.040998051674683386
YDR034C-C,0.715195246179966,1.1779410940431325,0.02882311594957432,0.2631603621735711,0.0324754006057626
YDR034C-D,0.6517709367759019,1.127451498663366,0.028166883758333927,0.20219957528197485,0.017558528088948422
YDR034W-B,0.5495716034271726,1.0049041130274605,0.002383498344407169,0.08813592169460452,0.011808155610750229
YDR035W,0.7838915470494418,1.1866052540394645,0.03780493939434449,0.2731794760760852,0.0413043475712589
YDR036C,0.8953634085213031,1.2863928998788103,0.0012252405864614476,0.20663194968096935,0.02637259393524491
YDR037W,0.5380116959064327,1.0319894940840473,0.0017178226222788356,0.16461855315960433,0.028410737282480388
YDR038C,0.39792663476874,0.894108644005848,0.0004548337845667982,0.09068100923665817,0.05321274218756537
YDR039C,0.7543859649122806,1.2105828663574774,0.005261108685315939,0.11635882867309201,0.012700464495208855
YDR040C,0.5895252837977296,1.1381513092039408,0.0024572664563810766,0.18968787859100433,0.026345130544322075
YDR041W,1.1096491228070176,1.390239053724964,0.01497844891493232,0.2582841001363742,0.03600091715253778
YDR042C,0.696078431372549,1.20781835338301,0.004448031294269025,0.16598332318364156,0.017511601919866525
YDR043C,0.4013157894736842,0.9990689639700273,0.0004229661745233375,0.3229859689179538,0.06772944561890851
YDR044W,0.7353801169590642,1.0456361601332709,0.3368071772564182,0.40068450632594116,0.0848681553473517
YDR045C,1.0162907268170425,1.3284859283625732,0.0029104377517726065,0.25209710217052633,0.03738107989993707
YDR046C,0.7340510366826155,1.2340758080712806,0.0073679754284871266,0.12432481773401975,0.013321241851123274
YDR047W,0.5964912280701754,1.0892969784458602,0.002404925673525176,0.18946115564407934,0.01654265349567521
YDR049W,0.5637651821862348,1.03033348677817,0.0019157593060769669,0.13155650028029275,0.03692308645458935
YDR050C,0.7563795853269537,1.1071113887229254,0.007507712963853282,0.2666765095487066,0.039723688740037205
YDR051C,0.37280701754385964,0.837804679773573,0.0003857448212802256,0.18255047390143977,0.04355079473110696
YDR052C,0.9312525499796002,1.2842121507472384,0.07022247344336938,0.30120554930815346,0.04050239041946596
YDR054C,0.7579161317928969,1.172265994875486,0.006885706066105167,0.2467097922541207,0.030312064387776647
YDR055W,0.7807017543859648,1.2484928163127886,0.00628080836095343,0.10899546128695309,0.013595082348767745
YDR056C,0.24937343358395989,0.8416035514181639,0.00023398097855695647,0.1967203692823467,0.026369268982747527
YDR057W,0.6741854636591478,1.1294361269743272,0.08570730266613681,0.18974540734998796,0.03951873095635762
YDR058C,0.4508771929824561,0.8984074491040435,0.0008038031522174791,0.1789960015199062,0.059433464475187686
YDR059C,0.6724021592442645,1.1472852620848757,0.0037088496379316777,0.14566033705892273,0.02477432405840297
YDR060W,1.3551698394923477,1.5203490082007962,0.01371569025248616,0.2586959472068759,0.038729954751861445
YDR061W,0.769736842105263,1.2375676399463018,0.005567246198913567,0.23937921123976813,0.025633281370955573
YDR062W,0.9742769084874348,1.3504055593529278,0.01403785318180932,0.21359758199612128,0.03133765132254086
YDR063W,0.8105737316263633,1.169078290295026,0.004469556819711474,0.255999739405868,0.026895375379843708
YDR064W,1.1535087719298245,1.373190629635313,0.05055158013039821,0.4220421217915839,0.10241427890918045
YDR065W,0.18601651186790508,0.8104635503899574,5.464184154066341e-05,0.020323342349865155,0.029675990554166
YDR067C,0.769736842105263,1.109061775591381,0.005567246198913567,0.12618598647619111,0.028538351379261254
YDR068W,0.706140350877193,1.1288674139612933,0.059851870197834015,0.2557375836125655,0.03242118881183717
YDR069C,0.4807017543859649,1.0511965387586044,0.12227358689477363,0.16689312363884762,0.05254314644002413
YDR070C,0.46453089244851253,0.8278783640809515,0.0010176837705473624,0.060252596850477555,0.02774222495675123
YDR071C,0.4605263157894737,0.9595733987374854,0.3689927763398762,0.10312736520608923,0.06859867982662396
YDR072C,0.43421052631578944,1.0035708676127844,0.0010500524423145,0.13302785016639046,0.022450282384695052
YDR073W,0.8087719298245615,1.1337683085517565,0.003607251901188306,0.31953363635467347,0.05091149068932873
YDR074W,0.5021929824561403,0.9373746763978457,0.12385278370867032,0.1378802496983073,0.057082380673490266
YDR075W,0.8596491228070176,1.1266598382183002,0.07265962491575166,0.4719883753818095,0.07930657724662596
YDR076W,0.5513784461152882,0.9738518170426065,0.09669578866640666,0.14973260342440323,0.04979042725172924
YDR077W,0.6798245614035087,0.9657181273463856,0.2180707938141524,0.20248253040234476,0.07802684939501384
YDR078C,0.37203302373581015,0.8068292574871523,0.00027933704862135304,0.4014476441848015,0.04797750922087033
YDR079C-A,0.6454116059379218,1.1646985211847518,0.005872879835473316,0.23865703512146796,0.055593557705844364
YDR079W,0.9960127591706539,1.4912473068636505,0.02169361697050688,0.1656515948969418,0.040998051674683386
YDR080W,0.7613603681334483,1.1354728341504574,0.013635840223043918,0.3305994042471413,0.028904292764693144
YDR081C,0.3698830409356725,0.9471630024428158,0.00029074724457485754,0.18224339297330172,0.06295116975382802
YDR082W,0.7663339382940109,1.1379114343877947,0.07351699369408324,0.12399207976993157,0.029573813529162725
YDR083W,0.7400839054157132,1.2285853522695627,0.0038213630115459655,0.13255044706689859,0.02038310312987354
YDR084C,0.6535087719298246,1.0679147714966428,0.04323100428020811,0.1577690778699892,0.022208697342884796
YDR085C,0.7885964912280701,1.2054019729458325,0.027411157299987894,0.20204030274440185,0.026169397178075482
YDR086C,0.4587719298245614,1.0166074468872601,0.012425409283970457,0.25118670613520416,0.041440214553103344
YDR087C,1.4402762224710712,1.5648882169191094,0.020442372544293978,0.2730439673909051,0.04217969294735359
YDR088C,0.8989715668481548,1.3258173262953472,0.0071578131431916285,0.14004817878105746,0.015688427430507752
YDR089W,0.9667919799498746,1.4397426929371175,0.013820922276894437,0.2227025917820124,0.030804822573957454
YDR090C,0.9667919799498746,1.4397426929371175,0.013820922276894437,0.2227025917820124,0.030804822573957454
YDR091C,1.0899122807017543,1.3290464063384269,0.17054285702691033,0.3216852103616014,0.06732137333546129
YDR092W,0.616140350877193,0.900828857858933,0.22478381539694486,0.25523446666598626,0.07578571321203599
YDR093W,0.41040100250626566,0.9165381880817602,0.003913746199566481,0.20297379394017634,0.04891067181271845
YDR096W,0.9156545209176788,1.2050514440746134,0.31484876412902096,0.5650490458313472,0.14969374951546352
YDR097C,1.093859649122807,1.3267022056749591,0.1778714351112154,0.4364536796269386,0.07979972885060145
YDR098C,0.5287948131197558,0.9671389609151071,0.34182776690684985,0.298958898779157,0.07194136820014842
YDR098C-A,0.8934468524251805,1.3651087836322322,0.009094843129718347,0.23054616000721745,0.02715640507017179
YDR099W,1.0484363081617087,1.1669321562283133,0.2695998519484039,0.5665137290308739,0.11756963030378725
YDR100W,0.828641370869033,1.1709127117815186,0.09416022782877784,0.35062423875755555,0.052175069289875156
YDR101C,1.292143401983219,1.4773722829085292,0.15275601890247464,0.35741732515463437,0.08054785661554957
YDR103W,0.7901002506265664,1.1666796046162604,0.5183080163462497,0.42684551030635254,0.1265141065452649
YDR104C,0.6585213032581453,1.0425548501206396,0.0030436768284368997,0.12966654964468724,0.018130236924156964
YDR105C,0.5728274173806609,1.0748079863664484,0.002383498344407169,0.1490710184318098,0.014684210038191033
YDR106W,0.4508771929824561,0.9771257634377204,0.34302195974339095,0.43287861177813514,0.09143433026327281
YDR107C,0.26425438596491224,0.8558191109942819,0.0002457745938866645,0.12596101826403017,0.03671954447279678
YDR108W,0.8785425101214575,1.2958374150265681,0.003523706805427598,0.29539230236269254,0.07095676359229228
YDR109C,0.662280701754386,1.1463214194907558,0.003388991143261222,0.2960005575441317,0.04671413341232858
YDR110W,0.8697822141560798,1.1989523834884452,0.010996468242523304,0.2678059591058107,0.036627036050489
YDR111C,0.5012531328320802,0.9848437808003153,0.0010582740490148294,0.1445832069132394,0.03661362572939047
YDR113C,1.056140350877193,1.340171261487051,0.06977051553166712,0.3709788169718275,0.0738649409989638
YDR115W,0.6282894736842105,1.0219287229061664,0.0026925643969388092,0.14574686962786623,0.027464681560516797
YDR116C,0.9070175438596491,1.3028388027360067,0.010701652288705427,0.25817018426728455,0.03724100723619714
YDR117C,0.6605263157894736,1.0755394149772848,0.003553052344556834,0.10109818683342078,0.0159353375798016
YDR118W,1.056140350877193,1.3600125313283207,0.11267527743642906,0.37445408578345635,0.07628578364280765
YDR119W,0.642594859241126,1.1110032725617347,0.1763037641251381,0.1527025792263656,0.03579193987827646
YDR119W-A,0.9960127591706539,1.4912473068636505,0.02169361697050688,0.1656515948969418,0.040998051674683386
YDR120C,0.8293460925039872,1.2218616642958748,0.20230710389650894,0.2965555119819362,0.05831194748057509
YDR121W,0.7918660287081339,1.2575899977215768,0.01279049583451126,0.12294520960403571,0.022449986787570136
YDR122W,0.8720996038483304,1.1756415439122345,0.15999984375125043,0.4486457389587726,0.07093242462535802
YDR123C,0.4780701754385964,1.1043754948729525,0.31419132299924046,0.4242469859021219,0.06934947009010393
YDR124W,0.6334586466165413,1.146263150110506,0.0012716981938946648,0.12182282053721721,0.015523081257213807
YDR125C,0.9960127591706539,1.4912473068636505,0.02169361697050688,0.1656515948969418,0.040998051674683386
YDR126W,0.9605263157894737,1.4536050040713597,0.01449419432718284,0.17953811169040634,0.020472697415429703
YDR127W,1.1094120436225698,1.3999591307814991,0.03177171499391742,0.30107430253588235,0.043749971506681855
YDR128W,0.694235588972431,1.112393483709273,0.2728862648568829,0.39690211751179844,0.10557323543874095
YDR129C,0.6483488132094943,1.1509140719667035,0.0024572664563810766,0.2471700787284146,0.04045398587788681
YDR130C,0.7977296181630547,1.1487483223085035,0.5305068294709154,0.2253217730094998,0.16225269917778784
YDR131C,0.7335258878904578,1.1819552303711731,0.005743799192490975,0.24716467150050175,0.025384607297009972
YDR132C,0.7157097288676235,1.0778140452482559,0.004443958830498747,0.10218398946774565,0.013857052820803623
YDR134C,0.715195246179966,1.1847453082661352,0.06508502727600177,0.21334002239693056,0.03445102726161929
YDR135C,0.5575438596491228,1.0059654344193818,0.0021851732359338804,0.08469303085945257,0.020492178487730994
YDR137W,0.6008771929824561,1.0362684647224123,0.002189392811207498,0.1802527264409813,0.040506229997551504
YDR138W,1.2894736842105263,1.4776913268712115,0.1047483192666746,0.4026089633599682,0.08365994692612126
YDR139C,0.7823063756953359,1.186961335377278,0.09847819893908584,0.2280822864525474,0.037757316294488086
YDR140W,0.4766081871345029,0.9040514797093744,0.3890968758252477,0.11925292376451743,0.1093352115413084
YDR141C,0.7894736842105263,1.2559018884206854,0.005249774253371158,0.13412485831844315,0.014490778642002752
YDR142C,0.7188445251058682,1.1675117809976912,0.05594365190856501,0.20953152475324127,0.04157693317706615
YDR143C,0.6868586560741476,1.2203946065401174,0.004174965103923487,0.1984956038391492,0.0223552187786865
YDR145W,1.3706140350877192,1.5122080018735087,0.08759903767233451,0.33358502767352644,0.05022403752510845
YDR146C,0.8289473684210527,1.2402345358701918,0.005896642921230183,0.13273154986877994,0.016648673516616315
YDR147W,0.4331983805668016,0.8393785651912586,0.0010279289159550265,0.060097101102731226,0.02483475595913041
YDR148C,0.8977732793522266,1.1706361601332709,0.06632305595045494,0.31927392771186996,0.08747800538746783
YDR150W,0.8272453521864361,1.206501266740264,0.01031684935989017,0.143806195595173,0.016270852185366058
YDR151C,0.40669856459330145,0.9353845182327546,0.000814412968942537,0.13512736965580444,0.05355700617750799
YDR152W,0.7412280701754386,1.0559153595307063,0.11069088391583776,0.2157784567729929,0.07018962438431528
YDR153C,0.6775438596491228,1.0963609146453706,0.01357406212482277,0.2546748966126372,0.03664476546170315
YDR155C,0.861485108119135,1.2364940206321047,0.07106382049165573,0.23881448474256484,0.03773469054695108
YDR156W,0.837719298245614,1.2345655929328037,0.0025599651790778116,0.17217375420331787,0.026725133026783043
YDR158W,0.39792663476874,1.0116300115272154,0.0004548337845667982,0.2865449805443266,0.05034010789518628
YDR159W,1.1883384932920538,1.4099666142969363,0.0341866287806198,0.3091118160293327,0.04054527773511193
YDR160W,0.7449874686716791,1.2082218257508177,0.0050189420390180485,0.18897524929788323,0.023262192108293906
YDR161W,0.8018341307814992,1.1147983209381596,0.013448068904209218,0.30626456179150885,0.04708098912476447
YDR162C,0.6374269005847952,1.0099931715516335,0.017104069360196112,0.12175356753054173,0.03946821308609956
YDR163W,0.8415003024803387,1.2474306398420931,0.0069253847294438375,0.11519293026431408,0.013101994210087503
YDR164C,0.6654704944178629,1.099703981315518,0.0026977081538484713,0.14835390311069718,0.027123061530480247
YDR165W,0.5792847503373819,1.0154184480809867,0.15487694603170518,0.22239506757455596,0.07242386797589097
YDR166C,0.675438596491228,1.042251965175768,0.01608402130726224,0.3446281452580679,0.060923157151411875
YDR167W,1.3706140350877192,1.5122080018735087,0.03647175656254063,0.346345966706991,0.04718359145910105
YDR168W,0.7885964912280701,1.153114391246486,0.009273584052489403,0.22583135286690154,0.02491143935160896
YDR169C,0.8588863463005338,1.3129654171399723,0.03249019743889276,0.26783546777797357,0.04212443274942407
YDR170C,1.028330962541489,1.3740729367516484,0.034533238772598056,0.24179474627012817,0.036849552327614936
YDR170W-A,0.5026315789473684,0.98464280297285,0.0015825348211871153,0.1317677573677665,0.016213323127945017
YDR171W,0.7893551446183025,1.1288761187184373,0.3082970860691573,0.16970700897668184,0.050374289924482715
YDR172W,0.6210526315789473,1.0260340096050182,0.19651637029430263,0.18212169467278655,0.092811375209196
YDR173C,0.38596491228070173,0.9128317588843904,0.0004847253447286076,0.31343345789939714,0.04289811990579145
YDR174W,0.6798245614035087,1.0536148835375263,0.14757592920164073,0.4061518719510271,0.06326570858432355
YDR175C,1.2048872180451127,1.4479313614172717,0.0462199767478857,0.26658232446674995,0.04175417599204372
YDR176W,1.224780701754386,1.411174706810363,0.030737122770078056,0.2900714588107495,0.03961508184975106
YDR177W,0.6010025062656641,1.1116910439439323,0.0023427792725995568,0.12950838028030162,0.01555526297979373
YDR178W,0.6300799467021985,0.978102272328408,0.02822476542181646,0.08732129741093665,0.016620260273421825
YDR179C,0.7105263157894737,1.082976838648345,0.03352356732131211,0.4520553980022357,0.11043977287090817
YDR179W-A,0.5724310776942355,1.0246676008939677,0.0023427792725995568,0.09032855267696106,0.0122851122808574
YDR180W,0.6026315789473684,1.092485940227752,0.0028085884610338585,0.32340419531306824,0.03898969024666579
YDR181C,0.5861937452326468,0.998757702949129,0.1176126503693752,0.4423635959201745,0.061380504604276104
YDR182W,0.9667919799498746,1.4397426929371175,0.013820922276894437,0.2227025917820124,0.030804822573957454
YDR183W,0.7400318979266348,1.216837294287153,0.0029941255406543705,0.15512664431619147,0.023743576774715527
YDR184C,0.662280701754386,1.1463214194907558,0.003388991143261222,0.2960005575441317,0.04671413341232858
YDR185C,1.0007974481658692,1.4924463476310366,0.02169361697050688,0.1692906507876857,0.04288372956110358
YDR186C,0.35526315789473684,0.8159400417802446,0.0005717237082972983,0.045493942866956634,0.031090082630029145
YDR188W,1.2854864433811803,1.471909758055269,0.09784945059078463,0.457693969038887,0.09280955830222001
YDR189W,0.6535087719298246,1.052573986925089,0.008467443527359423,0.11975908276821687,0.02104267424194597
YDR190C,1.5025062656641603,1.6207000476100646,0.2080098754417862,0.42968886516427923,0.08803795652774599
YDR191W,0.7069377990430621,1.0704607173366802,0.0039644776820830716,0.1330721012597268,0.014655585342657554
YDR192C,1.0706914344685243,1.40373950806983,0.033837502559541974,0.24298808982790915,0.032256609697108106
YDR194C,0.7526990553306343,1.1946399581042157,0.049487487692431845,0.2437467282028476,0.060894984076084145
YDR195W,1.2721052631578948,1.4437718165966271,0.020924842120824138,0.33084576049284053,0.05674253729659823
YDR196C,0.7211779448621554,1.1819581467513387,0.0050189420390180485,0.16608434779296238,0.016834626992593006
YDR197W,0.7393025246041934,1.2175075895036338,0.005163661045510453,0.20622276356260338,0.017029479476739887
YDR198C,0.43107769423558895,0.9331200672975262,0.0010405445033071356,0.10801343791910462,0.037979389192036216
YDR200C,0.8565531475748194,1.165885419082697,0.4079578098630723,0.5613148127994537,0.1400608063611564
YDR201W,0.8733552631578947,1.1722458148915973,0.0657546654508261,0.33148910719796065,0.046650317574951375
YDR202C,0.6652046783625731,1.0432241283518298,0.002026649938684899,0.2066267605828065,0.03130611476829987
YDR204W,0.38784461152882205,0.8053048771639604,0.02068743377300099,0.10219676711452894,0.038784592672632505
YDR205W,0.7057265806024495,1.233903527525674,0.04191081416052726,0.20130299288954334,0.03073192792274404
YDR206W,0.694235588972431,1.0043730319388215,0.0030436768284368997,0.1674683574125458,0.026352524070468335
YDR207C,0.8390092879256965,1.2404522943996628,0.12232308840292669,0.2901803542177937,0.07252576341425751
YDR208W,0.4508771929824561,0.9746601724155903,0.0008038031522174791,0.3100152993888943,0.05579090715311473
YDR210C-C,0.8934468524251805,1.3651087836322322,0.009094843129718347,0.23054616000721745,0.02715640507017179
YDR210C-D,0.44478844169246645,0.9716649889751703,0.0010950647650330209,0.09229858656743187,0.03044111022595531
YDR210W-B,0.6517709367759019,1.127451498663366,0.028166883758333927,0.20219957528197485,0.017558528088948422
YDR211W,0.8520733652312599,1.1949008799821494,0.005236770669822214,0.3569160779343414,0.03308746389759426
YDR212W,1.0127591706539074,1.3331710193165303,0.03506998618794358,0.30685704859933227,0.05881487501128758
YDR213W,0.45864661654135336,0.9416345182327546,0.0004490856873440174,0.20397969715701056,0.08162381719942291
YDR214W,0.9742769084874348,1.3286834458499923,0.011145376046500042,0.22671918803411267,0.03098545990678367
YDR216W,0.9539473684210527,1.3119191236838121,0.006523923193357444,0.19849344574204691,0.023422911242224717
YDR217C,0.43421052631578944,0.912690765571968,0.0010500524423145,0.0735858942097134,0.025156861545220423
YDR218C,0.7385964912280701,1.141909909453769,0.004687198216103567,0.15116882995264405,0.017726832536822744
YDR219C,0.6809210526315789,1.0239455335547862,0.003278299359982587,0.16137400550563077,0.03223247956588064
YDR221W,0.6339406207827261,1.091144911207683,0.002683208612290652,0.11257089840779184,0.020422677129249178
YDR223W,0.5504385964912281,0.8994212602512197,0.0018936556982402071,0.09068507040793375,0.026865840933971867
YDR224C,0.9732304900181488,1.2415263986584968,0.053368819481869625,0.3140666729444977,0.054039025139785396
YDR225W,0.6929824561403508,1.0099931715516335,0.001853524697886747,0.297499420405561,0.04501843490227201
YDR226W,0.5,0.9728952009653764,0.0005008403983868461,0.2327285237593268,0.09391434471911625
YDR227W,0.607962213225371,1.0203923531655223,0.0007462000264568456,0.37043134096412605,0.06744274237521934
YDR228C,1.0321052631578946,1.318233796510544,0.02958757365452341,0.22530382648043776,0.042396296096948644
YDR229W,0.5207336523125997,1.049938120422957,0.00113544443322368,0.16569559396205494,0.024483872809425964
YDR231C,0.594298245614035,0.9928352304425776,0.002767201956400933,0.12376251339026803,0.023580032587106795
YDR232W,0.6329030122476,0.9915540627659298,0.0029673191719768875,0.13329875541697436,0.013036617431914132
YDR233C,0.4087719298245614,0.9425333728131862,0.10039533409600053,0.09508397678223171,0.04647725490959907
YDR234W,0.9078947368421053,1.2711325527440893,0.03740113506091637,0.36119137749217717,0.07422485765572527
YDR235W,1.0024198427102238,1.34881798723388,0.007208196431795816,0.17781744359682955,0.0194378330006617
YDR236C,0.8087044534412956,1.1785750220180273,0.008080733446478666,0.09863744765547411,0.016492933234346464
YDR237W,0.9070175438596491,1.3028388027360067,0.010701652288705427,0.25817018426728455,0.03724100723619714
YDR238C,1.1917862838915472,1.3796142564613425,0.19158086395819315,0.4316593921823534,0.0974261223653248
YDR239C,0.5012531328320802,1.0237326696892042,0.0010582740490148294,0.18725525345063312,0.0359377605271479
YDR240C,1.0254083484573502,1.3643260086242543,0.009278672007214748,0.18510443911594615,0.02054833402029021
YDR242W,0.9960127591706539,1.4912473068636505,0.02169361697050688,0.1656515948969418,0.040998051674683386
YDR243C,0.3521303258145363,0.7699746160272476,0.0718338182527188,0.062017733305114134,0.033746582053188534
YDR244W,1.0636721113127647,1.365239053724964,0.1687413222185506,0.391192438434715,0.0785348213834394
YDR245W,0.7587719298245614,1.150306886214861,0.030311124314417615,0.35626622264349406,0.07208334748969178
YDR246W,0.9554655870445343,1.3383210751572872,0.003523706805427598,0.32657497272244085,0.07832271301150577
YDR247W,1.1801270417422867,1.3702832292595897,0.4199277993956742,0.39191376262192956,0.10790892228067829
YDR248C,0.6528822055137844,1.0028749859302322,0.002789612191009502,0.15595262352490635,0.027392780670008214
YDR249C,0.6679907315458458,1.216053902199413,0.004174965103923487,0.18200078057020933,0.015392045215490324
YDR251W,0.6238596491228069,1.0369744517075872,0.002285058861448065,0.2936615883707436,0.03265918436373849
YDR252W,0.8262483130904184,1.181710948943532,0.025255200722744304,0.26009963950368353,0.042099906357663607
YDR253C,0.3669590643274854,0.9234231139205715,0.0004658328031620133,0.15053853529680444,0.02969345831682716
YDR254W,1.0063498297983764,1.2818825485137448,0.08272126087438185,0.2657034770344534,0.03635726747309822
YDR255C,0.7623281175912755,0.9909879199606735,0.003191980964052213,0.3724786976218659,0.03062058576417907
YDR256C,0.7611642743221689,1.207972775406986,0.00852127686130515,0.18665706055419398,0.02153116516466775
YDR257C,0.644736842105263,1.1127330180985044,0.0028117772935132477,0.2538739518181512,0.029763136807644676
YDR258C,0.894736842105263,1.2847374512670564,0.1154706278414257,0.3220300115060547,0.06953062788420761
YDR259C,0.6754385964912281,1.1130964739264333,0.4656617716402692,0.32707682715307873,0.07263711317796658
YDR260C,0.736140350877193,1.1665601503759397,0.0034874467485983265,0.24374023354237234,0.03794767154390955
YDR261C,0.7095141700404858,1.107009519657698,0.005727556715659696,0.17771077638114222,0.017350179133225327
YDR261C-C,0.8934468524251805,1.3651087836322322,0.009094843129718347,0.23054616000721745,0.02715640507017179
YDR261W-A,0.6706388613042038,1.0469196847982185,0.008530937943142828,0.13671199711112753,0.022872628563996016
YDR261W-B,0.6895067858325057,1.172750643962511,0.07060761912359757,0.23334829349450154,0.02707669393408969
YDR263C,0.48684210526315785,0.900520962029487,0.001411246041515561,0.1403104044372444,0.029637825932195456
YDR264C,0.7588739290085679,1.1598059056340306,0.1360684057834674,0.23315348442808015,0.046037765319138654
YDR265W,0.8912583182093163,1.2444057203916308,0.03305989226372162,0.3355234232035337,0.055613819708027326
YDR266C,0.715195246179966,1.1526142966575117,0.07183587738169057,0.22789668498344962,0.03641216958814855
YDR267C,0.9309210526315789,1.1544911735343886,0.21716718824887146,0.4226518769682357,0.11765156092715454
YDR270W,0.48684210526315785,0.9430836860438239,0.001411246041515561,0.22969694226373738,0.030055889144400248
YDR272W,0.5895252837977296,1.0120251830778146,0.0024572664563810766,0.09600230648287379,0.03184913447271515
YDR273W,0.3669590643274854,0.9058792542714488,0.0004658328031620133,0.1530855136616753,0.030389176243561692
YDR275W,0.7807017543859648,1.2144774710442465,0.00628080836095343,0.10625877979150364,0.013700350875236274
YDR276C,0.8022328548644337,1.2427093533189064,0.00967943195366149,0.14521774840432572,0.016780976707352485
YDR277C,0.37969924812030076,0.9334320175438595,0.2640322279958217,0.33854210920405026,0.0707323741842805
YDR279W,0.44183829138062547,0.867198214322178,0.16659720037193557,0.1914019958131739,0.04722164506718812
YDR280W,1.4357360793287568,1.5693260930103037,0.1068096990890193,0.361614019165908,0.07152528131348093
YDR283C,0.6322537112010796,1.0947483841181902,0.35961157631672597,0.4423176120466374,0.13683752951034694
YDR284C,0.5794573643410852,1.1476109687246274,0.11933123918079104,0.23358464808649332,0.0395241926447885
YDR285W,0.7973946059177794,1.1929087054553948,0.006006364400930363,0.13436648328607875,0.012604758066670616
YDR286C,0.9960127591706539,1.4912473068636505,0.02169361697050688,0.1656515948969418,0.040998051674683386
YDR287W,0.36201079622132254,0.8905119482510905,0.0007309038447356202,0.12258939973826613,0.04599034650469741
YDR288W,0.75,1.1029952527514553,0.30514361969377646,0.3464220984175096,0.10869706482135354
YDR289C,0.7443406904357668,1.2255644812853053,0.003936979177168384,0.1346993892186812,0.017123217268704385
YDR291W,0.5964912280701754,0.9543011578830292,0.002404925673525176,0.08770762438028072,0.01637501963606729
YDR292C,0.7558084400189663,1.18445273831985,0.01354435107846079,0.151046075161556,0.022880790561720148
YDR293C,0.9380804953560371,1.2628667347700242,0.3523781579754011,0.5503244161292998,0.1283756898659716
YDR294C,0.8228070175438595,1.279928587494377,0.003917586648427326,0.39515567678745467,0.11122797779496535
YDR295C,0.8421707253207645,1.2185881479641056,0.009571681369651435,0.16295384823003964,0.017660834792721
YDR296W,0.9736842105263158,1.3143595400631956,0.09168829127775308,0.25410999666416545,0.04476532066689255
YDR297W,0.8931419457735247,1.2975428943550467,0.01102954988862293,0.21601491086893107,0.020644041048831455
YDR298C,0.5201754385964912,1.1195031542109866,0.006636243004418359,0.2559501203730332,0.04425652684215138
YDR299W,1.1356275303643724,1.4026113031971656,0.01121431200225027,0.18882291576640653,0.027263503886725014
YDR300C,0.48684210526315785,0.9586659714456827,0.001411246041515561,0.19805230807971935,0.029808956090529578
YDR301W,1.2721052631578948,1.466053456525326,0.03869258841276398,0.32761643442825183,0.0574011713211572
YDR303C,1.3070175438596492,1.467113807245386,0.04674116585347069,0.3270172520009975,0.05183481107479063
YDR304C,0.8433583959899749,1.1114301681478596,0.22421818361958096,0.3484615209451697,0.10149581633765038
YDR306C,0.7579161317928969,1.1920799371250934,0.03473704172231888,0.2515058477840467,0.030629692021784623
YDR307W,0.8401116427432216,1.2706100381538978,0.011768909667158912,0.17941041216116083,0.01843669917906909
YDR308C,1.5070175438596491,1.6161334150885234,0.015522357261799938,0.28801491676425395,0.04408704920212357
YDR309C,0.8135964912280701,1.2054019729458325,0.023705167426380465,0.21076270119584295,0.029831830004979826
YDR310C,0.7219502243982048,1.1407353406037617,0.004341782839385521,0.1316186550757326,0.016476440994177333
YDR311W,1.1838731443994603,1.4661477965470706,0.2900609140235074,0.4548476601286143,0.14000453606450045
YDR312W,0.487719298245614,1.0260340096050182,0.0012782750562073592,0.2789496404481515,0.036889179489440496
YDR313C,0.46616541353383456,0.9798655292076344,0.0008839408410786161,0.13063791147310233,0.04289329787780838
YDR314C,0.7558084400189663,1.124491632010429,0.004159966694076405,0.14146020440884643,0.021108356283162502
YDR315C,0.7393025246041934,1.0236353262570994,0.005163661045510453,0.09572255032587346,0.018959069691954804
YDR316W,0.5087719298245614,0.7905643118491416,0.205344475197426,0.04974990697043048,0.08358176745064544
YDR316W-A,0.8934468524251805,1.3651087836322322,0.009094843129718347,0.23054616000721745,0.02715640507017179
YDR316W-B,0.8934468524251805,1.3651087836322322,0.009094843129718347,0.23054616000721745,0.02715640507017179
YDR317W,0.9960127591706539,1.4912473068636505,0.02169361697050688,0.1656515948969418,0.040998051674683386
YDR318W,0.9914244566640481,1.3176273201740094,0.05680685759934838,0.30135759485599894,0.03178268833195246
YDR319C,0.6679907315458458,1.0805119085929034,0.004174965103923487,0.10296507593507566,0.01544812485109366
YDR320C,0.5975438596491227,1.0963609146453706,0.0021851732359338804,0.17611282559244218,0.023825399553280002
YDR320C-A,0.9358552631578947,1.2246067312076327,0.09634200485873003,0.36364614479749324,0.055992747706589824
YDR321W,0.6973684210526315,1.2241463951990266,0.0023396385731600344,0.35756739328783127,0.09410014627580628
YDR322C-A,0.47017543859649125,1.1060078775578153,0.006636243004418359,0.19131802473969042,0.036209538782835685
YDR322W,0.9292397660818713,1.3143595400631956,0.03436527261899241,0.25892462970996843,0.03952746670961564
YDR323C,0.6506791171477079,1.0064624108267268,0.0036888845895365068,0.09853704963934384,0.019419138811741767
YDR324C,1.5202429149797572,1.6127123132981758,0.02621737099146638,0.28485148341887984,0.0405381852243469
YDR325W,0.5692982456140351,1.0042506461101048,0.00924537007022926,0.15760581307139318,0.032863173399362317
YDR326C,0.6144338118022328,0.952382474007188,0.1412806816352681,0.11013544996924107,0.05956570889541337
YDR328C,1.123769790329482,1.3621750105909534,0.20092329449393742,0.49932963374731376,0.09977428820407366
YDR329C,0.7188445251058682,1.1979313614172717,0.08170537650033888,0.21776689899558732,0.04091600422123852
YDR330W,0.6228070175438596,1.0560349671640084,0.010076130713151268,0.1471396950705371,0.02276034759829271
YDR331W,1.0370813397129186,1.3476241951680548,0.07408856326131409,0.245349020958572,0.030147039332581976
YDR332W,0.3212719298245614,0.8798553101351235,0.00033239714457159526,0.1315335480893586,0.03394810851435503
YDR333C,0.9960127591706539,1.4912473068636505,0.02169361697050688,0.1656515948969418,0.040998051674683386
YDR334W,1.0739348370927317,1.353837877522088,0.02355535289202558,0.2796254909150794,0.050549600316802015
YDR335W,1.109907120743034,1.3916870444044631,0.036078667781270904,0.24942906092178863,0.03539760204717373
YDR336W,0.8412280701754385,1.3193136349646046,0.006185136976022746,0.3007872709612779,0.05803277453411864
YDR337W,1.0858395989974936,1.3770811589881218,0.003424666682465039,0.25717430900021726,0.03444402628849507
YDR338C,0.6359649122807016,1.1262857299010767,0.0025037494129137817,0.25197817321287985,0.029580604627977732
YDR339C,0.6047634910059959,1.040410472058812,0.002908309725613928,0.11024131300842425,0.00840625297865219
YDR341C,1.0650782361308677,1.4956342935861595,0.8724040303242512,0.6239795145169617,0.32694465038898973
YDR342C,0.707172342621259,1.1938433648959963,0.14159125338448564,0.2255286966528096,0.06327859576385045
YDR343C,0.6483488132094943,1.164406135458767,0.023944194560956235,0.21855453849023337,0.041872474904733066
YDR345C,0.3701754385964912,0.7656011578407508,0.0005519811988564753,0.21620702544514153,0.027587984032221135
YDR346C,0.9298245614035087,1.3334743107769422,0.005502492657316043,0.23802961046765625,0.029672802633841176
YDR347W,1.0620300751879699,1.364376984759447,0.0064873919705708515,0.24688224764592018,0.03358557967864327
YDR348C,0.5080091533180777,0.9261689623715499,0.08795063318224856,0.1253889453193014,0.04141498188784432
YDR349C,0.4985380116959064,1.0002390537249641,0.0015325552610462089,0.13834411481812436,0.031106164951282766
YDR350C,0.3048245614035088,0.9318241480282266,0.0004584175061832421,0.07554830519159297,0.02520090198147313
YDR352W,0.5728274173806609,1.0605884096468716,0.002383498344407169,0.15358977824215075,0.014542287983606938
YDR353W,0.6418128654970761,0.9765231812685353,0.6020205566789832,0.5716253563312689,0.12406767446547001
YDR354W,0.5543859649122806,1.0479638341664217,0.13461160838954073,0.30499205915885425,0.06867280068465305
YDR356W,0.946648337261063,1.285228867562791,0.030039362216789926,0.23643868723142822,0.028484538903845072
YDR357C,0.6507017543859649,1.0358347068873384,0.005664470651857238,0.3594544275996506,0.04013619298205296
YDR358W,0.6350877192982456,1.0255636885108492,0.0027661414991640614,0.15119582476091292,0.035843084690676874
YDR359C,0.7167919799498746,1.2002328618481068,0.0032301240350506915,0.12113059605658236,0.02104850385004895
YDR361C,0.6895067858325057,1.0078026692319277,0.04070316822858066,0.1566668706197583,0.02810982452742586
YDR362C,1.125243664717349,1.5062626590456958,0.10047477252673123,0.36035540602298305,0.0891159815993162
YDR363W,0.6812470365101944,0.9550972674033542,0.003191980964052213,0.08666852913479735,0.023327376899744904
YDR363W-A,1.3333333333333333,1.5051376964870806,0.059677616633922695,0.308439815478774,0.04994102511699648
YDR364C,0.9679370840895342,1.3458252111760884,0.0072197600512694405,0.16419303438027644,0.018309660999858635
YDR365C,0.5146198830409356,0.9704753543442116,0.0009245784480426165,0.1787975789551993,0.030359199793789295
YDR365W-A,0.8934468524251805,1.3651087836322322,0.009094843129718347,0.23054616000721745,0.02715640507017179
YDR365W-B,0.44478844169246645,0.9716649889751703,0.0010950647650330209,0.09229858656743187,0.03044111022595531
YDR366C,0.4407894736842105,0.8984636831939257,0.0009515818121015821,0.08578263810676848,0.021493955147135282
YDR367W,0.6917862838915471,1.0922579346222623,0.011698084400088966,0.10173737190738591,0.02851147749737242
YDR368W,0.7478070175438596,1.2243730319388213,0.003880122804341954,0.33966409682309356,0.07189293903403184
YDR369C,0.7236842105263157,1.074891479282207,0.19562854819093758,0.24736605327336803,0.07975664189774133
YDR372C,0.8736044657097288,1.262947589794676,0.17337608893523634,0.23414385371885382,0.05791380767284436
YDR373W,0.7006102212051869,1.046029249611121,0.0023402999062431154,0.31407795083402956,0.03743260287757998
YDR374C,0.5279106858054226,0.9188942559888091,0.0016504823348455122,0.13664954455914302,0.024481194173269036
YDR374W-A,0.9960127591706539,1.4912473068636505,0.02169361697050688,0.1656515948969418,0.040998051674683386
YDR375C,0.6427381745502998,1.062737788635667,0.01627738691860574,0.12217346716833821,0.014394067481465593
YDR376W,0.6339406207827261,1.1244782445410162,0.07960628553536758,0.10922761072341938,0.027948863873886988
YDR377W,0.5201754385964912,1.1195031542109866,0.004881857039506079,0.25579970201085883,0.0442798835821256
YDR378C,0.9994152046783626,1.2972434371209962,0.10810732958117557,0.2965602849923082,0.048810110294900635
YDR379C-A,0.9960127591706539,1.4912473068636505,0.02169361697050688,0.1656515948969418,0.040998051674683386
YDR379W,0.5073099415204678,0.9271419848811271,0.38936425152622056,0.3009008226583472,0.11082991427224147
YDR380W,0.4492481203007519,0.9536761939274169,0.0015668687861010626,0.06091513455044813,0.012328424301487461
YDR381C-A,0.600250626566416,1.109037762088147,0.0028375271597502437,0.12171002920221469,0.020042466518044012
YDR381W,1.394736842105263,1.5339876231675078,0.31563897182399386,0.4088261783310036,0.10761533613971459
YDR382W,1.2437070938215102,1.4563208551674527,0.006526979381755452,0.21841419563609465,0.041411576820101374
YDR383C,0.9167975909924063,1.2567182292649186,0.011710040267263647,0.23262493602391524,0.023946517581073794
YDR384C,0.6035087719298246,0.9819045906997321,0.03601070850503348,0.0812615557007399,0.01917037302046511
YDR385W,0.8018341307814992,1.1580373146488512,0.10190405736019768,0.27079208916581354,0.05303878918641756
YDR386W,1.0,1.3478952009653764,0.8671675070650535,0.7053951152837936,0.31290410843302885
YDR387C,0.4138755980861244,0.8858226647700331,0.0007159175360117056,0.2698993661978617,0.02690834558074258
YDR388W,1.1290726817042605,1.3152037530535199,0.8099324693338666,0.7181241466357098,0.22026461149375468
YDR389W,0.3212719298245614,0.9721630024428158,0.00033239714457159526,0.23755998789148805,0.03334334869088056
YDR390C,0.9412280701754385,1.348553401046476,0.006185136976022746,0.3915789054902083,0.09493466520169475
YDR391C,0.9960127591706539,1.4912473068636505,0.02169361697050688,0.1656515948969418,0.040998051674683386
YDR392W,1.0789473684210527,1.347514229356782,0.008864121283733577,0.24718301391712133,0.030462580419038064
YDR393W,0.9960127591706539,1.4912473068636505,0.02169361697050688,0.1656515948969418,0.040998051674683386
YDR394W,1.2543859649122806,1.4566064065764803,0.03670879529048835,0.2850993138980985,0.04397472574285352
YDR395W,0.913828689370485,1.3244320231019677,0.0077804085920057525,0.16952105465220862,0.01923425152189415
YDR397C,0.4461722488038278,0.8215961564532684,0.0008472929190838199,0.0735546399827891,0.05568106145896812
YDR398W,1.0202429149797572,1.3665001920860544,0.04712298898670992,0.15375095469777234,0.026003656003319275
YDR399W,0.9667919799498746,1.4397426929371175,0.013820922276894437,0.2227025917820124,0.030804822573957454
YDR400W,0.6107017543859649,0.9728094968033048,0.031831137318523904,0.18064450857896336,0.033837198731545046
YDR402C,0.9960127591706539,1.4912473068636505,0.02169361697050688,0.1656515948969418,0.040998051674683386
YDR404C,1.099179400113186,1.3885205728128254,0.011771158140379606,0.3325725893973302,0.04943755982084697
YDR405W,0.7070175438596491,1.2049914446146759,0.01296649894319933,0.18236535374781465,0.027890015528620825
YDR406W,0.439922480620155,0.9735386795680008,0.0016337239918687767,0.0941640741738052,0.011757989954499906
YDR407C,1.1093117408906883,1.4402818594710127,0.05160062988235066,0.36067615543049447,0.09482726966766074
YDR408C,0.7070175438596491,1.2255837526005773,0.004960031924930757,0.09816055218923748,0.013504791507877706
YDR409W,0.4105263157894737,0.9566610491746609,0.20019023398797878,0.05099521323678077,0.09028119717815053
YDR410C,0.46600877192982454,0.9647470401052591,0.000790185953813517,0.1617403118508251,0.032932904614686745
YDR411C,0.8170426065162907,1.2012309987691991,0.058844468263619894,0.33683548245073636,0.056138222141239334
YDR412W,1.0747520976353928,1.332327237863484,0.044404006400264526,0.28532436205756495,0.05901128411579348
YDR414C,0.7834429824561403,1.0989908380140072,0.7014737514506058,0.6741056561506554,0.16128593317167766
YDR415C,0.37280701754385964,0.9354267073079912,0.0003857448212802256,0.2497464858052223,0.04403019716380775
YDR416W,1.117362371445856,1.413212221748878,0.03552768198959154,0.21520835206647565,0.026085137446223386
YDR418W,1.1350114416475972,1.3954098382183002,0.0032852199961410345,0.1987637333142636,0.03837670990510415
YDR419W,0.8220551378446115,1.2174184993616826,0.09860696235848387,0.3219716916279061,0.057006264315998256
YDR420W,0.41464237516869096,1.005731129880404,0.0007328241955544756,0.21732649406061005,0.040166939686835865
YDR421W,0.8300060496067755,1.2307184397225677,0.007202465764027088,0.10713070840719759,0.013729937741060806
YDR422C,0.8220551378446115,1.206319133611154,0.039083152834674346,0.326715153312712,0.053200661383201744
YDR423C,0.5657894736842104,1.0160907055878163,0.001671433181190982,0.16650405699435966,0.02590981827333528
YDR424C,0.25087719298245614,0.874641291388031,0.00016481688624811014,0.12366668412499719,0.0321876396033491
YDR425W,0.6201754385964913,1.0346230528116658,0.0034216926684265472,0.12828978560396506,0.01573875393567272
YDR427W,1.3596491228070176,1.5184151248588487,0.03620966743067937,0.33522352611011647,0.05008587988500231
YDR428C,0.5037593984962405,0.8957268170426065,0.0014576934283114158,0.08121028967842903,0.029832551384492492
YDR429C,1.256578947368421,1.4349287592796034,0.09948274765158356,0.4105908577982707,0.08095516707842079
YDR430C,0.8977732793522266,1.2358535514376188,0.07700681663421563,0.3803532494573076,0.08815340551531575
YDR432W,1.0789473684210527,1.3677376231675078,0.02944895975678878,0.29874165763276317,0.05764623354916837
YDR434W,0.7563795853269537,1.1147983209381596,0.11746442292056326,0.12625353377301635,0.0506556795001653
YDR435C,0.9960127591706539,1.4912473068636505,0.02169361697050688,0.1656515948969418,0.040998051674683386
YDR436W,0.5833333333333333,1.0137250136255838,0.5912116902002565,0.5252696335725116,0.12625492792262946
YDR437W,0.6961722488038277,1.1381003856442453,0.007328533460105664,0.09496212911952887,0.011552968556026472
YDR439W,1.0766787658802177,1.334744013573315,0.11452862823295623,0.41968851376916594,0.07101540460495012
YDR440W,0.7452060383516932,1.1790905274738,0.004394517111388896,0.1946466133328935,0.019230106811402387
YDR441C,0.6679907315458458,1.216053902199413,0.004174965103923487,0.18200078057020933,0.015392045215490324
YDR443C,1.407017543859649,1.5445912847228636,0.008337026164063586,0.27101859446234744,0.03997244598169508
YDR444W,0.9960127591706539,1.4912473068636505,0.02169361697050688,0.1656515948969418,0.040998051674683386
YDR446W,0.7069377990430621,1.0867621887032517,0.0039644776820830716,0.14191412634310718,0.014202461040197525
YDR447C,1.4610983981693364,1.6154353484223818,0.022448130197141033,0.24958478263978762,0.04788216962644891
YDR448W,1.3289473684210527,1.45332433800109,0.07812456356603056,0.3071707570761941,0.04695475478092131
YDR449C,1.5010121457489878,1.589539407772329,0.05561040816167234,0.27648463876363416,0.04109882819346867
YDR450W,0.9377192982456142,1.313766844166118,0.0009405462426145481,0.34731842479746833,0.12584802387131916
YDR451C,0.3333333333333333,0.9070846324476088,0.0004847253447286076,0.21542955405426642,0.02623175374122295
YDR452W,0.39792663476874,0.894108644005848,0.0004548337845667982,0.09068100923665817,0.05321274218756537
YDR453C,0.44183829138062547,0.7866709771684348,0.17054976954189605,0.04470565639358417,0.06911423528026855
YDR454C,0.502361673414305,0.9751707700624108,0.001030792185551319,0.20460914741129083,0.037672075338470015
YDR456W,0.593984962406015,1.0477695856019358,0.7805157444793384,0.6483427334368986,0.16122368178791416
YDR457W,0.8245614035087719,1.179703981315518,0.0055468782066595175,0.29683335573638076,0.05938616460687842
YDR458C,0.4985380116959064,1.0688104822963926,0.0015325552610462089,0.23909197805934243,0.03122836150879367
YDR459C,0.37969924812030076,0.9239853238866396,0.36293332689692065,0.2398998866327001,0.0704417317186377
YDR460W,0.9531039136302295,1.321703352102626,0.05266775163034511,0.40699249118937764,0.09834777269002226
YDR461C-A,0.9960127591706539,1.4912473068636505,0.02169361697050688,0.1656515948969418,0.040998051674683386
YDR462W,0.7736842105263158,1.2314102313074353,0.0013841931245673982,0.22443222225926265,0.030110114062895446
YDR463W,0.7211779448621554,1.0131753861223347,0.0050189420390180485,0.09208550099352235,0.019436228017091557
YDR464W,0.8412280701754385,1.3193136349646046,0.006185136976022746,0.3007872709612779,0.05803277453411864
YDR465C,0.8942208462332302,1.3111898558871504,0.007492232715594582,0.15888072480097376,0.017797610142336325
YDR466W,0.703859649122807,1.069477160266634,0.1700628366392258,0.3597619218424146,0.05872233446347312
YDR468C,0.7121800402645959,1.1257923432490609,0.1073757146083951,0.12394673519745972,0.03220252201103745
YDR469W,0.7917176662586699,1.2364940206321047,0.006519321063435373,0.2300688500508472,0.02512443441707546
YDR470C,0.5047846889952152,0.8696461941817979,0.17387609069618487,0.12252787938140851,0.05914049987579288
YDR471W,1.417620137299771,1.5786206225320258,0.01771280787691714,0.24590647029449808,0.04657396953354009
YDR472W,1.0323886639676114,1.386115192804346,0.006728835010555803,0.3511530395122087,0.08573594917126938
YDR473C,1.0943738656987296,1.401988346286592,0.00882367731931959,0.22348175946815757,0.023016602228522854
YDR475C,0.607962213225371,1.0334971918751998,0.1545923538726107,0.3097319077789272,0.07581277660546827
YDR476C,0.48643410852713176,1.0595386795680009,0.008793458487933154,0.16787783280904844,0.020458118050787347
YDR477W,1.3458646616541352,1.4790464063384268,0.6997974385489603,0.6245656113175375,0.18761272335948426
YDR478W,0.5389576883384932,1.0174893115140793,0.5147605241944818,0.2343650049914626,0.0583468429686087
YDR479C,0.7655038759689923,1.1073164573457785,0.18820025849928543,0.32942360100151835,0.07838502299987257
YDR480W,0.9320175438596491,1.2911449112076827,0.2144017691871414,0.46545575426666413,0.09361377580118409
YDR481C,0.7337092731829573,1.1833890625904695,0.003958385901025471,0.17549278869023688,0.020712577569416427
YDR482C,1.0943738656987296,1.4094217024041584,0.014515273438370158,0.21551871462763017,0.023631445186732804
YDR483W,0.6917862838915471,1.0922579346222623,0.01422333692534149,0.09973363818221251,0.029049016769672538
YDR484W,0.6138193845268909,1.0079960539646988,0.0024405368373917047,0.07938762345637002,0.018003723573911952
YDR485C,0.7882205513784462,1.2559357796199901,0.002899436204362861,0.17935791389206043,0.026081225815051852
YDR486C,0.3607017543859649,0.9893344911248276,0.0005302006513873764,0.13810447306272952,0.023079299010248595
YDR487C,0.8140350877192981,1.2753147465266137,0.0035721697048102436,0.39562043178406137,0.11221779939087435
YDR488C,0.5175438596491228,1.0173043348662918,0.5430219597433911,0.37980313774630825,0.12632425229047656
YDR489W,1.0707874337005303,1.3046300044984256,0.0830707459831867,0.4288684277541252,0.05694006158425574
YDR490C,0.8552631578947367,1.2084776989495682,0.29326012037343524,0.40903543311867563,0.11087955308024837
YDR493W,0.9960127591706539,1.4912473068636505,0.02169361697050688,0.1656515948969418,0.040998051674683386
YDR494W,0.5382205513784462,1.1121491660845146,0.0016363535411284091,0.08386972476343715,0.011847446278032192
YDR495C,0.6466062697727926,1.0277255452907794,0.0025498264548780435,0.1886020044963212,0.01727477889647767
YDR496C,1.3338932437476672,1.4808283018732789,0.013283296252256053,0.24424176039633416,0.03789629768206648
YDR497C,0.9473684210526315,1.3387224012411982,0.008957061772311243,0.20690043291726828,0.022912067682942235
YDR498C,0.6466062697727926,1.0239599969713868,0.0032168834416071617,0.09918407917379721,0.01882329549380188
YDR499W,0.8271929824561404,1.2185054843634837,0.07112283887986061,0.2688709332125852,0.042329891724006294
YDR500C,0.6109022556390977,1.0327927068426352,0.0025965939432820956,0.12026680023039416,0.03683443756658053
YDR501W,1.0701754385964912,1.368722401241198,0.015205093219788829,0.24139758178155743,0.02954686169148535
YDR502C,0.632610939112487,1.032090453406243,0.09393348236113937,0.150548696215687,0.05665999967684912
YDR503C,0.4396929824561403,0.9582283746708988,0.05127213854738,0.22591329862356307,0.02943252642468223
YDR504C,0.37203302373581015,0.8742895749474697,0.5296911017545037,0.12811510167209644,0.05401424832691542
YDR505C,0.6008771929824561,1.0362684647224123,0.002189392811207498,0.18718095951552394,0.040683065426982315
YDR506C,0.7188995215311004,1.1526489231601418,0.0074587272971412015,0.1035792528085521,0.012712579196698454
YDR507C,0.8885964912280702,1.2155029830468427,0.03234182614222471,0.3426183599947026,0.0397472779241353
YDR508C,0.7264752791068579,1.2024291004077425,0.007739004630625861,0.10883814487003592,0.01324523082986985
YDR510W,1.7412280701754386,1.7929978454909203,0.9839629147538006,0.7798516629359673,0.4350458364097506
YDR511W,0.9960127591706539,1.4912473068636505,0.02169361697050688,0.1656515948969418,0.040998051674683386
YDR512C,0.9605263157894737,1.4536050040713597,0.01449419432718284,0.17953811169040634,0.020472697415429703
YDR513W,0.3698830409356725,1.0221630024428159,0.00029074724457485754,0.29691156524298123,0.06056572207639491
YDR515W,0.7011278195488722,1.1030669522874454,0.0037386886797991415,0.12453822651813365,0.021125190188492425
YDR516C,0.4122807017543859,0.9964216445636704,0.00047068578464077974,0.22722626446400107,0.07297501396996176
YDR517W,0.9532163742690059,1.311509172339132,0.025582266709657388,0.30157174223700345,0.08893692750316662
YDR518W,0.4265350877192982,0.9229017326891035,0.0007608512626089609,0.1117271943968981,0.029458681675678937
YDR519W,0.24937343358395989,0.7704271639022764,0.00023398097855695647,0.052855228701331254,0.0282661187449298
YDR520C,0.4320175438596491,0.9085530884502924,0.12540251992651621,0.08510508597645547,0.06182069728926017
YDR523C,0.7091767881241566,1.1364150507848567,0.48781670452185416,0.5201938911238101,0.17004427969999705
YDR524C,0.5279106858054226,0.942703779798333,0.0016504823348455122,0.19105372201462364,0.02215920079607764
YDR524C-B,0.9960127591706539,1.4912473068636505,0.02169361697050688,0.1656515948969418,0.040998051674683386
YDR525W-A,0.9667919799498746,1.4397426929371175,0.013820922276894437,0.2227025917820124,0.030804822573957454
YDR527W,0.6234335839598997,1.1507081505847951,0.0025599651790778116,0.09504011120047087,0.01342989012519797
YDR528W,0.7393025246041934,1.2175075895036338,0.005163661045510453,0.20622276356260338,0.017029479476739887
YDR529C,0.4138755980861244,0.8858226647700331,0.0007159175360117056,0.2698993661978617,0.02690834558074258
YDR530C,0.4859649122807017,1.0936887984989796,0.001032611714323587,0.29176873969937234,0.05553889861480269
YDR532C,0.8123199790521078,1.1741819973808607,0.006320979523086726,0.13827598242483788,0.014005182262961888
YDR533C,0.7157097288676235,1.03682025642838,0.004443958830498747,0.09440262809656373,0.0142689972768465
YDR538W,0.5851393188854489,1.0099931715516335,0.001887961896969785,0.14546449529583771,0.029486244381111085
YDR540C,0.7449874686716791,1.2082218257508177,0.007216113590565497,0.22626331117485743,0.022302598721711066
YDR541C,0.3207017543859649,0.9763238223764539,0.0005302006513873764,0.10746498002082733,0.015398128931672469
YDR545W,0.6902834008097166,1.0841784694293874,0.005106918324123472,0.13390541597886352,0.013283638652948501
YEL001C,0.31052631578947365,0.9270314195450312,0.00019023398797877715,0.050126392446007376,0.04672664218104905
YEL002C,0.9007177033492823,1.2826966589361706,0.015879613580188513,0.2002028522230662,0.021250279966883938
YEL003W,0.5657894736842105,0.9654587570855513,0.02027525330968613,0.4352488312617078,0.04819537370821824
YEL004W,0.4084429824561403,0.9440392603820174,0.0008689127409283844,0.20800562635602177,0.017941071287175113
YEL005C,0.6907017543859649,1.0308045258008192,0.04416447065185723,0.4109140284750149,0.050719516887089214
YEL009C,1.0164473684210527,1.347514229356782,0.015274132842107671,0.2179350203665688,0.027492041980674065
YEL011W,0.9667919799498746,1.4397426929371175,0.013820922276894437,0.2227025917820124,0.030804822573957454
YEL012W,0.41959064327485374,0.7909944243112068,0.0007133671364996112,0.059534323262581096,0.035239627377185986
YEL013W,0.7356181150550796,1.1390254296161497,0.07277795561594083,0.2651011333972706,0.03989225454448362
YEL015W,0.9771929824561403,1.2912290024778525,0.047660727922452725,0.27738595945974326,0.043337195151744175
YEL017C-A,0.8098086124401913,1.2516638482039903,0.008635191472306469,0.16688264962623695,0.016833716643989895
YEL017W,0.6585213032581453,1.0354841430499326,0.0030436768284368997,0.1394519707151473,0.0182363942594439
YEL018W,0.4859649122807017,1.0936887984989796,0.001032611714323587,0.29176873969937234,0.05553889861480269
YEL019C,0.5921052631578947,1.1435935433497457,0.11216116355342562,0.3278215123679217,0.058479696722994745
YEL020C,0.9960127591706539,1.4912473068636505,0.02169361697050688,0.1656515948969418,0.040998051674683386
YEL020W-A,0.6427381745502998,1.001070291542161,0.0039252955527263374,0.10490803829960882,0.014861280175976323
YEL021W,0.5175438596491229,1.168898635477583,0.0,0.5035051679295265,0.25748724758757596
YEL022W,0.9472498814604078,1.2786242542382893,0.011834122568579896,0.17454356586447267,0.029028366956020693
YEL023C,0.7331309041835358,1.1330655069045161,0.20615899731375645,0.5143521042226186,0.11577810067249378
YEL024W,0.655396402398401,1.0995668078604595,0.010200496090030764,0.20774248120435196,0.01543514489143455
YEL025C,0.6679907315458458,1.0805119085929034,0.004174965103923487,0.10296507593507566,0.01544812485109366
YEL026W,0.7727272727272727,1.1885283060592657,0.07766398445790032,0.32863474510128277,0.09068117663593023
YEL027W,0.7643540669856459,1.2374918245302688,0.009144664731729726,0.12138331967480806,0.01518079968342422
YEL029C,0.40669856459330145,0.9353845182327546,0.000814412968942537,0.13512736965580444,0.05355700617750799
YEL030W,0.7155388471177945,1.1533622993188337,0.2977615707523115,0.3489791848974289,0.11400175219045776
YEL031W,0.6654704944178629,1.0663706479821846,0.0026977081538484713,0.17501770946069534,0.025855540509944135
YEL032W,0.8847409220726234,1.2311257309941521,0.019664822576837028,0.28443826105098935,0.03415265990228897
YEL034W,0.6819221967963387,1.0348059394295794,0.46346827665592283,0.12676806274369234,0.09840724439092063
YEL036C,0.9587719298245614,1.2852394199479944,0.19126350526679858,0.45969812447094305,0.11196335786334188
YEL037C,1.1491228070175437,1.4143372185898286,0.024524001797645318,0.2546936229225242,0.03708507375782315
YEL038W,0.9960127591706539,1.4912473068636505,0.02169361697050688,0.1656515948969418,0.040998051674683386
YEL039C,0.6174217188540972,0.9866467130340755,0.002908309725613928,0.08664883015324655,0.01135236511722967
YEL040W,0.6483488132094943,1.164406135458767,0.12010432527991048,0.19531225197061927,0.05018111947210784
YEL041W,0.3207017543859649,0.9041737502263818,0.0005302006513873764,0.06006188881818751,0.016584972211246232
YEL042W,0.5096899224806202,1.1181750432043644,0.02047143756322704,0.2356298150620773,0.024329114549985275
YEL043W,0.5359649122807018,1.0679761363061833,0.0015825348211871153,0.20134797311520053,0.024343163955037113
YEL044W,0.931077694235589,1.300807574491785,0.0036080529844082125,0.2562898839314388,0.03668710696106403
YEL046C,0.6517709367759019,1.0878147465266137,0.006386432714457629,0.2246136668156333,0.017422697470812903
YEL047C,0.6329030122476,1.017511999959822,0.0029673191719768875,0.10790283601315186,0.013536261098997245
YEL048C,0.9554655870445343,1.3383210751572872,0.003523706805427598,0.3265441370574864,0.07833409341914287
YEL050C,0.35146198830409353,1.043098542995747,0.0004667932324213911,0.06086183091575775,0.009076598854694381
YEL051W,0.8874269005847952,1.1912594618882293,0.026660409075368006,0.35128441526226467,0.054776686269150665
YEL052W,0.9960127591706539,1.4912473068636505,0.02169361697050688,0.1656515948969418,0.040998051674683386
YEL053C,0.7006102212051869,0.9850444011262725,0.059652552870669985,0.08423972584200527,0.051201285307874045
YEL054C,0.8991228070175439,1.289268280895075,0.048878818660325125,0.3787938982100598,0.11513947937797886
YEL055C,0.9433198380566802,1.3346374469880153,0.008264985468965983,0.13902358739836812,0.020909009302498345
YEL056W,0.7917176662586699,1.201264619883041,0.004948226967424333,0.22690763222590932,0.026796664119172628
YEL057C,0.7807017543859648,1.2144774710442465,0.00628080836095343,0.10625877979150364,0.013700350875236274
YEL058W,0.6791979949874687,1.0521233294153498,0.003368867120388625,0.10599886998825633,0.024591140963667504
YEL059C-A,0.9960127591706539,1.4912473068636505,0.02169361697050688,0.1656515948969418,0.040998051674683386
YEL060C,0.7335258878904578,1.172265994875486,0.03377594996854419,0.21047257277778209,0.027223208466318236
YEL061C,0.6581453634085213,1.1223617756512492,0.0038774537484505033,0.15996563141469944,0.02244032074544238
YEL062W,0.7108092812676853,1.0888068100186772,0.006833774456148885,0.22364369387839497,0.03345206919227345
YEL063C,0.9688995215311005,1.3202795623996932,0.03604167918045318,0.2275597117147641,0.025261178904719794
YEL064C,0.6986944104447165,1.0604908103592314,0.004341782839385521,0.10256283890781058,0.013012341597842952
YEL065W,0.5687134502923976,0.9014053909025017,0.0023845193043484755,0.11108433120455284,0.03256654570952773
YEL066W,0.43301435406698563,0.955914204264952,0.0006962320009782491,0.18937215579424074,0.04864314155395637
YEL070W,0.6896929824561403,1.1267022056749592,0.0031294108194701792,0.1701252286106065,0.029937497562486814
YEL071W,0.48684210526315785,0.9119943919811777,0.001411246041515561,0.16302114822915037,0.03002002974612709
YEL073C,0.9960127591706539,1.4912473068636505,0.02169361697050688,0.1656515948969418,0.040998051674683386
YEL077C,0.9960127591706539,1.4912473068636505,0.02169361697050688,0.1656515948969418,0.040998051674683386
YER001W,0.5726817042606516,1.0466084866826684,0.0010582740490148294,0.3162152014589547,0.05471453736393446
YER002W,0.9721911160880925,1.3469463585278127,0.0072828049250050425,0.15202650344420776,0.024979657331294453
YER003C,0.8300060496067755,1.2237199480181937,0.007066676209949432,0.10669368872323524,0.012920168539311092
YER004W,0.49614035087719294,1.030342201657991,0.0015826848438364217,0.08392322849868382,0.013558877076295203
YER005W,0.45614035087719296,0.85428980204522,0.3515433056067827,0.05129750229136984,0.051168448553074806
YER006W,1.4402762224710712,1.5648882169191094,0.013988876174885347,0.2774535703781836,0.041783041854044745
YER007C-A,0.5689792663476874,0.9371364587611727,0.06840910876369523,0.09213990022145765,0.041618261069199684
YER007W,0.5382775119617225,0.9563436289587606,0.001511561180440449,0.09897013230424055,0.04769813451181341
YER008C,0.675438596491228,0.9760754945875326,0.00465544987869081,0.3444484959016218,0.06093272903525237
YER009W,0.5380116959064327,1.0660804031749564,0.0017178226222788356,0.21733322968708352,0.028356447966562108
YER010C,0.644736842105263,1.1127330180985044,0.0028117772935132477,0.2538739518181512,0.029763136807644676
YER011W,0.7011278195488722,1.090997986770204,0.0037386886797991415,0.12875209270388024,0.020743389467761927
YER012W,1.201002506265664,1.3579386987281725,0.29631071974766465,0.43504914174638176,0.09916329012482995
YER013W,0.8874773139745916,1.3150752593735051,0.01294960158215682,0.12431027639241843,0.016423025309186507
YER014W,0.4985380116959064,1.0688104822963926,0.0015325552610462089,0.23909197805934243,0.03122836150879367
YER015W,0.48717948717948717,0.9312285342987097,0.15466118329902379,0.10828799839977125,0.07296803137292178
YER016W,0.7483552631578947,1.135144365616235,0.017770794483084162,0.16625842938699026,0.03111212618942885
YER017C,0.6254385964912281,1.0742419774927514,0.006501600504893808,0.2097056470974673,0.05019643393681905
YER018C,1.0511259492013616,1.3592318904671044,0.1087342462589888,0.3055477963113923,0.041424270211660424
YER019C-A,0.5087719298245614,0.9976949173364329,0.0056584919907373766,0.2862316420798546,0.04902193471064581
YER019W,0.594298245614035,1.0270659311022317,0.002767201956400933,0.15698629963443822,0.022574478465836247
YER020W,1.2280701754385963,1.4393106365353159,0.04866033876476987,0.2769911704931374,0.03944456685172289
YER021W,1.307017543859649,1.4923430836924678,0.13357679471266737,0.2970932308348368,0.05286577345095092
YER022W,1.3403508771929824,1.5030112431428222,0.007105800883249323,0.2579612715819871,0.03738103243713699
YER023W,0.6210526315789473,1.066079776195407,0.2011466943660166,0.27135931556032417,0.10082336375595541
YER024W,0.9906015037593985,1.445625045878294,0.013820922276894437,0.2464206541405985,0.039275617517683395
YER025W,0.9649122807017543,1.2745009517929722,0.00488263158407617,0.3048642234459283,0.04687353740176704
YER026C,0.8098086124401913,1.2307084181811034,0.00905708193212019,0.1593795214095587,0.01685057613644743
YER027C,0.9649122807017543,1.2540464063384267,0.082733946485468,0.4301632436516777,0.08761475793691258
YER028C,0.6233552631578947,1.0317100221818916,0.003254665450826097,0.08432904159065292,0.014753031004296674
YER029C,1.3817301875378099,1.5275294718277175,0.054010874607457834,0.3060013293277724,0.03619740985161426
YER030W,0.756578947368421,1.165410042702063,0.040566724061646915,0.11154773837352717,0.033924643055945315
YER031C,0.6868421052631579,1.152089855671727,0.04666289579771664,0.2519540665601905,0.02579074651105283
YER032W,0.6546052631578947,1.06012605059792,0.003254665450826097,0.0953334941178284,0.018734325044946674
YER033C,0.5310391363022942,1.0080817471049164,0.0007462000264568456,0.2953714742306195,0.04909076243074364
YER034W,0.7449874686716791,1.2082218257508177,0.007216113590565497,0.22626331117485743,0.022302598721711066
YER035W,0.7771929824561403,1.1652919709935947,0.00469933185499605,0.1492549635385224,0.017663261676725137
YER036C,0.9483805668016194,1.2241223066539462,0.4549072122975299,0.3348352195923403,0.16124433018136825
YER038C,0.5394736842105263,1.1029952527514553,0.0010500524423145,0.2914259768078436,0.04566238484852752
YER039C,0.41464237516869096,1.005731129880404,0.0007328241955544756,0.21732649406061005,0.040166939686835865
YER040W,0.3669590643274854,0.8587464970051487,0.0004658328031620133,0.08387752677643912,0.032483665451416184
YER041W,0.4557589626239511,0.9611232943469785,0.0010118598555412138,0.21117277294490502,0.022223449136275372
YER042W,0.6973684210526315,1.0477634132352827,0.037899496591758855,0.1551067344734532,0.04890229754259327
YER043C,0.6847454000855798,1.0620509411120451,0.0037445382907910496,0.12069105581650497,0.017579734159101294
YER044C,0.6873433583959899,1.1271831539633397,0.01195857734854133,0.30770010454468644,0.037412449823413435
YER044C-A,0.7339181286549707,1.0486973562631459,0.08604234638831021,0.12177927722551604,0.043439899292127784
YER045C,0.9605263157894737,1.4536050040713597,0.01449419432718284,0.17953811169040634,0.020472697415429703
YER047C,0.7299498746867167,1.061722429529183,0.09585672797482137,0.14496570816191945,0.041362554376417844
YER048C,0.7287814129919392,1.1177790050147831,0.004159966694076405,0.12651677862312738,0.015180630944718337
YER048W-A,0.38784461152882205,0.8681582193654901,0.13797138439028495,0.3357965975158915,0.043209425408712046
YER049W,0.7838915470494418,1.0918865399177653,0.09552499711440221,0.14322601992242673,0.047884653438323994
YER050C,1.0144110275689222,1.340239053724964,0.019465525914389,0.2270509088217216,0.03246600193228954
YER051W,0.7452060383516932,1.1790905274738,0.004394517111388896,0.1946466133328935,0.019230106811402387
YER052C,0.5149638802889577,1.007428944702181,0.001434720176209605,0.21261563294811536,0.0317356403594027
YER053C,0.5687134502923976,0.927779017276128,0.0023845193043484755,0.14735898988405818,0.0300748961114004
YER054C,0.8271929824561404,1.2028926818654353,0.06186858259156649,0.27425652118572164,0.05202712827901162
YER055C,0.7478070175438596,1.2243730319388213,0.003880122804341954,0.33966409682309356,0.07189293903403184
YER056C,0.24937343358395989,0.8100298795170614,0.00023398097855695647,0.14001161544951726,0.02694560067746014
YER056C-A,0.5464307320024199,1.1005565140424243,0.006561445445077756,0.12153543861160665,0.021376618668364433
YER057C,0.531328320802005,0.9846085407674308,0.0020936720286966653,0.09167250140215623,0.014275323764132292
YER058W,0.9960127591706539,1.4912473068636505,0.02169361697050688,0.1656515948969418,0.040998051674683386
YER059W,0.5515350877192982,1.0416086749254574,0.0938164068181645,0.23242125069565706,0.06218541272594327
YER060W,0.6506791171477079,1.0172968363400514,0.0036888845895365068,0.11906918484713663,0.01808156928014224
YER060W-A,0.7037480063795852,1.1773613139903472,0.007328533460105664,0.09736229029930903,0.011986227335004738
YER061C,0.49614035087719294,0.8506448498294917,0.0014504820636114992,0.13635862958426026,0.024336968941457537
YER062C,0.8090815273477812,1.2319337135943305,0.5352582495879744,0.5424944876027739,0.13962448202098116
YER063W,0.5210526315789473,1.0312971674997549,0.0011466943660165937,0.24120885813377876,0.05375320259507643
YER064C,0.7082740635372213,1.002821608660034,0.06875754652961777,0.08972206308658125,0.035967355291897554
YER065C,0.8051378446115287,1.2049054560330925,0.003958385901025471,0.2619942010971147,0.0308448006078893
YER066W,0.9960127591706539,1.4912473068636505,0.02169361697050688,0.1656515948969418,0.040998051674683386
YER067W,0.5637651821862348,1.0528443092889925,0.0019157593060769669,0.1969970819951481,0.03372024904881552
YER068W,1.0954790823211877,1.3578115778743496,0.11094412718090152,0.3997307225573808,0.07642023884739588
YER069W,0.533625730994152,1.0150851767098907,0.0013715976343064739,0.24970509994429835,0.030730550443098352
YER070W,0.6914344685242517,1.1179490392648286,0.16010995294937463,0.3331301671075972,0.062465249389436414
YER071C,0.5657894736842105,0.9976016142284084,0.2600095528265943,0.18462154137149173,0.06168852734477443
YER072W,0.554093567251462,1.075722924692706,0.15508141410456017,0.08490187588561822,0.034128940585060615
YER073W,0.7349624060150375,1.2469392374111068,0.0037377749589472477,0.281277202025759,0.06856240618770876
YER074W,1.374141876430206,1.544584366520187,0.010577029058554076,0.24043507367347727,0.04497716147266169
YER074W-A,0.6035087719298246,1.0546872582691296,0.0026773751717001576,0.13726883472224505,0.013149518365916978
YER075C,0.44478844169246645,0.9716649889751703,0.0010950647650330209,0.11394370650727374,0.027591380071928975
YER077C,0.6757759784075573,1.0939947968138932,0.010384923589867744,0.17707764899826942,0.0453447913082151
YER078C,0.6666666666666666,1.1433497464199218,0.33383417373172014,0.442306802145056,0.16761282335019656
YER079W,0.4225146198830409,1.1195015452931205,0.0005229762520726913,0.21532763440805922,0.05155481911398285
YER081W,0.9202551834130781,1.1494932432432432,0.1958135974030025,0.26956167400277453,0.09280462238851797
YER082C,1.4817813765182186,1.578456713825185,0.030870960241544634,0.2768170043912835,0.03948836939555027
YER086W,0.9742769084874348,1.335723019670388,0.013127231153355148,0.21675483530888595,0.031490870147898996
YER087C-B,0.7087719298245614,1.0984787919165,0.30214972006091284,0.367038412911021,0.09064780685855432
YER088C,0.7384370015948962,1.1709357383699488,0.004615906205311298,0.2475664061419858,0.025910749474033237
YER089C,0.35526315789473684,0.8623866979702219,0.0005717237082972983,0.05571521627546279,0.02854561165058217
YER090W,0.9023646071700991,1.1723404171399723,0.012068590060763629,0.20713570172580542,0.058124361432331594
YER091C,0.5380116959064327,1.0660804031749564,0.0017178226222788356,0.21733322968708352,0.028356447966562108
YER092W,0.8953634085213033,1.2889028125870232,0.0032301240350506915,0.24189346933801276,0.03383041914091187
YER093C,0.707172342621259,1.1786918497444812,0.05400955403808042,0.26837805292108186,0.05618815336934036
YER093C-A,0.6506791171477079,1.104774790484672,0.0036888845895365068,0.1544298116700667,0.018383682015175352
YER094C,1.0295739348370927,1.3330099237993975,0.12011281786470612,0.39908677248260926,0.06888402728050701
YER095W,1.0823850165955429,1.3824401913875597,0.07281154610082802,0.2577741290519386,0.044394686336173175
YER096W,0.48684210526315785,0.9119943919811777,0.001411246041515561,0.16302114822915037,0.03002002974612709
YER098W,0.7434210526315789,1.2220587411019561,0.11438941047109365,0.3478566726427549,0.05393798993984962
YER099C,0.7506265664160401,1.1010507939295773,0.35694534728551797,0.4951243952659526,0.0891594184184901
YER100W,0.8661688003793266,1.2284275373749058,0.006597169414960076,0.1355025034551381,0.02162181028702716
YER101C,0.5964912280701754,1.0892969784458602,0.002404925673525176,0.18946115564407934,0.01654265349567521
YER102W,1.0482456140350878,1.3144122599969634,0.020982946325695258,0.3241174470068171,0.056678225626707525
YER103W,0.9396929824561403,1.2428312379330237,0.04757385526391462,0.4351567302449345,0.0877019384254285
YER104W,0.693859649122807,1.1214390477802223,0.003553052344556834,0.16187611787105655,0.019537467589371933
YER105C,1.0706914344685243,1.3801420528934276,0.01626449938823736,0.2639402338401182,0.031015786797062676
YER106W,0.7663339382940109,1.147695509961344,0.004551476452703929,0.16550875306007407,0.022010698262729264
YER107C,0.93343653250774,1.3532999476302696,0.007592775020058455,0.18719704915330063,0.020693407501846124
YER110C,1.0902992776057792,1.3976477737172261,0.02367533183646909,0.25691798531275173,0.03322212105379466
YER111C,0.5192982456140351,0.9941994056385044,0.03352608976046146,0.2844077921605757,0.10409250462958838
YER112W,1.0660818713450293,1.2912290024778525,0.07991680237549688,0.3498276885080989,0.054157238970017056
YER113C,0.4396929824561403,0.887646626669796,0.004901170805444513,0.12393919081394866,0.03008976473374216
YER114C,0.8635964912280701,1.1957401371970402,0.06444495395851406,0.19530070289667562,0.04094692446353187
YER115C,0.5921052631578948,1.043652029481989,0.06348785859679093,0.3123950795976419,0.03815305732288476
YER116C,0.38596491228070173,0.9520474451589003,0.0004847253447286076,0.1693823418856598,0.043707678946954646
YER117W,0.7083747103608076,1.1066205048396713,0.06777975637193222,0.277688810712332,0.031028365948156892
YER118C,0.9531039136302295,1.249481129880404,0.7315020549647852,0.6133546044765835,0.25659394101609045
YER119C,0.7393025246041934,1.2175075895036338,0.005163661045510453,0.20622276356260338,0.017029479476739887
YER120W,0.5263157894736842,0.97801633239108,0.25042296617452336,0.22923023073646576,0.13028310730179946
YER121W,0.3207017543859649,0.9128317588843904,0.0005302006513873764,0.08221973708177598,0.015527527301955009
YER122C,0.8281499202551834,1.1912084593598933,0.007714369702088554,0.25376336214150036,0.040958589513980445
YER123W,0.5513784461152882,0.9738518170426065,0.09669578866640666,0.13168616044511228,0.049937998366140525
YER124C,0.7635964912280702,1.164997932541792,0.009174377703283054,0.1382059704808563,0.02304834831525842
YER125W,1.1491228070175439,1.3308777344596057,0.7562456084615764,0.6730798820409369,0.213449311545147
YER126C,1.2062336692795819,1.44552313755403,0.023412036437034284,0.21751071706738098,0.03450432739799237
YER127W,0.9240890688259109,1.324833525419388,0.009013422441451398,0.123047784121565,0.020335421205126977
YER128W,0.3607017543859649,0.9418172661307673,0.0005302006513873764,0.11978738421398136,0.022887201575699727
YER129W,0.8696741854636592,1.2174184993616826,0.01408315283467434,0.3915789692784918,0.06320234660890792
YER130C,0.3669590643274854,0.9058792542714488,0.0004658328031620133,0.1530855136616753,0.030389176243561692
YER131W,0.825187969924812,1.2013112253611538,0.13995923130591947,0.41553669487861916,0.09077425319668052
YER132C,0.5758145363408521,1.0081430192504068,0.001824499862733104,0.19967681355821995,0.03952210010342016
YER133W,1.2721052631578948,1.4437718165966271,0.12544855437034283,0.3138639244179783,0.06289123657300141
YER134C,0.41025641025641024,0.9074190104891859,0.0008150294528699447,0.1569802290214774,0.03623164448098765
YER136W,0.7368421052631579,1.0821597857416572,0.01531956001290008,0.25887880528081586,0.030800826965255004
YER137C-A,0.8934468524251805,1.3651087836322322,0.009094843129718347,0.23054616000721745,0.02715640507017179
YER138C,0.5149638802889577,1.007428944702181,0.001434720176209605,0.21261563294811536,0.0317356403594027
YER139C,0.905631013016412,1.290350270209025,0.0044148764292591845,0.23479865513374165,0.03150957369250951
YER141W,0.6174217188540972,0.9957504262222956,0.0044958951479932485,0.10190970437307272,0.011069706237486269
YER142C,0.7963659147869673,1.197519725900639,0.005722815663926125,0.24150087241506218,0.03662146016207753
YER143W,0.6138193845268909,1.0658254099633913,0.013217076630324943,0.09178225217104012,0.01730064523646194
YER144C,0.694235588972431,1.0537847966447038,0.0030436768284368997,0.17494930024769548,0.025908774160345906
YER145C,1.1052631578947367,1.3882876186325026,0.015996194459281642,0.2658837526744152,0.03134644777237731
YER146W,1.0883040935672514,1.3364876231675078,0.09402538459013966,0.3542296480622243,0.05658402809621923
YER147C,0.5692982456140351,1.0798808982109451,0.0015825348211871153,0.2766306834688087,0.031167579759850537
YER148W,1.2039473684210527,1.4273690387941684,0.04639000779014145,0.2773347350096852,0.03901301981692268
YER149C,0.7656641604010024,1.107934675774438,0.004366428151188222,0.35740975720821233,0.041885832766601676
YER150W,0.4331983805668016,0.9675578368999421,0.0010279289159550265,0.16184923159259326,0.02015388252999212
YER151C,1.6140350877192982,1.7197591909710581,1.0035721697048103,0.7864988969211172,0.4797837777694849
YER152C,0.9960127591706539,1.4912473068636505,0.02169361697050688,0.1656515948969418,0.040998051674683386
YER153C,0.4138755980861244,0.8004778371838261,0.0007159175360117056,0.08822473941570735,0.02993756795863332
YER154W,0.5201754385964912,1.0931873647373025,0.006636243004418359,0.21557246561610538,0.04512624354021603
YER155C,0.5146198830409356,0.9639441496997994,0.0009245784480426165,0.17710431619264333,0.02982237005365912
YER156C,0.6233552631578947,1.0805707222053824,0.003254665450826097,0.09462417121130227,0.014329910465410496
YER157W,0.6868421052631579,1.0346230528116658,0.016299128673104592,0.11892182911422194,0.027418383199174085
YER158C,0.31320949432404543,0.8068292574871523,0.00027933704862135304,0.11599997338294551,0.03124086805908969
YER159C,0.5370813397129186,0.8742025648702938,0.18266547473726563,0.10791884302122534,0.09849225594730496
YER159C-A,0.8934468524251805,1.3651087836322322,0.009094843129718347,0.23054616000721745,0.02715640507017179
YER160C,0.5989974937343359,1.097339720268413,0.002042062765172817,0.3653772745260983,0.06526629439156835
YER161C,0.8964912280701753,1.3071585213032582,0.005502492657316043,0.20179285312889672,0.026384314048262265
YER162C,0.7268170426065163,1.091115371855668,0.004559343310864815,0.1912099500282997,0.03164456526620627
YER163C,0.9667919799498746,1.4397426929371175,0.013820922276894437,0.2227025917820124,0.030804822573957454
YER164W,1.037280701754386,1.3672186628543188,0.01389090338484519,0.22838085461562602,0.02886545537172336
YER165W,1.1773182957393482,1.3773616231338406,0.24508789502900552,0.49274761164361147,0.11010577238072895
YER166W,0.5532581453634084,1.0125747734476138,0.07351081579663608,0.3937795775798967,0.08579591461301417
YER167W,0.7430673457838143,1.138678109889977,0.004683236821740283,0.3573772400819146,0.03901631040931061
YER168C,0.41464237516869096,1.0809626113618853,0.0007446747072681871,0.10713299682154262,0.02398359994640602
YER169W,0.7452060383516932,1.1790905274738,0.004394517111388896,0.1946466133328935,0.019230106811402387
YER170W,0.6233552631578947,1.0894300799019492,0.003254665450826097,0.11189338301064784,0.012771673683583928
YER171W,0.9531039136302295,1.321703352102626,0.19412074308333657,0.35990258781614104,0.10753210385077627
YER172C,1.3932244404113732,1.5443703545222587,0.07292409506151928,0.3005426544866019,0.03703161784217773
YER173W,0.6116427432216907,1.1131046503655329,0.00113544443322368,0.27769600860911436,0.04006813646964926
YER174C,0.5287948131197558,0.9551691456666034,0.2917618907540172,0.38872845435677816,0.06664033899076607
YER175C,0.5707017543859649,1.0410106903241914,0.002497803985190571,0.15789178971782072,0.023295017805437617
YER177W,1.0484363081617087,1.1669321562283133,0.27263015497870685,0.568215430472085,0.11748640329119073
YER178W,0.8208502024291497,1.1521176416147523,0.15863074825814724,0.26746207826607954,0.08081378121244645
YER179W,0.5833333333333333,0.9222217456517274,0.43969653868510505,0.11208392769696363,0.1356863949919771
YER180C,0.6528822055137844,1.0028749859302322,0.002789612191009502,0.13525916418067685,0.030330751374733195
YER180C-A,0.5850877192982457,0.9664503880182383,0.0027661414991640614,0.08317375889291519,0.027652696563846096
YER182W,0.5037593984962405,0.9688037401195295,0.0014576934283114158,0.1543450543447823,0.027349388927422776
YER183C,0.7318511796733211,1.147695509961344,0.004551476452703929,0.1280618343439102,0.017779620340765624
YER184C,0.6785512167515562,1.0720319182437854,0.06788514841074865,0.14773506724446522,0.030243352715753482
YER186C,0.7824692327834512,1.1683403326517279,0.006006364400930363,0.11416205197984078,0.011160778234690846
YFL001W,0.7449874686716791,1.1281855281101643,0.007174817939513748,0.18120983993361836,0.021837464039094617
YFL002C,1.3551698394923477,1.5203490082007962,0.05189737398579622,0.2580062233572824,0.041038023913210576
YFL002W-A,0.6706388613042038,1.1370820256167273,0.059613424638837044,0.20703900385744736,0.022851658620396988
YFL003C,0.6453634085213033,0.9964275608375779,0.16038120384396648,0.4403498500272458,0.10489922946575088
YFL004W,0.517056530214425,0.9541925420970571,0.07562589020459184,0.062148664503173544,0.03277127172798798
YFL005W,0.6868421052631579,1.152089855671727,0.02687485144743795,0.25573250060586006,0.0242577918912279
YFL007W,0.9152882205513784,1.2780821146343002,0.051952236108947156,0.34608976947138714,0.05370394066868663
YFL008W,0.9167975909924063,1.2721205281154933,0.04930391375695121,0.18668816476863404,0.026713334804715105
YFL009W,0.7335258878904578,1.1819552303711731,0.005743799192490975,0.24716467150050175,0.025384607297009972
YFL010C,0.3669590643274854,0.9058792542714488,0.0004658328031620133,0.1530855136616753,0.030389176243561692
YFL011W,0.5986842105263157,1.1049380146559586,0.0022037015542911978,0.14516039585276858,0.020702651844865055
YFL013C,0.9667919799498746,1.3132189220095154,0.00797103274421337,0.26913903290541424,0.039639059327595885
YFL014W,0.693859649122807,1.1552736342463876,0.003553052344556834,0.17343129195310975,0.019574320695534206
YFL016C,0.6300799467021985,1.0322481907528471,0.005338743910368761,0.11226684167774253,0.012431984225743077
YFL017C,0.5080091533180777,0.8734024306576497,0.0879742055096778,0.06321088449280007,0.04655258295875415
YFL017W-A,1.232304900181488,1.4584818527800985,0.016885356560469942,0.26856891519383574,0.028668176858351026
YFL018C,1.0516194331983806,1.320636160133271,0.2825623721897712,0.49775645272526564,0.11449254841119853
YFL021W,0.4461722488038278,0.9392432152767978,0.0008472929190838199,0.3101634535216506,0.050599860366822694
YFL022C,0.8778195488721804,1.2918110322829017,0.0037377749589472477,0.421746633196553,0.11271350016259307
YFL023W,0.9156545209176788,1.2050514440746134,0.31484876412902096,0.5650490458313471,0.14969374951546355
YFL024C,0.7882205513784462,1.2359927596769702,0.007985729981132828,0.14918035186468723,0.027488758984466254
YFL025C,0.47527910685805425,0.9447029357298928,0.00113544443322368,0.06705709024709555,0.0224573851187957
YFL026W,0.7523923444976075,1.0300089180196328,0.09381648613874269,0.10518083234097017,0.035510935543021496
YFL028C,0.8154080854309687,1.292132083806639,0.006139736305822918,0.2443403736548997,0.02754397196940048
YFL029C,0.5646390566580385,0.9604860232826126,0.0024405368373917047,0.07394981408025324,0.010279872001754987
YFL030W,0.4225146198830409,1.1195015452931205,0.0005229762520726913,0.21532763440805922,0.05155481911398285
YFL031W,0.4860681114551083,1.0581910858226646,0.0030186999808911926,0.10861337181055236,0.025722859276389183
YFL033C,0.6271929824561403,1.0243987634219327,0.3607479449989929,0.20692679728029262,0.10791132596372219
YFL034C-A,0.7478070175438596,1.2243730319388213,0.003880122804341954,0.33966409682309356,0.07189293903403184
YFL034C-B,0.7753254102999433,1.102475240353774,0.06382302176797686,0.31176615381367584,0.04832960149619549
YFL034W,0.6375438596491227,1.0514199798739274,0.0021851732359338804,0.2007278534886733,0.029561693633789014
YFL036W,0.703859649122807,1.0053745961640699,0.11506283663922587,0.29632403710318445,0.05839740921737359
YFL037W,0.9928229665071769,1.2891167382024582,0.5402994399683192,0.4898744555793298,0.17547956195872333
YFL038C,0.7201754385964912,1.16266068019604,0.03136565107319032,0.2866430817867417,0.028648772906150886
YFL039C,1.181077694235589,1.4004010704267444,0.05216037514784147,0.33530134438209486,0.058460851267902625
YFL040W,0.45614035087719296,0.85428980204522,0.3515433056067827,0.05129750229136984,0.051168448553074806
YFL041W,0.7643540669856459,1.1937444137472897,0.011703153868508282,0.12991282493524348,0.015122934505784457
YFL041W-A,0.9960127591706539,1.4912473068636505,0.02169361697050688,0.1656515948969418,0.040998051674683386
YFL042C,0.4751461988304093,0.919521070079232,0.42554996844368914,0.14486334375148696,0.05481574073726733
YFL044C,0.7456140350877193,1.1455280809973158,0.014449526051217354,0.301660336878966,0.04465787265693768
YFL045C,0.6291866028708133,1.034915057530189,0.020905500574379843,0.26913924655150523,0.0627130959945871
YFL046W,0.5453216374269005,1.045722982231507,0.001534324828299335,0.08953850630926966,0.04220150944532933
YFL047W,0.41040100250626566,0.9434958260791928,0.0057452480310683125,0.208794318797377,0.049033278276163036
YFL048C,0.8736044657097288,1.1619271816314107,0.0059227990793491,0.2842594557528518,0.046136699354040925
YFL049W,0.8587719298245615,1.2091925700225294,0.003607251901188306,0.36013935449004486,0.059376418754063964
YFL050C,0.7449874686716791,1.2082218257508177,0.007216113590565497,0.22626331117485743,0.022302598721711066
YFL054C,0.6462931522354272,0.9893244083623625,0.0033690193784905813,0.10975672372436447,0.018148246269379102
YFL056C,0.5818713450292398,0.9924493119025107,0.001853524697886747,0.14829797021525454,0.023274917447886116
YFL057C,0.9960127591706539,1.4912473068636505,0.02169361697050688,0.1656515948969418,0.040998051674683386
YFL059W,0.8748006379585327,1.2035283309625415,0.09252409574784498,0.18703142178528026,0.042803266751629904
YFL060C,0.7838915470494418,1.1212519081983139,0.004443958830498747,0.14401031806683642,0.02468732457745184
YFL062W,0.779505582137161,1.2307084181811034,0.013400806579765893,0.13392431271853888,0.01609528386012103
YFL066C,0.7549707602339181,1.1428400821839013,0.004598321753985949,0.1280695786400322,0.015252321136533504
YFR001W,1.3551698394923477,1.5203490082007962,0.015016121652336838,0.25399248836920213,0.038906088754277014
YFR002W,1.0706914344685243,1.3976477737172261,0.02184092788389759,0.2514891219518167,0.031458219860223825
YFR003C,0.5,0.9222217456517274,0.06848441747298382,0.5092487876322881,0.09284465783906765
YFR004W,1.7757997936016512,1.7983134168368655,0.9992909215610908,0.8076196203333497,0.40819004589865515
YFR005C,0.8300060496067755,1.2786776468337604,0.006934931451099621,0.11236573638382698,0.012602194803677056
YFR006W,0.5526315789473684,1.079036783846965,0.0011995741687372086,0.3584583011544533,0.09066374011974299
YFR007W,0.8934468524251805,1.2160281612842831,0.009094843129718347,0.12866777435850202,0.02879708981850735
YFR008W,0.5624355005159958,0.9952761000862813,0.0010950647650330209,0.33697846992786756,0.05352820977091275
YFR009W,1.0823850165955429,1.3999591307814991,0.023593426628608593,0.289282105324422,0.041095243986300205
YFR010W,1.2280701754385963,1.4566064065764803,0.023009451676284053,0.2939687734622658,0.041752997536595476
YFR011C,0.6986944104447165,1.0458649600190952,0.003575350860661755,0.09900847981651104,0.01345384514839488
YFR012W,0.9960127591706539,1.4912473068636505,0.02169361697050688,0.1656515948969418,0.040998051674683386
YFR013W,0.8221690590111643,1.27476408046943,0.004096412140427566,0.14441888560990845,0.02281515632013792
YFR014C,1.0107017543859649,1.234247405300037,0.819831137318524,0.42348346315443497,0.19941996382034533
YFR015C,0.9771929824561403,1.239522718495472,0.08813424675196749,0.4337551341930223,0.07830680636944377
YFR016C,0.48245614035087714,0.9426016142284084,0.12232839340630448,0.07986501087385453,0.036046562684083086
YFR017C,0.6571319603356216,1.1157262193080906,0.050825148391091604,0.19702344645626216,0.02988821470031667
YFR019W,0.8157894736842105,1.2287314439946018,0.2804703421747166,0.31851525814871257,0.07672686604869547
YFR021W,0.6573787409700722,1.0400724382144642,0.5884084395144304,0.5241037952749451,0.1740163569678323
YFR022W,0.682937181663837,1.0627180817612967,0.0036888845895365068,0.2038239822111756,0.02405530498146321
YFR023W,0.9960127591706539,1.4912473068636505,0.02169361697050688,0.1656515948969418,0.040998051674683386
YFR024C-A,1.0364372469635628,1.2460832313341492,0.2723828570396907,0.45372072462100504,0.10250925479308827
YFR025C,0.4716599190283401,0.8974869149141265,0.1487202366082627,0.06573097506772467,0.03984448967103673
YFR027W,0.6570972886762361,1.1237326696892043,0.04153948483726408,0.2912948020623948,0.05087071281460214
YFR028C,1.1111615245009074,1.3579532972868005,0.13533557169999824,0.4437182206764292,0.07672712957164386
YFR029W,0.7926065162907268,1.2327832292595895,0.10361564901449115,0.24444197196325518,0.037624091086488454
YFR030W,0.7481203007518797,1.1818704197201866,0.24088485028624762,0.35761782810059806,0.06376251704081494
YFR031C,0.6692982456140351,1.1431127483280412,0.10959019765643616,0.3148218930921403,0.05799874482405297
YFR031C-A,1.3958810068649885,1.5612752228336848,0.013926794183663275,0.24344404851373475,0.04585212407024984
YFR032C,0.5149638802889577,0.8957268170426065,0.0014089725572177876,0.08490693225758883,0.028100318848213523
YFR032C-A,1.026315789473684,1.3338026953611575,0.003732514571502187,0.17274566405051708,0.035616440292209964
YFR033C,0.6300799467021985,1.0708630200504858,0.007930395261433928,0.13745181322479613,0.012146877788507178
YFR034C,1.0857332009268452,1.2605755175016704,0.6155133725380592,0.6390472900141877,0.1347801494933793
YFR035C,0.8154080854309687,1.292132083806639,0.006139736305822918,0.2443403736548997,0.02754397196940048
YFR036W,0.736140350877193,1.1892050779121717,0.0034609917221433,0.24128850326573764,0.038359415194807456
YFR037C,1.39792663476874,1.5194947596263386,0.07758599171295928,0.34454949756877407,0.05769029154580704
YFR038W,0.5986842105263157,1.1049380146559586,0.0022037015542911978,0.14516039585276858,0.020702651844865055
YFR039C,0.46616541353383456,1.0875578368999421,0.0008839408410786161,0.262813847691086,0.04075730985878935
YFR040W,0.9202228544333808,1.2961931051404734,0.0073002534513774454,0.19142475908601767,0.026160814897775383
YFR041C,0.3192982456140351,0.9165596540857093,0.00019275642712812666,0.08889143232739222,0.05123499234263272
YFR042W,0.6546052631578947,1.06012605059792,0.003254665450826097,0.13854396971447797,0.01656974952347333
YFR043C,0.5975438596491227,1.0514199798739274,0.0021851732359338804,0.18360687260989406,0.022622453235182822
YFR044C,0.3521303258145363,0.7712792474688653,0.0004052468241473772,0.06173025887031541,0.03248163112665736
YFR046C,0.8123199790521078,1.231435210396994,0.006006364400930363,0.15175807043910958,0.014059520291256842
YFR047C,0.45411605937921723,0.9312155238972297,0.0007462000264568456,0.07174937317436433,0.04103353432230688
YFR048W,0.6896929824561403,1.1267022056749592,0.0031294108194701792,0.1701252286106065,0.029937497562486814
YFR049W,0.7439271255060729,1.134921874418985,0.0022204918478908524,0.27026816549465266,0.05631534032145212
YFR050C,0.6867167919799497,1.1578347486242222,0.018413207443868068,0.18504379973536655,0.027041849308862262
YFR051C,1.1008771929824561,1.3075421843892707,0.06090865016909628,0.42082523918612563,0.07835038392376764
YFR052W,1.3596491228070176,1.4923430836924678,0.07186306566147699,0.30996508281954394,0.05276004584198775
YFR053C,0.8100539811066128,1.1747321735711829,0.48821027936503847,0.5183437000867047,0.14727744722137773
YGL001C,0.6873433583959899,1.1271831539633397,0.01195857734854133,0.30770010454468644,0.037412449823413435
YGL002W,0.24937343358395989,0.7953116288862793,0.00023398097855695647,0.18607715332080918,0.027039120943635978
YGL003C,0.696140350877193,1.1559308986752597,0.00609062135177293,0.2010662012013853,0.034511635963697544
YGL004C,1.1491228070175437,1.424384812455508,0.011310594582690115,0.26766372854094367,0.036142859825007076
YGL005C,0.6201754385964913,0.9975444011262724,0.0026773751717001576,0.09602729002813297,0.016699308667132665
YGL006W,0.9449204406364748,1.2738820604405223,0.28368737042901015,0.45408122521531946,0.07208422496714054
YGL008C,0.7909356725146198,1.0536148835375263,0.3778902771630475,0.4463578199234228,0.10818825253999574
YGL009C,0.5921052631578947,1.0020166885252133,0.12714224019356235,0.2978010507854854,0.06793764092316182
YGL011C,0.8295739348370926,1.1995676580041903,0.23874020375369234,0.2204865013095208,0.05652227480967456
YGL012W,0.6873433583959899,1.1049756192640667,0.055373476425461324,0.2852863949265034,0.0402718942998405
YGL013C,0.6654135338345865,1.126115829697701,0.09756958962109642,0.196263326705435,0.045750168695378166
YGL014W,1.091533180778032,1.3736295351879972,0.00483027747490717,0.18713664350421447,0.03743973591111105
YGL015C,0.6585213032581453,1.0191098740440845,0.0030436768284368997,0.16296281678210495,0.017792808949971685
YGL016W,0.8090815273477812,1.0816242529400424,0.3102325019689825,0.4406096929688222,0.09054992301024735
YGL017W,0.8298245614035087,1.1917739059186427,0.005885634419768151,0.12788595746411777,0.019528026233471277
YGL018C,0.3164160401002506,0.8017206477732793,0.0004052468241473772,0.12690028150990232,0.01906468730514144
YGL019W,1.5298245614035086,1.6179693321140691,0.1905692522068342,0.44818721691890046,0.10101863331267673
YGL020C,0.9960127591706539,1.4912473068636505,0.02169361697050688,0.1656515948969418,0.040998051674683386
YGL021W,0.5080091533180777,0.8897241337918897,0.0879742055096778,0.07957460261804725,0.04461124030330243
YGL022W,0.6087719298245614,1.1127035429833563,0.28926751454712835,0.3439959362144054,0.07235696187670888
YGL023C,0.6193390452876377,1.0538528206744406,0.002383498344407169,0.1600859707626186,0.021694911682745413
YGL025C,1.5403508771929824,1.6428713830029618,0.01654178802261001,0.29504113881978244,0.04536214902012889
YGL026C,0.7005012531328321,1.1114301681478596,0.09802770742910474,0.2744978787434244,0.04991004000991156
YGL027C,0.7294926505452821,1.0866812865497075,0.10897791132806599,0.10040944128809312,0.024586754246784054
YGL028C,0.6679907315458458,1.216053902199413,0.004174965103923487,0.18200078057020933,0.015392045215490324
YGL029W,0.8232549458753265,1.2622526973024577,0.007038195233124305,0.10757262013058413,0.019621788248976424
YGL030W,0.7439271255060729,1.0768861601332709,0.0022204918478908524,0.2121924036026951,0.05821357397723269
YGL031C,1.0697940503432495,1.3632270023974047,0.004070245232698118,0.1843979073690573,0.03675228858275467
YGL033W,1.0,1.0,0.0,0.7071067811865477,0.5006574621959238
YGL035C,0.7744360902255638,1.1855681454688616,0.005749819501341007,0.26292412561610523,0.04357905065142597
YGL036W,0.475438596491228,0.9760754945875326,0.0008459260691669998,0.059565291370760325,0.046378877820491084
YGL037C,0.7384370015948962,1.1395967070309174,0.005350029504011281,0.1264114356334219,0.017734360699582778
YGL038C,0.6035087719298246,1.0036668501058643,0.0036189947573875398,0.08754486646667212,0.014207199377946851
YGL039W,0.6812470365101944,0.9801268632092057,0.0061949839670552165,0.0867962118204239,0.025980236212729147
YGL040C,0.6462931522354272,1.036085721583303,0.0033690193784905813,0.11493986707182251,0.019534735926468275
YGL041W-A,0.9960127591706539,1.4912473068636505,0.02169361697050688,0.1656515948969418,0.040998051674683386
YGL043W,0.8088568194680249,1.2327905885114123,0.003936979177168384,0.17567184949802944,0.02266764378296472
YGL044C,0.9121052631578948,1.264033254505124,0.08351009915769407,0.17772541937414166,0.038069881457912985
YGL045W,0.8114035087719298,1.2567564472539048,0.5008143859600854,0.38098847555345117,0.21556133454007248
YGL047W,1.0007974481658692,1.4936511530174965,0.02169361697050688,0.16930826474722616,0.042879980899746095
YGL048C,1.280701754385965,1.4681006594500436,0.03668501631934095,0.29510700564933534,0.04533858099773086
YGL049C,1.1296992481203008,1.3586450455937336,0.1904847204258309,0.4622234618033547,0.09898953233522689
YGL050W,0.4766081871345029,0.9992895749474697,0.5557635424919144,0.28852439714608563,0.10054478334982431
YGL051W,0.8779904306220094,1.2868539428440176,0.023247918481211154,0.18004529532293595,0.02103024828312101
YGL053W,0.6116427432216907,1.0748437808003153,0.19738364068141998,0.10908444914581161,0.06402386068818029
YGL054C,0.6035087719298246,1.0679147714966428,0.0026773751717001576,0.11867314848582258,0.013712375175019506
YGL055W,0.5206766917293233,1.0573079311469404,0.012251783303768193,0.11077898245418008,0.023602953289371217
YGL056C,0.9824561403508771,1.3330788368847624,0.0093204552801324,0.21540040034736457,0.024821616822450168
YGL057C,0.5758145363408521,0.9466796046162604,0.001824499862733104,0.134127791448134,0.042414848623582586
YGL058W,0.5394736842105263,1.0110569594088314,0.40947665391218935,0.5146482497444246,0.10362013628509076
YGL059W,1.0116959064327484,1.2698275773933667,0.2759365262824901,0.562238841183817,0.10987914388563351
YGL060W,0.9167975909924063,1.2920659510874606,0.020696466255725462,0.23874447246685174,0.023917508002856774
YGL061C,1.0296052631578947,1.3122512838552287,0.16366049506028474,0.408517222240802,0.06945074005199114
YGL062W,0.5149638802889577,0.9790601503759397,0.001434720176209605,0.16226679838078206,0.03259224487993742
YGL063W,0.4407894736842105,0.8984636831939257,0.0009515818121015821,0.06813433022196759,0.02259412489702285
YGL064C,0.6359649122807016,1.1262857299010767,0.0025037494129137817,0.25197817321287985,0.029580604627977732
YGL066W,1.099780701754386,1.381155945084284,0.010663374244145752,0.2535403425587496,0.03172881106997763
YGL067W,0.533625730994152,1.0150851767098907,0.0013715976343064739,0.24970509994429835,0.030730550443098352
YGL068W,0.7176113360323886,1.2241223066539462,0.2104627678530855,0.27810988617882226,0.08452646834492432
YGL070C,1.1959535936615733,1.4297805550665963,0.1420408287326309,0.34268804356346594,0.06528328249566874
YGL071W,0.6508771929824562,1.1306055915189042,0.6008038031522175,0.4753722108482163,0.1424571558965456
YGL073W,0.6188197767145135,0.915813023495812,0.09472407540843858,0.09844245144844999,0.056846453711700766
YGL075C,0.8570960984550929,1.242309627114381,0.012731581193009427,0.16057631187913174,0.019531133030361175
YGL076C,1.064327485380117,1.3609597217896812,0.01724893337632406,0.3989951231684512,0.10324587225701638
YGL077C,1.4385964912280702,1.560389067907865,0.08016212151815827,0.3542366690214416,0.05047793850730942
YGL078C,0.7907268170426065,1.214037762088147,0.006647050969274053,0.29085713008520875,0.049192024854133445
YGL079W,0.7307017543859649,1.1503899629520284,0.40077558176296835,0.5016604331935247,0.06408261639463703
YGL080W,0.9605263157894737,1.4536050040713597,0.01449419432718284,0.17953811169040634,0.020472697415429703
YGL081W,0.4557589626239511,0.8983781963077628,0.0010118598555412138,0.11883679904354852,0.024263146744197172
YGL082W,0.5375939849624061,1.1208911702332753,0.1437410836982215,0.282879222487581,0.07546596566710351
YGL083W,0.39792663476874,1.0116300115272154,0.0004548337845667982,0.2865449805443266,0.05034010789518628
YGL084C,0.3082706766917293,0.7945191616335922,0.0002959642595579767,0.08224548019821018,0.04254627622007931
YGL086W,0.8272453521864361,1.231435210396994,0.0075694120121462235,0.16212952758598004,0.015588472717196572
YGL087C,0.5427154843630816,1.004839141341514,0.26978656341285345,0.26123195808560695,0.05427075950620889
YGL089C,0.7069377990430621,0.9730381260894911,0.0039644776820830716,0.0919737176888748,0.01770260500441671
YGL090W,0.6184210526315789,1.043185179741114,0.001671433181190982,0.2152798924109524,0.04209067276186828
YGL091C,0.576140350877193,0.877208298524088,0.15811714873027818,0.19842290545198882,0.06381917449177485
YGL092W,1.1687306501547987,1.4295068441819936,0.034763495808110376,0.3094435872249982,0.038563060119645616
YGL093W,0.946648337261063,1.3063478588945483,0.019322371917723177,0.2881593324902819,0.02697394912464489
YGL094C,0.533625730994152,0.976513748138462,0.0013715976343064739,0.19152121128898855,0.03153780279904768
YGL095C,0.6302128271498417,1.1226577081000373,0.012070178294902015,0.13527328666675176,0.0179318564805373
YGL096W,0.6010025062656641,1.133579724369198,0.0023427792725995568,0.14010636007872695,0.015415020743906048
YGL097W,0.45864661654135336,0.9805234071216435,0.0004490856873440174,0.2577371541632757,0.079507480494935
YGL098W,0.6793931550186942,1.0804918094825258,0.00924670802603668,0.1284146128803509,0.022384656118831368
YGL099W,1.2741228070175439,1.5114905031172974,0.2750692948508013,0.5232312767917431,0.19004536680994
YGL100W,1.0510835913312693,1.3584514627817847,0.009445100819357826,0.26454640531131884,0.02895262057706182
YGL101W,0.4985380116959064,1.0688104822963926,0.0015325552610462089,0.23909197805934243,0.03122836150879367
YGL103W,1.4393592677345537,1.5966598382183004,0.018212730212588266,0.24818767501398376,0.04702520974828185
YGL104C,0.7946570972886762,1.260957528501388,0.009304537160504,0.15367882396883484,0.016335091294262985
YGL105W,0.75,1.0684502549587798,0.5014112460415155,0.5394135921635965,0.13925334987086513
YGL106W,1.2422949265054528,1.4539075864263835,0.3658216283557381,0.5597138563031268,0.12884105845157334
YGL107C,0.9960127591706539,1.4912473068636505,0.02169361697050688,0.1656515948969418,0.040998051674683386
YGL108C,0.8421052631578947,1.291658181057712,0.005229277877856803,0.16891422043410392,0.017173423322215157
YGL110C,0.3014354066985646,0.8899943825079941,0.0002781134920809894,0.1624323739287975,0.05195758635260926
YGL111W,1.5679357969391563,1.6434178743961354,0.02899789633571015,0.298876023402289,0.04687936243590388
YGL112C,1.412280701754386,1.5342516298872861,0.056963720467868365,0.3509653000560958,0.05025604040440515
YGL113W,0.6359649122807017,1.000726073776459,0.08610053528973426,0.12376251549736766,0.04182465880569821
YGL114W,0.27368421052631575,0.8733049279526359,0.0002871801750894038,0.07653120894012364,0.02930041863601412
YGL115W,0.9649122807017543,1.2966139739059943,0.08233712108864259,0.4550891652676239,0.08709198317007608
YGL116W,1.058213716108453,1.3496875358330467,0.07264565006230876,0.3386104461662267,0.0649601097326594
YGL117W,0.7327485380116959,1.1553435553708975,0.004598321753985949,0.11095163152908148,0.01327497254565709
YGL119W,0.5657894736842104,0.9345250490221597,0.001671433181190982,0.0979529125589368,0.02847483919133774
YGL120C,1.1240601503759398,1.3664571169268567,0.25037720969943283,0.42810703828031565,0.11258641357331944
YGL121C,0.6148325358851674,1.07933636415275,0.38251441381916,0.38399537272002676,0.1096346437568394
YGL122C,1.9864433811802233,1.9864854021017457,1.021417577220783,0.8232808334501186,0.48797225814906486
YGL123W,0.7675438596491228,1.236632073140598,0.020052843346817853,0.24515173678057506,0.07554294752178903
YGL124C,0.6302128271498417,1.0277255452907794,0.03522742208329334,0.15948783186182014,0.01786297759174185
YGL125W,0.6359649122807016,1.0260974059839392,0.0025037494129137817,0.1317006802510805,0.03279203903046965
YGL126W,0.7135964912280701,1.071035047881233,0.004687198216103567,0.10474196558996786,0.014058493079412804
YGL127C,1.307017543859649,1.4654877909852235,0.028518314502109454,0.2444021764783678,0.037810971974188076
YGL128C,1.013914095583787,1.3774259521589804,0.00848564452507441,0.19035579803783406,0.020180776613979223
YGL129C,1.1096491228070176,1.390239053724964,0.0057360248300601215,0.25998213807500004,0.0355998055764242
YGL130W,0.6447368421052632,1.0463895245359776,0.2105219244316921,0.3260998080653877,0.07028786597118186
YGL131C,0.7219502243982048,1.1668094916779128,0.004394517111388896,0.16833145595539423,0.015931472022222885
YGL133W,0.9736842105263158,1.323066188197767,0.033970368150747214,0.17219896560060707,0.03471976859762581
YGL134W,1.0771929824561404,1.2822577612305146,0.16050684491403935,0.4993054916927841,0.09962354519153563
YGL135W,1.1784897025171626,1.418595322089268,0.003223576658970606,0.20906676430932358,0.03949444162760507
YGL136C,0.5986842105263157,1.1049380146559586,0.0022037015542911978,0.14516039585276858,0.020702651844865055
YGL137W,1.1917862838915472,1.4226250091495147,0.40665835500971026,0.41998347363804783,0.10394671549208821
YGL139W,0.9667919799498746,1.4397426929371175,0.013820922276894437,0.2227025917820124,0.030804822573957454
YGL140C,0.7393025246041934,1.118314041116537,0.005163661045510453,0.13037587997151348,0.016975502242639367
YGL141W,0.3164160401002506,0.8017206477732793,0.0004052468241473772,0.0974469258582395,0.020750172711660103
YGL142C,0.24937343358395989,0.7953116288862793,0.00023398097855695647,0.18607715332080918,0.027039120943635978
YGL143C,0.6107017543859649,1.0518261781026903,0.08249780398519058,0.16366432288298988,0.04207687803587893
YGL144C,0.583859649122807,0.9100870008764745,0.002285058861448065,0.08653177823280782,0.023279660026116585
YGL145W,0.6629997123957434,1.0611765512201075,0.005313353584485516,0.11471695400755844,0.020590264417733355
YGL146C,0.43107769423558895,0.9331200672975262,0.0010405445033071356,0.10801343791910462,0.037979389192036216
YGL147C,1.2219679633867275,1.443326504884967,0.007407668141182388,0.2154819026499411,0.04091650361204892
YGL148W,0.6517709367759019,1.0878147465266137,0.006386432714457629,0.2246136668156333,0.017422697470812903
YGL150C,1.0739348370927317,1.353837877522088,0.010298445190673433,0.31304160163122896,0.04820665897044252
YGL151W,1.3403508771929824,1.5030112431428222,0.010695069016394897,0.25243264881635546,0.03763389740360337
YGL153W,1.0981548699334542,1.3838287973147076,0.2750221103958906,0.38742932554778287,0.0895122348453425
YGL154C,0.6123481781376519,1.0351706042816455,0.513851689622243,0.331588611010419,0.11041947006181502
YGL155W,0.8154080854309687,1.1668115709861262,0.006139736305822918,0.14193936270742186,0.02855989373870289
YGL156W,0.6140350877192982,1.0797644777871427,0.05214974015149784,0.4044696733167643,0.07614594331418875
YGL157W,0.24484004127966977,0.7712116455181034,0.11770170066507007,0.020052931604034378,0.061268717629511554
YGL158W,1.1087719298245615,1.293652029481989,0.4509756729538199,0.3832741839702043,0.12391460596503645
YGL160W,0.9667919799498746,1.4397426929371175,0.013820922276894437,0.2227025917820124,0.030804822573957454
YGL161C,0.6701754385964912,1.0611807647626361,0.009267644047612105,0.17658360671213125,0.022912070519497483
YGL162W,0.6850877192982456,1.0809881387272808,0.40064018500410825,0.4101429551384923,0.2017933598032576
YGL163C,0.7219502243982048,1.1668094916779128,0.004394517111388896,0.16833145595539423,0.015931472022222885
YGL164C,0.8550051599587203,1.2102064224504134,0.007418856563787058,0.11402029221154589,0.015617275046626414
YGL166W,0.49923722349351635,0.8601131933368775,0.08796838159467164,0.0760900993332965,0.04754633654533327
YGL167C,0.6921052631578948,1.1330655069045161,0.01126350526679857,0.29485232041206055,0.061134332370920905
YGL168W,0.7384370015948962,1.1709357383699488,0.004615906205311298,0.2475664061419858,0.025910749474033237
YGL170C,0.43107769423558895,0.9490020865828352,0.0010405445033071356,0.18877724403535734,0.03516283429760231
YGL171W,1.0010121457489878,1.3722019464720194,0.008251705778912837,0.15890500239858701,0.022514913360267813
YGL172W,1.0902992776057792,1.40373950806983,0.02481138727330287,0.2656519376007056,0.03325078573466263
YGL173C,0.9549707602339181,1.316156297866303,0.013278121191361146,0.3178343345495124,0.03871115732234938
YGL174W,0.852994555353902,1.272053281351527,0.007027216427105527,0.11648330706707892,0.013775212759756388
YGL175C,0.46453089244851253,0.8868527230553105,0.0009941114431181368,0.15791255193557427,0.02136211700706286
YGL178W,0.6439628482972136,1.1361192976777597,0.001887961896969785,0.2953176720769559,0.04303433245910883
YGL179C,0.9276315789473684,1.2471772969718682,0.4130932889129227,0.5139745089468802,0.1267438595801342
YGL180W,1.149749373433584,1.297762132213176,0.2539920922747222,0.4982274083996438,0.12960813760439543
YGL181W,0.8375438596491227,1.1628281795174211,0.3696851732359339,0.17048393556332242,0.10353644412846331
YGL184C,0.7318511796733211,1.147695509961344,0.004551476452703929,0.1280618343439102,0.017779620340765624
YGL185C,0.4084429824561403,0.9077203348168986,0.0008689127409283844,0.09107376102436013,0.01873650566775448
YGL186C,0.5275689223057644,1.0699692412850308,0.002042062765172817,0.2630124345426973,0.038966964938711476
YGL187C,0.6933710859427048,1.1220902643945945,0.044794187117799436,0.23805070186357202,0.020709404305484583
YGL189C,0.7537593984962406,1.1827927068426352,0.112486703833392,0.3565252668165106,0.07098678019295068
YGL190C,1.0127591706539074,1.3175237931429882,0.029158833848219816,0.32747124442245845,0.058708653916196486
YGL191W,0.6047634910059959,1.0418110322829017,0.002908309725613928,0.10775646219854365,0.00854920669205271
YGL192W,0.475438596491228,0.9760754945875326,0.0008459260691669998,0.059565291370760325,0.046378877820491084
YGL194C,0.8847409220726234,1.2777381971188133,0.06347045716739537,0.3014749679931593,0.038645476820983016
YGL195W,1.1094120436225698,1.4091357180830864,0.053450853333272486,0.2991198060364172,0.04413101051375465
YGL197W,0.5910087719298245,1.0052738891427464,0.004956852620480184,0.4201934567162654,0.07124318179738619
YGL198W,0.8701754385964913,1.1486722206751447,0.11436441452721312,0.37293227977994514,0.05017023141612646
YGL200C,0.9310207336523125,1.3064120739559335,0.02170683556331179,0.2168461983750313,0.023185052923430344
YGL201C,0.8382292941656466,1.2258754257438467,0.015817524975026608,0.24770512107420534,0.0292281165289924
YGL202W,0.40148448043184887,0.9558594952293014,0.0006372173423669757,0.21236816021780314,0.041712694245051765
YGL203C,0.9122807017543859,1.2869042194230165,0.008684459173018483,0.17059236989380253,0.02143329518854402
YGL205W,0.5037593984962405,0.9688037401195295,0.0014576934283114158,0.1543450543447823,0.027349388927422776
YGL206C,0.9575438596491228,1.2408139192678669,0.20689945895021963,0.44185043042665567,0.08991882655699451
YGL207W,1.2298245614035088,1.4593324343467364,0.1499241310444717,0.3517261361391417,0.06987471299687768
YGL208W,0.7268170426065163,1.1758549169767245,0.003368867120388625,0.2503414607117558,0.03158219231265149
YGL209W,0.5909090909090909,1.0575759251068848,0.001906408700324564,0.12005579837348607,0.0448140075072843
YGL210W,0.6868421052631579,1.152089855671727,0.02687485144743795,0.25573250060586006,0.0242577918912279
YGL211W,0.3521303258145363,0.8461650922177237,0.008341754760655313,0.1819824944872501,0.029456510086243618
YGL212W,0.8105406960023007,1.1910756537907101,0.04315810717867075,0.36520179944028663,0.035055166192217324
YGL213C,1.043859649122807,1.383990661408042,0.8338550562138372,0.6940466620024741,0.3594833381554897
YGL215W,0.4890350877192982,1.009176242493025,0.0007608512626089609,0.2654516788952695,0.04239657828125315
YGL216W,0.7661943319838056,1.0972972470534494,0.7061593819299353,0.6510561559484817,0.17866014790760557
YGL219C,0.6603551561831408,1.056802605218548,0.0032271694807393127,0.10240576706173216,0.014355972932792609
YGL220W,0.3983600305110602,0.8812290210935674,0.0035537221110660097,0.19353896105024787,0.03131662041743487
YGL221C,0.6462931522354272,1.036085721583303,0.0033690193784905813,0.11493986707182251,0.019534735926468275
YGL222C,0.7327485380116959,1.1339876231675077,0.004598321753985949,0.11091609042788486,0.013014211477779303
YGL223C,0.7035087719298245,1.1002289648846617,0.05186078235797629,0.14243058036666945,0.03053856090025513
YGL224C,0.9667919799498746,1.4397426929371175,0.013820922276894437,0.2227025917820124,0.030804822573957454
YGL225W,0.5329457364341085,1.0919042709658502,0.02451281268086941,0.23795093855995142,0.028680018125108463
YGL226C-A,0.4087719298245614,0.9803262677489383,0.00039533409600053495,0.18885995194131758,0.03337247519022134
YGL227W,0.7893551446183025,1.057059348532102,0.05319198096405221,0.38931761149334854,0.03642237799878945
YGL229C,0.8408521303258145,1.212555729257136,0.007177080786387024,0.27737381256250415,0.03652519066326284
YGL230C,0.7037480063795852,1.084486940266094,0.007476413569817836,0.08934442094119358,0.012580802682800764
YGL232W,0.8114035087719298,1.246275912805518,0.005567246198913567,0.2808686210576497,0.03996523638246642
YGL233W,0.8087719298245614,1.084946462329468,0.02465544987869081,0.43795281525329377,0.08165202494144337
YGL234W,0.5207336523125997,1.049938120422957,0.00113544443322368,0.17936678464026318,0.02435037718289548
YGL236C,0.6679907315458458,1.216053902199413,0.004174965103923487,0.18200078057020933,0.015392045215490324
YGL237C,0.8721804511278195,1.1992930763706386,0.6470120390653294,0.569109814207118,0.12895435676222078
YGL238W,0.728744939271255,1.1805972022117566,0.010584412965704802,0.239238169091111,0.022331512301483787
YGL240W,0.896140350877193,1.255482914603582,0.0919557007168523,0.30149483539535193,0.05948979625681161
YGL241W,0.4407894736842105,0.8984636831939257,0.0009515818121015821,0.06813433022196759,0.02259412489702285
YGL242C,0.6329030122476,0.9929550672597178,0.0029673191719768875,0.0942100763874003,0.013740518925202599
YGL244W,1.0298245614035086,1.3526130667578036,0.0057898489791551235,0.29498140245647847,0.03984813991186565
YGL245W,0.8872180451127819,1.2916345182327547,0.7147804409146765,0.6100908610849852,0.27316594147278556
YGL246C,1.25,1.5692805691811391,0.8336452864980497,0.6686278065587723,0.38838149264099386
YGL247W,0.5146198830409356,0.9993215081903655,0.11203568955915373,0.06959012963663083,0.05456749374645735
YGL248W,0.7449874686716791,1.2082218257508177,0.007216113590565497,0.22626331117485743,0.022302598721711066
YGL249W,0.5025062656641603,0.9575386719486889,0.0010405445033071356,0.3047739376210373,0.055649415566432846
YGL250W,0.6144338118022328,1.0279665326420941,0.2300252703798568,0.20144510952009184,0.0551420601031968
YGL251C,0.4461722488038278,0.9392432152767978,0.0008472929190838199,0.3101634535216506,0.050599860366822694
YGL252C,0.8497807017543859,1.232153727789384,0.010064826378286245,0.12975227987844562,0.01923937261696102
YGL253W,0.7268170426065163,1.1758549169767245,0.003368867120388625,0.21513803154819322,0.032653305412508646
YGL254W,0.6123481781376519,1.0972972470534494,0.6035952793658328,0.47550396810329587,0.10846988752537412
YGL256W,0.41929824561403506,1.0857325864165364,0.20019275642712814,0.2257648695944542,0.08592897835534596
YGL259W,0.4084429824561403,0.9440392603820174,0.0008689127409283844,0.20800562635602177,0.017941071287175113
YGL263W,0.5103668261562998,0.9082614201155357,0.001530952152726873,0.10621317877547035,0.02909787707701679
YGR001C,0.4859649122807017,1.0936887984989796,0.001032611714323587,0.29176873969937234,0.05553889861480269
YGR002C,0.8596491228070176,1.2774742411584517,0.008263927679965446,0.20758670704774473,0.032232364675210276
YGR003W,0.5689792663476874,0.9693708909956049,0.0020310423856288577,0.32970875210067085,0.03432324701360365
YGR004W,0.6902834008097166,1.0841784694293874,0.005106918324123472,0.12690748247395112,0.013601080582462791
YGR005C,1.099179400113186,1.3885205728128254,0.01553118544879401,0.3338804986090974,0.04969226996814268
YGR006W,0.7973946059177794,1.1608369029123882,0.006006364400930363,0.12531155885809375,0.012456734259916107
YGR008C,0.5438596491228069,1.0839906614080421,0.0005217228805039112,0.39431827251457097,0.13323465116653713
YGR009C,0.6138193845268909,1.0804918094825258,0.016842341771983523,0.10134695089336103,0.016506801550625495
YGR010W,0.6654135338345865,1.0475444011262725,0.0023314943830011732,0.15195790353118832,0.03981075906100819
YGR012W,0.27368421052631575,0.9244412915889996,0.0002871801750894038,0.16680208299315674,0.02508866638674089
YGR013W,1.1058681185722927,1.3983436039321722,0.013404189933000441,0.2153072045429529,0.023848435753746292
YGR014W,0.6195175438596491,1.104682120708357,0.2288747421487384,0.45358600250283393,0.09995805764224064
YGR016W,0.45864661654135336,1.0291345182327545,0.0004947266289623725,0.290390590995189,0.07850842907869321
YGR017W,0.5307017543859649,0.8778329589109355,0.39287022988159764,0.10204786600685598,0.08211091159919076
YGR019W,0.8185117967332123,1.2493755562330435,0.0069253847294438375,0.1075162274381733,0.012151322918315723
YGR020C,0.9985380116959064,1.240239053724964,0.09119853501700272,0.3705289782418208,0.06991391304031648
YGR021W,0.487719298245614,1.0260340096050182,0.0012782750562073592,0.2789496404481515,0.036889179489440496
YGR023W,0.517056530214425,0.9655402585442412,0.07562589020459184,0.06545490988181596,0.029266875606697752
YGR024C,0.7611642743221689,1.1825759500101605,0.0498985042850442,0.1621906104767888,0.02512065755062704
YGR026W,0.7211779448621554,1.1819581467513387,0.0050189420390180485,0.16608434779296238,0.016834626992593006
YGR027C,0.6907894736842105,1.116450742240216,0.0026925643969388092,0.2822922181437088,0.04062833055943593
YGR027W-A,0.46616541353383456,1.0875578368999421,0.0008839408410786161,0.262813847691086,0.04075730985878935
YGR028W,0.583859649122807,0.9824808232702968,0.002285058861448065,0.18278608081201597,0.020561798081258072
YGR029W,0.6427381745502998,1.0170714489495682,0.007139488510936104,0.09409668242649283,0.016156301224779682
YGR030C,0.6566047471620227,0.9676724616972294,0.03234630850820733,0.3206686278340472,0.06135182713956176
YGR031W,0.644736842105263,1.053932244404114,0.0028117772935132477,0.15010523765511435,0.030514395290611014
YGR032W,0.5275689223057644,0.9713082123914437,0.002042062765172817,0.16059999006787345,0.039624821034741714
YGR033C,0.7440039973351099,1.1759333202513436,0.13562621796655475,0.3208216167406884,0.028238027737905534
YGR034W,1.374141876430206,1.544584366520187,0.012336526264977818,0.23881390919725998,0.04508350284522056
YGR035C,0.696078431372549,1.20781835338301,0.004448031294269025,0.16598332318364156,0.017511601919866525
YGR037C,0.8376007586533902,1.2045674654114962,0.1355929879431426,0.16404713414589933,0.04182642105430951
YGR038C-A,0.4225146198830409,1.1195015452931205,0.0005229762520726913,0.21532763440805922,0.05155481911398285
YGR038W,0.719298245614035,1.1176091906595758,0.06901978994811934,0.3652055623571531,0.056642427621895836
YGR040W,1.1403508771929824,1.3768591969219686,0.6705008030035665,0.4866757360819759,0.18309035697849452
YGR041W,0.6090225563909775,0.9708911702332754,0.16593072654588717,0.39040721374349163,0.07148457579447182
YGR043C,0.6321052631578947,1.139512181708189,0.002954543602138518,0.09427104010320778,0.013970437988289827
YGR046W,0.6542200094831674,1.0275152138050405,0.003191980964052213,0.09890099799198555,0.015486827824445513
YGR047C,1.0141325536062378,1.3857269447599814,0.09986058531834112,0.2960304294512688,0.08031713473974912
YGR048W,0.9241854636591478,1.2461027936409939,0.11591246640304662,0.4173620697311116,0.07108496803390185
YGR049W,0.8185117967332123,1.1795729663908971,0.0069253847294438375,0.10359783107365056,0.01225035490038502
YGR052W,0.8765664160401002,1.2286476832801247,0.07860565221495844,0.28001762202779257,0.04582332217662611
YGR054W,0.6439628482972136,1.0720086754276026,0.001887961896969785,0.276893172961671,0.042563568631138915
YGR055W,1.5087719298245612,1.5948093577629372,0.12997770969765662,0.36379405074998883,0.05565719586366449
YGR056W,1.094896331738437,1.3337804739120527,0.00483233709510252,0.27722290974037833,0.03722655186547082
YGR057C,0.6679907315458458,1.0698264247219356,0.004174965103923487,0.09957998886282754,0.015750804220100993
YGR058W,0.5269423558897243,1.0330936991601813,0.2859987793880042,0.22695263451895406,0.13851928018981674
YGR059W,0.5026315789473684,0.9574319186191085,0.0015825348211871153,0.09322640906783158,0.017895621674387886
YGR060W,1.0067783094098883,1.3274811336516028,0.025242011853158126,0.25571543474806324,0.02635138013323694
YGR061C,0.5964912280701754,0.9921180445371252,0.002404925673525176,0.12186965602715677,0.015408594775625645
YGR062C,0.6174217188540972,0.9989188754201566,0.0030922326943470233,0.10111347809902324,0.010586949133899005
YGR063C,1.002405206564799,1.3299415856624095,0.01092110616129537,0.2856814058509677,0.040751736677709996
YGR065C,0.8596491228070176,1.30143268161503,0.006130106423130456,0.17315418599744015,0.01818544073643609
YGR066C,0.5504385964912281,0.9803403411703007,0.0018936556982402071,0.14022948601919266,0.024410843583593623
YGR067C,0.6010025062656641,1.0383971291866028,0.0023427792725995568,0.10268196672723438,0.01602977108811207
YGR068C,0.8298245614035087,1.2686969828417198,0.005502492657316043,0.1390219117951887,0.019524867360186146
YGR070W,0.3014354066985646,0.9640684565820683,0.0002781134920809894,0.27658772059126024,0.04955365622884897
YGR071C,0.682937181663837,1.100107521589761,0.0036888845895365068,0.18033818045997324,0.025278186509103705
YGR072W,0.2956656346749226,0.7673919172932331,0.00027327626863055143,0.05580936984665977,0.03552774775013867
YGR074W,1.2897761645493042,1.4863070126948106,0.025755366280162544,0.2787859020022452,0.03126258132628675
YGR075C,0.9334543254688445,1.3230868009045995,0.006984878506367185,0.15406039191452356,0.016625886294811657
YGR076C,0.395906432748538,1.0776835232329012,0.0004667932324213911,0.07602990845782584,0.011405723124498125
YGR077C,0.8222928009679371,1.2088665047053562,0.07628933660154034,0.29477078532805245,0.05153211672886868
YGR078C,0.6074561403508771,0.9808105694522891,0.02933322432417889,0.4972129972787497,0.05885944062731438
YGR080W,0.7294926505452821,1.0750870836511568,0.0038728062229608767,0.12230781700544166,0.018054414399765916
YGR081C,0.6868421052631579,1.194619201063884,0.0019348000850467307,0.19397390062355346,0.0428146134883635
YGR082W,0.6300799467021985,0.9947095830075394,0.004461135571068217,0.0956013092114289,0.013272846269762176
YGR083C,0.8748006379585327,1.1991718953189772,0.006240998999631939,0.3802689164217979,0.036599532185740816
YGR084C,1.1096491228070176,1.390239053724964,0.05435987627575276,0.2519786213387649,0.03838770130388703
YGR085C,1.3524027459954233,1.528511690070152,0.008690433387448298,0.2380015508830884,0.044317156844344674
YGR086C,1.0657894736842106,1.2879907032538611,0.19435923106360542,0.5501069328291139,0.1322448360630188
YGR087C,0.6847454000855798,1.1455471939631368,0.0032271694807393127,0.15336140035551588,0.017326957929762844
YGR088W,0.7384370015948962,1.1907127969819589,0.007615206187792618,0.1678946728652213,0.017100243961448935
YGR089W,0.8421707253207645,1.1518882972921296,0.011324957092344424,0.11480140885506981,0.01935370330879367
YGR090W,1.5202429149797572,1.6009529284044626,0.024156261509081643,0.28361722588599414,0.040393575665950344
YGR091W,1.1288566243194191,1.413212221748878,0.009563444712144605,0.23666788865061097,0.024350953430872145
YGR092W,1.093984962406015,1.3537944011262724,0.49995054200204886,0.6024314718337777,0.1808726633987398
YGR094W,0.769736842105263,1.122765620281141,0.005567246198913567,0.1427146650891295,0.02569207575537274
YGR095C,1.305301296720061,1.4841409078251184,0.04741331531363183,0.3395415739589878,0.06103944140020568
YGR096W,0.6679907315458458,1.216053902199413,0.004174965103923487,0.18200078057020933,0.015392045215490324
YGR097W,0.6571319603356216,1.0357796952439196,0.0023402999062431154,0.26586531538955593,0.028123074316314577
YGR098C,0.5359649122807018,1.0084523267823737,0.0015825348211871153,0.1640967328023103,0.02414443019249022
YGR099W,0.5307017543859649,0.909176242493025,0.29483101419532315,0.42848509067685403,0.07190605401955533
YGR100W,0.8663967611336032,1.3018977456028742,0.008080733446478666,0.11831182739601069,0.018108446741042904
YGR101W,0.6177944862155389,1.0308777344596058,0.0023314943830011732,0.13054162001101235,0.02576593094396238
YGR103W,1.5466592011944755,1.6292012984735702,0.0696488302219668,0.28925207548162674,0.048669186896915656
YGR104C,1.5070175438596491,1.6161334150885234,0.020403311054892088,0.2839051065643138,0.04436887905311053
YGR105W,0.591130604288499,1.090239053724964,0.0015518161305177578,0.166957787364436,0.024981526678576768
YGR106C,0.591130604288499,1.090239053724964,0.0015518161305177578,0.166957787364436,0.024981526678576768
YGR108W,0.7843137254901961,1.2558215804907147,0.06327156070603374,0.2595212461782317,0.04027743846021715
YGR109C,0.8137254901960784,1.2558215804907147,0.006705904140377165,0.32131356487303686,0.0433230037444964
YGR110W,0.6902834008097166,1.0841784694293874,0.005106918324123472,0.12690748247395112,0.013601080582462791
YGR111W,0.7211779448621554,1.1819581467513387,0.0050189420390180485,0.16608434779296238,0.016834626992593006
YGR112W,0.7693204530313125,1.1054626235726839,0.055484054347863854,0.2847662932107786,0.0333084894031077
YGR113W,0.9358552631578947,1.2418110322829017,0.04447606725690532,0.38299745001199437,0.052578064728858946
YGR116W,0.9298245614035087,1.3334743107769422,0.007226630588350526,0.22210544519033373,0.030338964095988293
YGR117C,0.7393025246041934,1.2175075895036338,0.005163661045510453,0.20622276356260338,0.017029479476739887
YGR118W,0.8524027459954233,1.2740624356208976,0.0025423402108731984,0.13775937414207567,0.03102926869980246
YGR119C,1.0902992776057792,1.3976477737172261,0.020919265421896135,0.27456507843767275,0.03288129633711832
YGR120C,0.6868421052631579,1.126115829697701,0.03966283951732618,0.15502459664124724,0.026009370990561866
YGR121C,0.8245614035087718,1.2822359147547115,0.00523497393618444,0.16497757143137476,0.016196418691373317
YGR122W,0.3333333333333333,0.8397723981537968,0.0004847253447286076,0.12476783426256507,0.027294173372149313
YGR123C,0.7636927685066325,1.2425564653589614,0.005163661045510453,0.2454323382250326,0.024990806787348392
YGR124W,0.7349624060150375,1.2469392374111068,0.0037377749589472477,0.281277202025759,0.06856240618770876
YGR125W,0.3292397660818713,1.005219755116959,0.0004667932324213911,0.0525809295000005,0.00782486553876722
YGR126W,0.5105263157894737,1.1122166047302164,0.51130134509909,0.12106997396372324,0.11222704486388947
YGR128C,1.3856275303643724,1.5371622925426756,0.02322207961255593,0.255466053785354,0.036283564380893425
YGR129W,0.9219600725952812,1.331371463169709,0.007701825483727438,0.14106643141538278,0.016696315971608356
YGR130C,0.9473684210526315,1.311579544098341,0.01121933294684954,0.19287677783232954,0.023473376803509062
YGR131W,0.49614035087719294,1.0694556306019285,0.0015826848438364217,0.0872846597338746,0.013925200034676451
YGR132C,0.8921052631578947,1.209988583827593,0.06745398145727477,0.43495428063605956,0.09743559330769655
YGR133W,0.6153962492437992,1.1005565140424243,0.005385630291430091,0.16131333671606657,0.026393979438530717
YGR134W,0.9031713900134952,1.2328115778743496,0.04350146727670317,0.2995825736578802,0.05185606111368193
YGR135W,0.8581453634085212,1.2151648059542794,0.08465493875684528,0.2754595324822916,0.04961990893185955
YGR136W,0.7095141700404858,1.0202751879095255,0.005358300928447253,0.11029115593157617,0.01823671505034738
YGR138C,1.0701754385964912,1.38162562704765,0.014768246438261499,0.25731523763347597,0.02959165003334123
YGR140W,0.8108552631578947,1.2246067312076327,0.0685106236503327,0.17500058847099015,0.044349916699591915
YGR142W,0.6629997123957434,1.1105545334968627,0.10553601149024341,0.10751623609153713,0.03112585516711344
YGR143W,0.340080971659919,1.0550966742858274,0.00031857860029939296,0.07116478502747489,0.020481458569761832
YGR144W,0.5279106858054226,0.9188942559888091,0.0016504823348455122,0.13664954455914302,0.024481194173269036
YGR145W,1.2510121457489878,1.4589798668828027,0.015168832606729118,0.21705247593004834,0.03125516748636146
YGR146C,0.3669590643274854,0.9058792542714488,0.0004658328031620133,0.1530855136616753,0.030389176243561692
YGR148C,0.7704042715484363,1.2107056162418623,0.0031410807005799405,0.16523892576359434,0.029846870680326404
YGR149W,0.6809210526315789,1.0239455335547862,0.003278299359982587,0.13385939403364472,0.03807254080936806
YGR152C,0.5073099415204678,0.862238138727281,0.22269758485955393,0.20471250531638965,0.11784415164058092
YGR153W,0.6776315789473684,1.1176091906595758,0.1668458769046411,0.28645269493276526,0.04945810411413512
YGR154C,0.7211779448621554,1.1819581467513387,0.0050189420390180485,0.16608434779296238,0.016834626992593006
YGR155W,0.5861937452326468,0.9928693260930102,0.2025928875235254,0.2781792442369911,0.07347612798049288
YGR156W,1.2721052631578948,1.4437718165966271,0.020924842120824138,0.33084576049284053,0.05674253729659823
YGR158C,1.305301296720061,1.4594097250294196,0.03177464505880375,0.34172908286716985,0.06003167028358264
YGR159C,0.8383458646616541,1.2416693410355157,0.0433930827153058,0.2936466697911936,0.059477311166868586
YGR161C,0.6929824561403508,1.0857507473092094,0.0911781434342702,0.18570917229458417,0.05095440554802192
YGR161C-C,0.6329030122476,1.0125768705290692,0.0029673191719768875,0.107745744980168,0.013357542087505185
YGR161W-B,0.6517709367759019,1.127451498663366,0.028166883758333927,0.20219957528197485,0.017558528088948422
YGR162W,1.082080200501253,1.3773616231338406,0.15381805375916424,0.4517165196127766,0.09043236703864176
YGR163W,0.7588739290085679,1.1491873107457726,0.12394645919308231,0.2718976638621182,0.04639528332031202
YGR165W,1.0620300751879699,1.364376984759447,0.00849395629640217,0.24436090917828765,0.033851202559021444
YGR166W,1.0323886639676114,1.386115192804346,0.0676262709079917,0.3327430641191369,0.08893511417490974
YGR167W,0.9175438596491228,1.2976321010860485,0.41058993514069575,0.3887179856380368,0.08964358383337735
YGR169C-A,0.6282894736842105,1.1056545209176787,0.0026925643969388092,0.18312802692508878,0.027020464294187405
YGR170W,0.7192982456140351,1.162952867763049,0.33453290750207054,0.4448564776252682,0.16864241646268088
YGR172C,0.7701754385964912,1.120079612393878,0.04736573258369722,0.2724250538119284,0.03686384056017445
YGR173W,0.6885964912280701,1.1674781418251958,0.09022304765852782,0.2881667991424857,0.048121976535288415
YGR174C,0.7188995215311004,1.1503380594748394,0.007872516976262199,0.09707042168061555,0.01307455063886446
YGR175C,0.6397243107769424,1.0660551976261656,0.012119920715459611,0.25307869870871785,0.03165939053700474
YGR177C,0.7558084400189663,1.1177790050147831,0.005211017745127456,0.12965149773793075,0.021389846232469402
YGR178C,0.7002923976608186,1.116623638248352,0.2170578721441104,0.45988911549300365,0.09752373491909404
YGR179C,1.0212752029327048,1.285228867562791,0.059079282256526214,0.3034834170017955,0.03583021249135746
YGR180C,0.8090815273477812,1.105186276502066,0.10067367843957072,0.48423975422071686,0.08532456750856984
YGR181W,0.6427381745502998,1.0659437622979846,0.016245550399758207,0.1208010559864535,0.01598365139516493
YGR183C,0.27368421052631575,0.9244412915889996,0.0002871801750894038,0.16680208299315674,0.02508866638674089
YGR184C,0.6710526315789473,1.0836796383941405,0.06989755403889078,0.37903100726232797,0.053291838028467944
YGR185C,0.5382205513784462,1.0967607928553988,0.0012252405864614476,0.09052505002385869,0.011541026574939404
YGR186W,1.2282116581777023,1.4447564004772242,0.10058494888965423,0.34902320068657233,0.06598212654535107
YGR187C,0.7384370015948962,1.10198986942408,0.004615906205311298,0.14865157962248604,0.026681004725291748
YGR188C,0.7558084400189663,1.1891769466957436,0.004159966694076405,0.2062617626438248,0.020113976802324282
YGR189C,0.4331983805668016,0.9675578368999421,0.0010279289159550265,0.16184923159259326,0.02015388252999212
YGR191W,0.7492025518341308,1.2177049333456789,0.007645626566472428,0.1270973437927967,0.014072188636815643
YGR192C,0.8472886762360446,1.2113318882922621,0.17784200829814864,0.261793499064755,0.0605417943031814
YGR193C,0.8208502024291497,1.190636160133271,0.0047845944119934165,0.3674601437306525,0.07101154931522882
YGR194C,0.7157097288676235,1.06489819397624,0.004443958830498747,0.11996664580231393,0.012613084475669925
YGR195W,1.2183447749809306,1.4144439381281488,0.008121881485091562,0.3293615845000284,0.052885658130784365
YGR196C,0.7299498746867167,1.0700520442845005,0.0112447350294951,0.19862466304093268,0.033824748329348876
YGR197C,0.5646390566580385,1.0046517557190848,0.0024405368373917047,0.07802980741070661,0.010423511833918243
YGR198W,0.8114035087719298,1.2553256865611742,0.028514106102295222,0.2674381338076919,0.039042865253584844
YGR199W,0.4084429824561403,0.9440392603820174,0.0008689127409283844,0.20800562635602177,0.017941071287175113
YGR200C,0.7765987549518959,1.2479310036518274,0.003936979177168384,0.15852524882367297,0.019993770145860807
YGR202C,0.6917862838915471,1.152947589794676,0.09416561686762144,0.11972345092773636,0.034100395926437
YGR203W,0.7337092731829573,1.1143101152220485,0.008808474084446988,0.11769490281095606,0.02351458753806622
YGR204W,0.6491228070175438,1.0960138843279497,0.135704750726854,0.22213213543333948,0.0686856729104544
YGR205W,0.40789473684210525,0.9203577124629756,0.10583488160303413,0.09959684461531465,0.04769008908298048
YGR206W,0.3207017543859649,0.8959541217535888,0.0005302006513873764,0.07396862122016983,0.01544364545617484
YGR207C,0.7744360902255638,1.0974674589700057,0.10336886712038863,0.1385132625194347,0.05473890254102507
YGR208W,0.693859649122807,1.0796433821455473,0.003553052344556834,0.10825963990599186,0.022249672533014814
YGR209C,0.8026315789473684,1.1127330180985044,0.18312366813171985,0.24546090397903497,0.08999125626835172
YGR210C,0.5103668261562998,0.9729673024684768,0.001530952152726873,0.20155565344293166,0.026521768942236172
YGR211W,0.5508771929824561,1.0209564687118866,0.356359358707773,0.2710947358758872,0.10043501633674916
YGR213C,0.3333333333333333,0.7929815716184728,0.0004847253447286076,0.04416342382943631,0.03236479499708543
YGR214W,1.3508771929824561,1.60428980204522,0.43416431484044443,0.542612016622035,0.2522145642144667
YGR215W,1.0620300751879699,1.364376984759447,0.007015972968978169,0.24357697344752052,0.03381342048381143
YGR217W,0.9667919799498746,1.4397426929371175,0.013820922276894437,0.2227025917820124,0.030804822573957454
YGR218W,0.7966507177033493,1.1248850183970565,0.6188780501827964,0.4414564645924796,0.20073882932274048
YGR220C,0.9736842105263158,1.3143595400631956,0.1083226826415906,0.24728360308393574,0.04633902971108841
YGR222W,0.6638596491228069,0.9973617756512493,0.10061839219478141,0.239134770061754,0.04418024907943603
YGR223C,0.6654135338345865,1.1093091070086254,0.0023314943830011732,0.22668341454154356,0.03950245196367688
YGR224W,0.5670426065162907,0.9921812250135429,0.07352224345726809,0.08520927019750109,0.02806650408325244
YGR225W,0.5361403508771929,1.0843233082706767,0.0015826848438364217,0.11920775831710062,0.017218871033201598
YGR227W,0.7479757085020242,1.1841784694293875,0.013546878776467826,0.28304352949338973,0.026398052781760613
YGR229C,0.5532581453634084,1.0750747734476138,0.2777232700090903,0.39108318223931815,0.09117224846562222
YGR230W,0.4985380116959064,1.0688104822963926,0.0015325552610462089,0.23909197805934243,0.03122836150879367
YGR231C,1.025438596491228,1.314883688722698,0.31031112431441765,0.4773249922103546,0.12579642424761492
YGR232W,1.175438596491228,1.4347673261167102,0.012204146056736944,0.27612226684234453,0.03787229150719406
YGR233C,0.5241228070175439,0.9559349475617418,0.08428491514543492,0.09890697201321322,0.05167820473013658
YGR234W,1.001303935514462,1.35806601483947,0.01108460098572498,0.2547126949903815,0.03324054342985241
YGR235C,0.7384370015948962,1.1709357383699488,0.004615906205311298,0.2475664061419858,0.025910749474033237
YGR237C,0.7663339382940109,1.1527832292595896,0.004551476452703929,0.1336904933548823,0.0260204060488879
YGR238C,0.7753254102999433,1.2118226830345502,0.14769398950991233,0.3869017230323222,0.04882221351225381
YGR239C,0.5464307320024199,1.0796329931189035,0.00491940932028301,0.10406499905005887,0.021699596737518756
YGR240C,0.694235588972431,1.088009395575185,0.0030436768284368997,0.18269726192961983,0.02587951092254152
YGR241C,0.6775438596491228,1.1628281795174211,0.06504231609307673,0.19798075547594926,0.04403920431242869
YGR243W,0.6679907315458458,1.216053902199413,0.004174965103923487,0.18200078057020933,0.015392045215490324
YGR244C,0.5037593984962405,0.9373934837092732,0.0014576934283114158,0.11494817095415151,0.029393500511260356
YGR245C,1.118230358504958,1.3495945051307512,0.010567832692549324,0.3332997033627526,0.05991228386010795
YGR246C,0.6948621553884711,1.130506130382775,0.007057319676432309,0.09608495353682948,0.021612714967394062
YGR247W,0.5646390566580385,1.0046517557190848,0.0024405368373917047,0.07802980741070661,0.010423511833918243
YGR248W,0.6791979949874687,1.073308701420394,0.003368867120388625,0.11660552501900598,0.023420992147230323
YGR249W,0.7296650717703348,1.1104039797480278,0.010071020262872602,0.18974341195814282,0.019221872711812287
YGR250C,0.843984962406015,1.22937007979346,0.01643710137821184,0.27243053277391716,0.04575259318625656
YGR251W,0.4766081871345029,0.8519681463760411,0.00020798693635885648,0.46776067356501283,0.09345074488651998
YGR252W,1.0789473684210527,1.347514229356782,0.022574796712181218,0.23934851293511894,0.03156097612973246
YGR253C,0.7152882205513784,1.1643138304457699,0.006759940076314983,0.23016926977152402,0.02889096011833915
YGR254W,0.6654704944178629,1.1147983209381596,0.00779631325245357,0.14568609315028763,0.027390188643970765
YGR255C,0.3521303258145363,0.7999708664959391,0.02068743377300099,0.08248524044807387,0.028209709799895444
YGR256W,0.5380116959064327,1.0660804031749564,0.0017178226222788356,0.21733322968708352,0.028356447966562108
YGR258C,0.6454116059379218,1.190390220789495,0.021684845647439128,0.22510503710211704,0.056558774282321034
YGR260W,0.8931419457735247,1.2889575285013881,0.016649644818514477,0.20016734304082362,0.021129700791795936
YGR261C,0.6302128271498417,1.03551485095718,0.009766542237542733,0.1383678525852074,0.017516196004151247
YGR262C,0.6157513348588863,0.9439359344333922,0.4251611002401833,0.5371680236746569,0.08979486867362692
YGR263C,0.583859649122807,0.9100870008764745,0.002285058861448065,0.08653177823280782,0.023279660026116585
YGR264C,0.5,1.0594336625038379,0.0005008403983868461,0.35590862567424114,0.08963414700725865
YGR266W,0.5037593984962405,1.0346157059314953,0.0014576934283114158,0.23942984634426528,0.026568833923186173
YGR267C,0.6077694235588973,1.0278162690821493,0.10053509087526144,0.1870731330393233,0.05547324826520833
YGR268C,0.7280701754385965,1.1847238883057596,0.11184406406003199,0.370997241084991,0.05410954515476904
YGR270W,0.9736842105263158,1.3127278423331055,0.01205833988562144,0.2181583287874487,0.031590203656521446
YGR271C-A,0.8636363636363636,1.1885283060592657,0.020088226882142745,0.4748190773285963,0.10864198258657858
YGR271W,0.3014354066985646,0.8899943825079941,0.0002781134920809894,0.1624323739287975,0.05195758635260926
YGR273C,0.3695175438596491,0.9787969908893168,0.00040251992651621835,0.17943606008541219,0.02806121242422395
YGR274C,1.2039473684210527,1.4273690387941684,0.0356651148831499,0.2789036410777202,0.039077391190101826
YGR275W,1.094896331738437,1.3337804739120527,0.014277532051661112,0.2629303729124328,0.0381686889634613
YGR276C,0.7751196172248803,1.158403979748028,0.036023874668045054,0.2906143609052172,0.028921215111027437
YGR277C,0.6505847953216374,0.9566310964549505,0.0042963146422784594,0.0809242526911496,0.020830712611312155
YGR278W,0.9909255898366606,1.3549104242086698,0.030261298269494367,0.17316014298583277,0.02062134305679262
YGR279C,0.5986842105263157,1.0547812748440464,0.0022037015542911978,0.13578614839788455,0.018743998929435228
YGR280C,0.8383458646616541,1.2566053296557147,0.017281971604194687,0.3051488252507479,0.0579467775155569
YGR281W,0.9298245614035088,1.327545930652963,0.006474130262327422,0.19859302506435755,0.021887700649963003
YGR282C,0.3701754385964912,0.8312826028325406,0.0005519811988564753,0.16788340442038915,0.028160801221883098
YGR283C,0.7431077694235588,1.2012328840393667,0.0028375271597502437,0.24502839661403641,0.04223821983217131
YGR284C,0.9461722488038277,1.2826966589361706,0.01738548643092201,0.2197293999983665,0.023416377663629803
YGR285C,1.0745614035087718,1.2997039813155178,0.10673735439713572,0.39766185762293976,0.10772833042087523
YGR286C,0.3164160401002506,0.8017206477732793,0.0004052468241473772,0.0974469258582395,0.020750172711660103
YGR289C,0.7643540669856459,1.2392183980666056,0.007926465901989253,0.13644348364111064,0.014735602708462263
YGR292W,0.5964912280701754,1.0892969784458602,0.002404925673525176,0.18946115564407934,0.01654265349567521
YGR294W,0.7636927685066325,1.227196824999321,0.01796853909429093,0.21877391887925812,0.024995194237175146
YGR295C,0.7643540669856459,1.2161299422944916,0.012144918012497175,0.12666577735253606,0.015313762143032261
YHL001W,1.2871853546910754,1.4836773820779494,0.004519585307031679,0.22988446559972975,0.042381634216856326
YHL002W,0.8070175438596491,1.1847238883057596,0.23814630615174778,0.39806130694022523,0.08475771883588953
YHL003C,0.779505582137161,1.213012323021936,0.008162228071257788,0.13842566134367287,0.01540516440267787
YHL004W,1.2286967418546366,1.4637684654896699,0.11981977576050097,0.2652625239610508,0.046725084389087686
YHL006C,0.5485036119711042,0.8207181463760411,0.32748521940156256,0.5958950625303365,0.1142758444625203
YHL007C,0.9329573934837092,1.1494382253059157,0.5292970273352606,0.6161231603144268,0.1915844853344167
YHL008C,0.7005012531328321,1.1437751816249484,0.05993246933386665,0.3341444574406716,0.0441037286133051
YHL009C,0.7926065162907268,1.2380266749524735,0.06296288926560518,0.26239718694832986,0.03592837919178687
YHL009W-B,0.523524720893142,0.8773073989321128,0.0020310423856288577,0.07452519035274144,0.027528532439128138
YHL010C,0.6812470365101944,0.9430764746808071,0.05724603501810627,0.1384837203538063,0.023692561221366894
YHL011C,0.9202228544333808,1.3286834458499923,0.007027716720507381,0.21266760186424793,0.02570990965699641
YHL012W,0.3669590643274854,0.9058792542714488,0.0004658328031620133,0.1530855136616753,0.030389176243561692
YHL013C,0.6233552631578947,1.0805707222053824,0.003254665450826097,0.09462417121130227,0.014329910465410496
YHL014C,0.5737874097007224,0.9492982456140351,0.008761913733688375,0.08942714071134003,0.044372762956816886
YHL015W,0.989766081871345,1.279489215997741,0.00708988038385489,0.3993663593975297,0.10536088246105096
YHL016C,0.9298245614035088,1.3167993243181213,0.008608713775206646,0.19552856300894042,0.021986872281014952
YHL017W,0.46317829457364335,0.9819976959614434,0.007170822552223151,0.08184214728685045,0.01720798742320653
YHL018W,0.7880830124090714,1.118314041116537,0.00821244153331533,0.16438151150454688,0.033555104373187414
YHL019C,0.6775438596491228,1.0632571010860485,0.0037724748232354677,0.25289870620464583,0.03622935933181721
YHL020C,0.5263157894736842,1.1113496657244133,0.4289943947459519,0.40379593805727754,0.1222364004905119
YHL021C,0.713032581453634,1.1859164941495282,0.09756958962109642,0.3188982766396516,0.05712310137109328
YHL022C,0.6505847953216374,1.0347178595250284,0.0042963146422784594,0.11075774971149817,0.016669855375521396
YHL023C,0.6785512167515562,1.0720319182437854,0.0033690193784905813,0.1930176786331067,0.025061460145557574
YHL024W,0.6776315789473684,1.1176091906595758,0.1668458769046411,0.28645269493276526,0.04945810411413512
YHL025W,0.8587719298245615,1.2091925700225294,0.008212515059083042,0.3557773677206725,0.059333871088338055
YHL027W,0.9692982456140351,1.4558076472431658,0.01449419432718284,0.18641113522386615,0.02392886233086628
YHL029C,0.8114035087719298,1.2553256865611742,0.08890057953224689,0.2468574385914356,0.04458363661323615
YHL030W,1.2017543859649122,1.4455017893935462,0.009922933326607809,0.2939319525398477,0.03926274297865139
YHL031C,0.7035087719298245,1.1113375045745484,0.02561285472212604,0.1704477594817242,0.028094132988230377
YHL032C,0.632610939112487,1.0603609633840698,0.09359158292130765,0.3237467522982448,0.07174087586440407
YHL033C,1.1784897025171626,1.418595322089268,0.0032734757926015995,0.20890814912973066,0.03951490035718622
YHL034C,0.7727272727272727,1.164718782249742,0.001906408700324564,0.4085149039907323,0.08473357105434777
YHL035C,0.5646390566580385,1.0046517557190848,0.0024405368373917047,0.07802980741070661,0.010423511833918243
YHL036W,0.6679907315458458,1.216053902199413,0.004174965103923487,0.18200078057020933,0.015392045215490324
YHL039W,0.7393025246041934,1.107292535740193,0.005163661045510453,0.12062973220344188,0.016936589636403987
YHL040C,0.5687134502923976,0.9518861601332709,0.0023845193043484755,0.18938655850709749,0.029256386273901806
YHL042W,0.8704146730462519,1.2826966589361706,0.013228956377663054,0.19123492734867292,0.019823327988840383
YHL046C,0.45411605937921723,0.9855709245940939,0.0007462000264568456,0.11852254116866612,0.03495678819985388
YHL047C,0.6506791171477079,1.104774790484672,0.0036888845895365068,0.1544298116700667,0.018383682015175352
YHL048W,0.9461722488038277,1.3064120739559335,0.02375036309010772,0.2228381296422938,0.023733801510668402
YHR001W,0.9298245614035088,1.3330788368847624,0.007023760491046163,0.1960655839382894,0.02202683516008342
YHR001W-A,0.6047634910059959,1.0418110322829017,0.002908309725613928,0.10775646219854365,0.00854920669205271
YHR003C,0.3236842105263158,0.9311752983230063,0.0002871801750894038,0.23262212445782343,0.04100457909223733
YHR005C,0.618421052631579,0.9912796982785783,0.4625600278018645,0.3009043053728215,0.11266938416532857
YHR005C-A,0.6807128580946036,1.0100044165068203,0.010962537765236318,0.11758404628834682,0.021360463259140622
YHR006W,0.6679907315458458,1.216053902199413,0.004174965103923487,0.18200078057020933,0.015392045215490324
YHR007C,0.9254385964912281,1.2417611590784292,0.41109010783895666,0.36523656795001375,0.08177643836032755
YHR008C,0.5394736842105263,0.9699654064739314,0.1066744039362524,0.21806946894245832,0.05478470111678928
YHR009C,0.8588863463005338,1.3023271192676318,0.006139736305822918,0.284409236560742,0.04297567104575951
YHR010W,0.7439271255060729,1.0768861601332709,0.0022204918478908524,0.2121924036026951,0.05821357397723269
YHR011W,0.7005012531328321,1.0485370863868533,0.09802770742910474,0.16508046776424617,0.05025758163730321
YHR012W,0.6047634910059959,0.9856706814057087,0.002908309725613928,0.08494790706204158,0.008930721549810046
YHR013C,0.8114035087719298,1.1615183520158097,0.0008143859600854421,0.5356536249074828,0.19478367102569247
YHR014W,0.5012531328320802,1.0237326696892042,0.0010582740490148294,0.18725525345063312,0.0359377605271479
YHR015W,0.5543859649122806,1.100047167499755,0.2250877988657312,0.31924569823553395,0.06240714449141563
YHR016C,0.9402834008097166,1.2151308503817684,0.13040460825029637,0.40957630650719096,0.07312410312757463
YHR018C,0.7393025246041934,1.2175075895036338,0.005163661045510453,0.20622276356260338,0.017029479476739887
YHR019C,1.028330962541489,1.3659517778403227,0.017399811928213035,0.2560939682937279,0.035896234376919495
YHR020W,1.001303935514462,1.3504055593529278,0.015976162523677912,0.21824409435601236,0.03402493683515982
YHR021C,0.7349624060150375,1.2469392374111068,0.0037377749589472477,0.281277202025759,0.06856240618770876
YHR022C,0.6136536994660564,0.9619122172182265,0.0023402999062431154,0.0822570469336847,0.023827545183346906
YHR023W,0.8368895211000473,1.204016518888257,0.008163970698080409,0.2740264033904397,0.0370967031854205
YHR024C,0.5397316821465428,1.0037476518896777,0.533261380690901,0.42303543504034424,0.10880907937767524
YHR025W,0.5818713450292398,0.9766598382183003,0.001853524697886747,0.09150415561049832,0.026520380925469746
YHR026W,0.8704146730462519,1.2975428943550467,0.017969777019039693,0.17765186727319215,0.020350242713564837
YHR027C,1.6228070175438596,1.7243730319388213,1.0039175866484273,0.7860341419245104,0.47879395617357584
YHR028C,0.6783625730994152,1.119977427543217,0.0042963146422784594,0.2506051628952355,0.022455731977692135
YHR029C,0.7219502243982048,1.0946177944862154,0.004341782839385521,0.1331145360358788,0.015719272102459797
YHR030C,0.8220551378446115,1.132196511393426,0.5437585340987047,0.4683915918853161,0.11186051929406438
YHR031C,0.7219502243982048,1.1001221467647615,0.006038480815486062,0.11089845155477322,0.01582990112658157
YHR033W,0.5989974937343359,1.1022485561730413,0.1824100743806924,0.3559799597747602,0.06382490301125664
YHR034C,0.7880830124090714,1.2425564653589614,0.10028561226502265,0.2416472502550385,0.03487559770037485
YHR035W,0.6896929824561403,1.0822577612305146,0.0031294108194701792,0.14703533200086422,0.029118873253255434
YHR036W,0.45906432748538006,0.9012445851134424,0.0009245784480426165,0.05871776075723818,0.03265100752068555
YHR037W,0.7393025246041934,1.2175075895036338,0.005163661045510453,0.20622276356260338,0.017029479476739887
YHR039C,0.6242690058479532,1.0039694934666041,0.04751368208057007,0.2980067635639288,0.04616841199114085
YHR039C-A,0.9615009746588694,1.214707138831347,0.08032341273837168,0.3621702954354846,0.06487650049577413
YHR041C,1.3403508771929824,1.5030112431428222,0.007285872710326595,0.2575076989755186,0.037317354485890894
YHR042W,0.5897832817337461,1.0123793859649122,0.8090968056803953,0.6191734814260895,0.15136372409441748
YHR043C,0.7135964912280701,1.1087836154579098,0.004687198216103567,0.1328891818464631,0.013241935632917836
YHR044C,0.6809210526315789,1.0297510487942638,0.003278299359982587,0.18021128355885452,0.03193393300872484
YHR045W,0.5687134502923976,0.8984842613990937,0.0023845193043484755,0.11136314660342375,0.033022589222981236
YHR046C,0.7024656235182551,0.9936076934761146,0.0038728062229608767,0.08944923732398793,0.017781432739531828
YHR047C,0.31320949432404543,0.7441875341311431,0.00027933704862135304,0.038098403337504354,0.03605700991727972
YHR048W,0.594298245614035,0.9928352304425776,0.002767201956400933,0.12376251339026803,0.023580032587106795
YHR050W,0.7037480063795852,1.1092424889235517,0.007328533460105664,0.09259727027748954,0.012054658526281459
YHR051W,0.6427381745502998,1.0759195594146846,0.007843692654501001,0.15472026203133138,0.01403245004898514
YHR052W,1.335621662852784,1.4773722829085292,0.11708657745240078,0.3817642802328634,0.08331723924037102
YHR054C,0.6771929824561403,1.0715297918818556,0.003656385432000912,0.11452913559547835,0.022991641678296273
YHR056C,1.094896331738437,1.356421983346015,0.004807542562068156,0.28125918316184995,0.037284097893988594
YHR057C,0.3212719298245614,0.9721630024428158,0.00033239714457159526,0.23755998789148805,0.03334334869088056
YHR058C,1.5070175438596491,1.6161334150885234,0.010474464541493422,0.29206774508343525,0.043806817447010635
YHR059W,0.4906015037593985,1.1121491660845146,0.0013358539374929172,0.07472445894844809,0.00979407858598016
YHR060W,0.628167641325536,1.1139232642512797,0.060985181119438306,0.14696687633354982,0.035782952665858896
YHR061C,0.8385964912280701,1.220727643443917,0.03637209807408035,0.22667531720255146,0.03427119151980637
YHR062C,0.7154282765737874,0.9791434468524252,0.04503013203761908,0.3482460901982703,0.06708429171908446
YHR063C,0.7318511796733211,1.147695509961344,0.004551476452703929,0.1280618343439102,0.017779620340765624
YHR064C,1.1578947368421053,1.331282928683939,0.13516448282426413,0.46494215034142145,0.12209393043142681
YHR065C,0.5037593984962405,1.0346157059314953,0.0014576934283114158,0.23942984634426528,0.026568833923186173
YHR066W,1.3126166480029862,1.4902850423159348,0.01532330923022575,0.23908938906154314,0.03745042874131988
YHR068W,0.5080091533180777,0.9261689623715499,0.0010176837705473624,0.07902648284123191,0.03735384214010595
YHR069C,1.305301296720061,1.4594097250294196,0.026836132285855928,0.3458130987827161,0.05970158813623547
YHR070W,0.304437564499484,0.8947732929153187,0.00017314539678333246,0.19220615496218355,0.03114445547374985
YHR071W,0.4407894736842105,0.8752331931757769,0.0009515818121015821,0.06588849492602525,0.022813014025030904
YHR072W,0.8302005012531328,1.1715270453660547,0.130933002072095,0.3691296008497886,0.054525643231881867
YHR072W-A,0.8859649122807016,1.2723710954214806,0.011567685889908974,0.36359372479374785,0.06416145432225959
YHR073W,0.4122807017543859,0.9428502159922418,0.00047068578464077974,0.11375300340067518,0.08257516051844792
YHR074W,0.41959064327485374,0.8948905282073107,0.0007133671364996112,0.21890381500360415,0.03167606270767178
YHR075C,0.6603551561831408,1.056802605218548,0.0032271694807393127,0.10240576706173216,0.014355972932792609
YHR076W,0.5684885290148448,1.0328144632137373,0.15457897804170834,0.3311057132583425,0.09583335680776287
YHR077C,0.413312693498452,0.8150109649122806,0.22821445273921878,0.09314748099037018,0.09151741411434929
YHR078W,0.5728274173806609,0.9860123562039118,0.04889512625138391,0.0789406005335391,0.023004930052249968
YHR079C,1.1668081494057723,1.329901878356858,0.5574403517603586,0.5127844256193967,0.1593640651651116
YHR079C-A,0.41666666666666663,0.8420078419084119,0.0003025992911656412,0.07694874832183374,0.07140523584048838
YHR080C,0.7393025246041934,1.2175075895036338,0.005163661045510453,0.20622276356260338,0.017029479476739887
YHR081W,1.0879099923722348,1.3227373990531885,0.0038213630115459655,0.2842562033515177,0.04342569322022676
YHR082C,1.2434210526315788,1.362058741101956,0.8241116326933159,0.6554919837714158,0.26262418068340204
YHR083W,0.6174217188540972,0.9916318208133676,0.002908309725613928,0.09153890464205151,0.011498195873116202
YHR084W,0.8486842105263157,1.2492844460914037,0.10419645517747965,0.43192869608985,0.07732080856810822
YHR085W,1.0747520976353928,1.3495945051307512,0.004581872012912755,0.3284816926313713,0.05574959510108074
YHR086W,0.9449485783424076,1.3285787050803406,0.0069253847294438375,0.15921352752845977,0.017114474639793594
YHR087W,0.4716599190283401,0.8974869149141265,0.07795100583903196,0.0794837113442594,0.04134524855592948
YHR088W,1.3977230309817097,1.5419333939642863,0.011896874404376468,0.269682406376065,0.040131570808605126
YHR089C,1.219298245614035,1.4390377620881472,0.3253772096994328,0.4838512847461239,0.12535575453067932
YHR090C,0.7219502243982048,1.1668094916779128,0.004394517111388896,0.16833145595539423,0.015931472022222885
YHR091C,0.24937343358395989,0.7704271639022764,0.00023398097855695647,0.052855228701331254,0.0282661187449298
YHR092C,0.4138755980861244,0.8858226647700331,0.0007159175360117056,0.2698993661978617,0.02690834558074258
YHR094C,1.0877192982456139,1.3882876186325026,0.018527327046823586,0.25458771693613763,0.03087367092199563
YHR096C,1.0,1.3503550543024225,0.009156822192824996,0.22672966584780463,0.025709002539812467
YHR097C,0.6528822055137844,1.0028749859302322,0.002789612191009502,0.15595262352490635,0.027392780670008214
YHR098C,0.8421052631578947,1.268652029481989,0.002434118561509245,0.25117924955017823,0.07118974143891746
YHR099W,1.037280701754386,1.347514229356782,0.014853583239637959,0.22145484463911558,0.028747731759242418
YHR101C,0.30877192982456136,0.8538531432878862,0.00039533409600053495,0.044166541940302936,0.024666621279988952
YHR102W,0.7006102212051869,1.0126128942769574,0.01353924588779779,0.15763740793300282,0.042198327514606664
YHR103W,0.6679907315458458,1.071909758055269,0.004174965103923487,0.09963093623301415,0.015764147931721553
YHR104W,0.4557589626239511,0.8532801570920765,0.0010118598555412138,0.07770587371432779,0.02653164848504325
YHR105W,0.7368421052631579,1.120079612393878,0.05818985703974814,0.26471731821555633,0.031530159149873574
YHR106W,0.41959064327485374,0.8819035152202978,0.0007133671364996112,0.24384720955058184,0.03118236121106754
YHR107C,1.0635964912280702,1.2872733179750724,0.13967342392778667,0.45728774800429545,0.06989130420822348
YHR108W,0.7575438596491227,1.1726321010860485,0.033240728791489434,0.3498421946022575,0.05038211343371481
YHR110W,0.8173843700159489,1.253494841934224,0.01374183092799954,0.15514414702688167,0.017766435930647795
YHR111W,0.42355889724310775,0.9479194781826361,0.4898232362421368,0.3828302906759283,0.05124714262734418
YHR112C,0.7611642743221689,1.1991718953189772,0.014486242128595995,0.17713792275002319,0.022609117683807085
YHR113W,0.5515350877192982,1.0536206869374696,0.12576085126260897,0.30266602248956403,0.06606659573478002
YHR114W,1.0172064777327936,1.2460832313341492,0.3233804490589546,0.4017350191291416,0.10415977610052754
YHR115C,0.8781860311155245,1.1010541549998352,0.20062697084106254,0.25955181534052174,0.08169146142403697
YHR116W,0.3192982456140351,1.0356072731333283,0.00019275642712812666,0.20910169789861163,0.043974147360864684
YHR117W,0.46616541353383456,1.0875578368999421,0.0008839408410786161,0.262813847691086,0.04075730985878935
YHR118C,0.861485108119135,1.1790905274738,0.025875055195532667,0.21310147568376653,0.031993691034647706
YHR119W,1.0940432476540187,1.3676336675020886,0.27846993105391254,0.4267672866970097,0.07028423330839434
YHR120W,0.3632610939112487,0.8826650308070567,0.00017314539678333246,0.24349442324609744,0.046786207857002826
YHR121W,0.8669590643274854,1.200539722164436,0.6811101597258098,0.6433270017392205,0.16123856978331721
YHR122W,0.8684210526315789,1.1431113726809035,0.16022274380442708,0.35803773806337047,0.09627503635630182
YHR123W,0.7643540669856459,1.2392183980666056,0.00794243719158573,0.1376559210277239,0.014864159452603226
YHR124W,0.24937343358395989,0.7365410141936255,0.00023398097855695647,0.037995110198582045,0.030197572516285996
YHR127W,0.8746130030959752,1.302759407089729,0.007320713602898999,0.15275238539721145,0.016247999313840203
YHR128W,0.7200956937799042,1.1920579146730463,0.10696610663498592,0.39160470931048347,0.0870607928747528
YHR129C,0.5175438596491228,1.0324253026082273,0.2763552930767243,0.5117743238323889,0.11314373913761928
YHR131C,0.8298245614035087,1.2833489974937344,0.005502492657316043,0.1605179506706114,0.0189707243696648
YHR132C,0.9667919799498746,1.4397426929371175,0.013820922276894437,0.2227025917820124,0.030804822573957454
YHR133C,0.8704146730462519,1.293215593017517,0.014376983354291661,0.19452907164182276,0.01996689367819371
YHR134W,0.38596491228070173,0.847104059353874,0.10574788323946545,0.057361716601781444,0.05547549308320077
YHR135C,1.387844611528822,1.466116562592923,0.6604128069020364,0.6156818230936502,0.21102770980639932
YHR136C,0.5989974937343359,1.0141478696741855,0.1448992056223157,0.14578539212453492,0.07616921313527963
YHR137W,0.43301435406698563,0.8693681775143619,0.0006962320009782491,0.09779731264226033,0.050526680741234134
YHR138C,0.6679907315458458,1.216053902199413,0.004174965103923487,0.18200078057020933,0.015392045215490324
YHR139C,0.7296650717703348,1.1104039797480278,0.010071020262872602,0.18974341195814282,0.019221872711812287
YHR140W,1.0598086124401913,1.3528857796224645,0.038787832593151016,0.2822108703630569,0.029331736398819912
YHR141C,1.3524027459954233,1.528511690070152,0.013041597643875339,0.23572507573382911,0.04459202600637781
YHR142W,0.8401116427432216,1.2725854354781323,0.010180730279311722,0.18024497796822422,0.018304573813480357
YHR143W,0.41464237516869096,1.005731129880404,0.0007328241955544756,0.21732649406061005,0.040166939686835865
YHR143W-A,1.002405206564799,1.3520213577421816,0.010974869602155584,0.26853196340319896,0.04086594275956793
YHR144C,0.523524720893142,0.9139087061216553,0.0020310423856288577,0.161993766437304,0.024041016728281114
YHR146W,0.5707017543859649,0.9123367095575654,0.002497803985190571,0.07676028960122712,0.02646221772567456
YHR147C,0.5959064327485379,1.1373335762551706,0.000519956443479339,0.15885335492186536,0.021117848262639537
YHR148W,1.4817813765182186,1.578456713825185,0.016755607252686405,0.28083345840712903,0.03878259987421512
YHR149C,0.5026315789473684,0.9670989433237271,0.0015825348211871153,0.10485246818927041,0.016894015994471066
YHR152W,0.9381977671451356,1.2362893471691765,0.19360679906293934,0.33750309375756216,0.077731363978596
YHR153C,0.5026315789473684,0.9425716055618467,0.0015825348211871153,0.08313517196066904,0.019423099840307295
YHR154W,0.9078947368421052,1.2287189913784196,0.5361377717405601,0.45922360996986505,0.14603751114876012
YHR155W,0.6578947368421053,1.0633403449518815,0.002516575176356487,0.12026418288990062,0.033284339014382706
YHR156C,0.49122807017543857,0.9249529710056026,0.38060168440905606,0.09801218836351482,0.09695705093129026
YHR157W,0.7616959064327484,1.168817476383266,0.25667726702323085,0.27087592429885904,0.04808777703274938
YHR158C,0.8398415393322014,1.236425857637725,0.2946473945278335,0.43207827238696783,0.06710840197255191
YHR160C,0.6153962492437992,1.1317644774537776,0.02700682518848705,0.1630734723235614,0.028840994963471707
YHR161C,0.6775438596491228,1.1628281795174211,0.06504231609307673,0.19798075547594926,0.04403920431242869
YHR164C,0.8605263157894736,1.2530179951486433,0.06400643676345849,0.2916188227601742,0.04539848496169555
YHR165C,1.3702359346642468,1.533053281351527,0.07344562868819375,0.29478366353722235,0.036861980561289254
YHR166C,0.856140350877193,1.2271221658798157,0.012818134579286157,0.2984849536485949,0.05113956940965596
YHR167W,1.236842105263158,1.4525590517389364,0.04450975990530823,0.4020566271025747,0.07612097391617023
YHR168W,0.40669856459330145,1.049967851566088,0.000814412968942537,0.279638923817529,0.049987480456672485
YHR169W,0.8090815273477812,1.1608783321941216,0.38743838432192373,0.29789820775201303,0.09869531059906013
YHR170W,1.2741228070175439,1.5114905031172974,0.2750692948508012,0.5232312767917431,0.19004536680994
YHR171W,0.641025641025641,1.0312285342987098,0.16107143970928017,0.4226376976829489,0.11152699442228536
YHR172W,0.6384439359267734,1.002264909435239,0.02802690643194394,0.4848144465401791,0.061861951672652835
YHR174W,0.8927432216905902,1.1779648508807354,0.0485370539931943,0.37907206832197554,0.06298256089339983
YHR175W,0.6193390452876377,1.102402412475726,0.0049868135723071146,0.20792955699091184,0.02123863380582896
YHR178W,0.6177944862155389,1.001892227213229,0.0023314943830011732,0.10333567323243707,0.028478485477383287
YHR179W,0.502361673414305,0.9663988402378494,0.001030792185551319,0.14382271677841518,0.040241483402899084
YHR181W,0.6701754385964912,1.0975444011262725,0.039973174723774374,0.1410064767514644,0.02539367691420059
YHR182W,0.6603551561831408,1.0306758528144233,0.0032271694807393127,0.09233249203624427,0.014315038258720894
YHR183W,0.6710526315789473,1.0291267261710066,0.003620750919982405,0.34409704634845967,0.05343956686854628
YHR184W,0.8123199790521078,1.228801562598252,0.00708953141279497,0.1347506358972923,0.014125593046127403
YHR185C,0.706140350877193,1.15294446051025,0.09731218765815147,0.26026599674668743,0.029779121162116094
YHR186C,1.1979949874686717,1.4288158918587621,0.15342928537192496,0.4716568694860961,0.09419243979615402
YHR187W,0.7872807017543859,1.2095831948740234,0.013534104390440867,0.10433521806599434,0.016536073748670867
YHR188C,0.7109250398724083,1.0330373146488512,0.09360679906293938,0.08938601383925279,0.047447298596599
YHR190W,0.6159147869674185,1.0946039684429776,0.13758441943779806,0.23153444379992186,0.03292445313561109
YHR191C,0.6116427432216907,1.0748437808003153,0.00113544443322368,0.27793042969257203,0.0393261747114071
YHR193C,0.8262483130904184,1.181710948943532,0.049527390071856726,0.1767614339645016,0.048539647806972036
YHR194W,0.49614035087719294,0.8908248562582928,0.0014504820636114992,0.17035483658336384,0.023645846145227124
YHR195W,0.5960832313341493,1.0206598382183003,0.006382513971329772,0.10367241590103642,0.019655105043388795
YHR196W,1.3663967611336032,1.5181668587527213,0.022358078638522506,0.24620797292887497,0.03549429589305871
YHR197W,1.292143401983219,1.4526411001128303,0.06926049049587907,0.37483639162153776,0.07792639903544464
YHR198C,0.40148448043184887,0.9771013252946608,0.0006372173423669757,0.22145333816588836,0.04142149203183382
YHR199C,0.644736842105263,1.0007853912572606,0.0028117772935132477,0.12404515928171539,0.02993421988524845
YHR199C-A,0.6858552631578947,1.1468338633331299,0.003254665450826097,0.13109588586316023,0.023496564840295144
YHR200W,1.4978070175438596,1.6132619208277101,0.9681658370900561,0.7768364754218126,0.4131418289963467
YHR201C,0.7069377990430621,1.0250706464146944,0.0039644776820830716,0.10584216457820003,0.01583156331713249
YHR202W,0.4985380116959064,1.0688104822963926,0.0015325552610462089,0.23909197805934243,0.03122836150879367
YHR203C,0.4508771929824561,0.9746601724155903,0.0008038031522174791,0.3100152993888943,0.05579090715311473
YHR204W,0.49614035087719294,0.8650250626566416,0.0014504820636114992,0.1600515221276871,0.02428014210089457
YHR205W,0.4013157894736842,0.9113496657244133,0.0004229661745233375,0.18715022181437874,0.0718370843845309
YHR206W,0.6188197767145135,0.9853477030392712,0.11925509993946308,0.227891994504602,0.04824410116781922
YHR207C,0.6973684210526315,1.1608586513305208,0.0028117772935132477,0.34520594591958487,0.047898024846062356
YHR208W,0.6177944862155389,1.0308777344596058,0.0023314943830011732,0.13054162001101235,0.02576593094396238
YHR209W,0.8934468524251805,1.3651087836322322,0.009094843129718347,0.23054616000721745,0.02715640507017179
YHR211W,0.48643410852713176,1.0821702585153692,0.012635228051147586,0.17262615505484502,0.02059076588651557
YHR214C-B,0.6973684210526315,1.2241463951990266,0.0023396385731600344,0.35756739328783127,0.09410014627580628
YHR214C-C,0.46616541353383456,1.0875578368999421,0.0008839408410786161,0.262813847691086,0.04075730985878935
YHR216W,0.7521052631578947,1.1801758121571155,0.004343432491027407,0.12072026342020195,0.022573284708541277
YIL001W,0.6603551561831408,1.1294640322489071,0.0032271694807393127,0.1306993346748329,0.013056592924533643
YIL002C,0.75,1.0692805691811391,0.6004074526842245,0.5909362397205435,0.24284931663255538
YIL003W,0.49614035087719294,0.8351207564365459,0.0014504820636114992,0.11453574601760913,0.026093067002227667
YIL004C,0.6701754385964912,1.117124820706692,0.012694523210823826,0.1742167448165335,0.02266211580291785
YIL005W,0.9906015037593985,1.451649142263836,0.037049725993503035,0.2283298014133287,0.040053886916938744
YIL006W,0.6679907315458458,1.216053902199413,0.004174965103923487,0.18200078057020933,0.015392045215490324
YIL007C,0.9912280701754385,1.3219819379888564,0.010708147424515403,0.18683498489586772,0.026884388237526372
YIL008W,0.3521303258145363,0.8567261483233344,0.013632760051660604,0.1834264681416795,0.029382284594820725
YIL009C-A,0.5724310776942355,1.0214002371897108,0.0023427792725995568,0.08982760376004212,0.012341816349501388
YIL009W,0.7368421052631579,1.1972938298126268,0.005221953736828837,0.10529453365241984,0.011815651776332942
YIL010W,0.7393025246041934,1.118314041116537,0.005163661045510453,0.13037587997151348,0.016975502242639367
YIL011W,0.523524720893142,0.9139087061216553,0.0020310423856288577,0.161993766437304,0.024041016728281114
YIL013C,0.7636927685066325,1.237321531753241,0.005163661045510453,0.23727195548016497,0.02537703279397959
YIL014W,0.7393025246041934,1.2175075895036338,0.005163661045510453,0.20622276356260338,0.017029479476739887
YIL016W,0.9461722488038277,1.284767052310912,0.01626636670946294,0.22288047574902575,0.023332876528341515
YIL017C,0.7893551446183025,1.057059348532102,0.03892771669978797,0.4176825668585099,0.035385098349807895
YIL018W,1.1784897025171626,1.418595322089268,0.0032755729514698352,0.20882949268366058,0.03950087587445447
YIL019W,1.4625506072874495,1.578456713825185,0.036132537060882215,0.2647037461335318,0.03907827590178579
YIL020C,0.8070175438596491,1.255219755116959,0.0005369865336280948,0.5406183644849394,0.2595104052078162
YIL021W,1.3572439162422185,1.511965072563945,0.13071722402192937,0.3945723086115352,0.0774839642266509
YIL022W,0.7440039973351099,1.1264671169389864,0.05329477322107445,0.3018113025563299,0.02878741062701136
YIL023C,0.4084429824561403,0.887646626669796,0.0008689127409283844,0.1397739522231146,0.01792102027014367
YIL026C,0.6692982456140351,1.1128479311779782,0.051965676583639216,0.36164437899765717,0.05686992671803095
YIL027C,0.568295739348371,1.0997321735711827,0.11802663820754293,0.11185115723697436,0.036947246298932715
YIL030C,0.6384711779448622,1.0745341661900136,0.011686768526555067,0.18959669916966237,0.029451231882843956
YIL031W,0.4985380116959064,1.0688104822963926,0.0015325552610462089,0.23909197805934243,0.03122836150879367
YIL033C,0.664274322169059,1.04984663694119,0.49227097295533623,0.24481833317683704,0.06403515423757362
YIL034C,0.7835467045993362,1.14696497449297,0.014646241996396652,0.18424235586224377,0.025733564011829652
YIL035C,1.5964912280701755,1.6643013784461154,0.2525615893715851,0.4589672445512466,0.11062701733929198
YIL036W,0.5361403508771929,0.9061434837092732,0.2214504820636115,0.19897498106006992,0.0409466380388153
YIL037C,0.5380116959064327,1.0660804031749564,0.0017178226222788356,0.21733322968708352,0.028356447966562108
YIL038C,0.9416329284750338,1.2689226889854606,0.029862695791777832,0.3453817670347584,0.0564862028595488
YIL039W,0.354881769641495,0.7555574064865188,0.0005892952335956542,0.043937812864473534,0.02747109176297472
YIL041W,0.7385964912280701,1.0999405793488457,0.005915830694736046,0.12164816852577395,0.017873510648248974
YIL042C,0.6979949874686716,1.0915680749361485,0.003958385901025471,0.10927857606685627,0.016789580287491106
YIL043C,0.6823308270676691,1.1344056100684416,0.057541648888337044,0.24018487243786962,0.05542560695165488
YIL044C,0.6462931522354272,1.0680737977126311,0.0033690193784905813,0.1663008642851544,0.016951310575827442
YIL045W,0.8271929824561404,1.1113175902903438,0.017102500720221465,0.287247762391341,0.049156766661445826
YIL046W,0.7823063756953359,1.2137587209981933,0.05835202430071609,0.27138539595995576,0.03685025935902318
YIL047C,0.4407894736842105,0.8448238364506306,0.0009515818121015821,0.05890756263890359,0.025441065428850933
YIL048W,0.5960832313341493,1.029118854611743,0.009223133423244906,0.11181886579082514,0.01929192709233489
YIL050W,0.4766081871345029,0.962022494202128,0.5002079869363588,0.18191827709272,0.10447970335645489
YIL051C,0.7097288676236044,1.0061958432903966,0.3090097896941528,0.31495095724728256,0.08950420150944273
YIL052C,0.5707017543859649,1.0410106903241914,0.002497803985190571,0.15789178971782072,0.023295017805437617
YIL053W,0.5737874097007224,1.0410756542519088,0.03991511233307234,0.2930428917783492,0.051142141867134644
YIL055C,0.7135964912280701,1.0572538247976844,0.004687198216103567,0.0937623623023418,0.01491585244008125
YIL056W,1.368421052631579,1.610822664770033,0.0009888109596857427,0.7556927380020503,0.5036111770748632
YIL057C,0.6177944862155389,1.1093091070086254,0.0023314943830011732,0.1903858906887167,0.024820182313020786
YIL061C,1.1058681185722927,1.3947455890438347,0.03978328302272299,0.21046638069248602,0.02547277380182459
YIL062C,0.9186818397344714,1.2045674654114962,0.015647067997222652,0.3503325791115657,0.041615798317964144
YIL063C,0.7481203007518797,1.1818704197201866,0.24088485028624762,0.357617828100598,0.06376251704081494
YIL064W,0.5850877192982457,1.0580945928699905,0.0027661414991640614,0.13929863732531836,0.022615387273469765
YIL065C,0.5101214574898786,1.069167032302241,0.3702586981467243,0.25815770228369167,0.043806519236652935
YIL066C,0.4220846233230134,0.9078502159922419,0.22076138069090098,0.26966651580208206,0.06985138119746882
YIL068C,0.675438596491228,1.055620949132987,0.0008459260691669998,0.354376712390236,0.06133157075523894
YIL069C,1.3535087719298247,1.492238248682932,0.347376976955795,0.44756004988092835,0.1423998555312451
YIL070C,0.9667919799498745,1.296489053724964,0.02922678930229587,0.20828403674372215,0.03151198530556808
YIL071C,0.6105263157894737,0.9566610491746609,0.00019023398797877715,0.3845320288503895,0.08931209806360736
YIL072W,0.5026315789473684,0.9574319186191085,0.0015825348211871153,0.10244460841568247,0.016919844032250116
YIL073C,0.5359649122807018,1.056714875044922,0.06824920148785378,0.16444329904575583,0.02934756908061556
YIL074C,0.7838915470494418,1.2218616642958748,0.06846872005812515,0.29175751786560855,0.04073103576991093
YIL075C,1.2543859649122806,1.4455017893935462,0.016971720135456534,0.30071729143139736,0.04272226317438341
YIL076W,0.9190590111642742,1.212947589794676,0.024427418557994553,0.2998313029321476,0.05505363939491953
YIL077C,0.594298245614035,1.052674125724511,0.002767201956400933,0.17319167472697683,0.02205416394610843
YIL078W,0.7046783625730993,1.2024440395385927,0.19126030628240956,0.3849544385601711,0.08484079277503004
YIL079C,0.6439628482972136,1.1240282592709319,0.01659384424991096,0.267442216427494,0.04303970410924016
YIL084C,0.8390092879256965,1.2404522943996628,0.026898251801619484,0.3106347535825923,0.06717059147993251
YIL085C,0.47527910685805425,0.9840501300066645,0.00113544443322368,0.07503060810052747,0.021020998661155664
YIL088C,0.6200159489633174,0.9525775445339087,0.0026977081538484713,0.077885623333237,0.023808908930282438
YIL091C,0.9240890688259109,1.3396850105679028,0.011858950809425586,0.12327967872948292,0.021832956002309643
YIL092W,0.5388471177944862,1.0050938329910675,0.0017739438272341634,0.18264928216139442,0.02352823212005883
YIL093C,1.157268170426065,1.418016831502742,0.021109789002451296,0.26040378993991736,0.03831917133853977
YIL094C,1.2445471787577052,1.4385007974481658,0.1124502647714655,0.3254128329236881,0.0597686202302432
YIL095W,0.8233082706766917,0.9992695486116538,0.42783548845064906,0.36176122023213375,0.16028856346578832
YIL096C,0.5575438596491228,1.0632571010860485,0.0021851732359338804,0.1184457425578061,0.01719876465558178
YIL097W,0.8163821716453294,1.0600355390082925,0.03960339237546365,0.4597097540150351,0.03988678103172154
YIL098C,0.3164160401002506,0.7674178886383054,0.0004052468241473772,0.0686766574676498,0.021478918925983814
YIL101C,0.3212719298245614,0.8578772881571015,0.00033239714457159526,0.06511174681209822,0.03658803727816086
YIL103W,0.7869674185463659,1.1948437808003154,0.2977615707523115,0.5516710094699933,0.12483206158813016
YIL104C,0.6478696741854636,1.1265377620881472,0.0028375271597502437,0.16622285953423904,0.027203692698318332
YIL105C,0.894736842105263,1.311579544098341,0.005796526129343223,0.1938790895206839,0.019930654767501124
YIL106W,0.7796052631578947,1.179065934243686,0.12623853641856803,0.1425899428214283,0.04618733514611356
YIL107C,0.8026315789473684,1.2219912124630818,0.287412167157061,0.33996953645262584,0.09271683675749472
YIL108W,0.696078431372549,1.0039979916679114,0.004448031294269025,0.08676267552023334,0.020790577817707573
YIL109C,1.064327485380117,1.3609597217896812,0.05891560004299072,0.35561403371788664,0.10631977096017112
YIL111W,0.6300799467021985,1.001070291542161,0.002908309725613928,0.13354528490670506,0.01184046623761694
YIL112W,0.861485108119135,1.1876913875598087,0.010092827045579228,0.23983580564159068,0.03539209638311948
YIL113W,0.6585213032581453,0.9936038011695907,0.0030436768284368997,0.12586043679019365,0.018158145716493466
YIL114C,0.7492025518341308,1.1867639801142913,0.008290771418839882,0.11969634548796199,0.014280789852765458
YIL115C,1.109907120743034,1.4228454021757242,0.03588464242178428,0.2783568246676019,0.034578528786161807
YIL117C,0.5275689223057644,1.0699692412850308,0.002042062765172817,0.2630124345426973,0.038966964938711476
YIL118W,0.863157894736842,1.2989617999917829,0.005502492657316043,0.19099159665478954,0.02244031419086121
YIL119C,0.6136536994660564,0.9230345972047038,0.0023402999062431154,0.0783048979602084,0.02402755998423829
YIL120W,0.4709429824561403,0.8998566388798082,0.07143342886996064,0.16471857546778867,0.04286476048624219
YIL121W,0.9824561403508771,1.3330788368847624,0.007801650790435606,0.22124470640579547,0.024605341290400935
YIL122W,0.6403508771929824,1.060375680438452,0.0034114310228902317,0.15775027272377817,0.02804670301797632
YIL123W,0.7011278195488722,1.1372244018645437,0.0037386886797991415,0.14890317299921701,0.020419938320329026
YIL124W,0.5444862155388471,1.0047469228337196,0.0019056221736349379,0.1327748233117537,0.021360672589278165
YIL125W,0.9746963562753036,1.261545251042362,0.23085297048036946,0.3830519034386858,0.10166272744371958
YIL126W,1.3676236044657097,1.5012223343771691,0.07630046913436488,0.3350973505301398,0.05618998865322469
YIL127C,0.5103668261562998,0.9082614201155357,0.001530952152726873,0.10621317877547035,0.02909787707701679
YIL128W,0.7434210526315789,1.0420587411019562,0.003278299359982587,0.261139808128082,0.05159610827279541
YIL129C,0.5361403508771929,0.9298177261335157,0.2214504820636115,0.31220168589089237,0.040497118269966915
YIL130W,0.46453089244851253,0.8926608038633913,0.0009941114431181368,0.1047311748487457,0.022752486140946864
YIL131C,0.8066188197767145,1.1825759500101605,0.004443958830498747,0.2963211317502851,0.026085313902410333
YIL132C,0.37203302373581015,0.8068292574871523,0.00027933704862135304,0.4014476441848015,0.04797750922087033
YIL133C,1.337719298245614,1.599481129880404,0.06760721290928122,0.4916641495829406,0.19379664240661096
YIL135C,0.779711375212224,1.2474824699155156,0.1418304944730818,0.3378159927282978,0.04778965082036246
YIL136W,0.3236842105263158,0.9863368428462529,0.10028718017508939,0.18630914362006473,0.05015634470318969
YIL137C,0.5380116959064327,0.9673343216702541,0.0017178226222788356,0.10526843278139046,0.029711885568127788
YIL139C,0.5427154843630816,0.938600771824456,0.2460711483930906,0.13816313435895902,0.06168138384872463
YIL140W,0.6090225563909775,1.0583911702332753,0.3545754151905758,0.32796680997993494,0.07430778072387129
YIL142W,1.1945773524720893,1.4052430913886023,0.06952024011871699,0.4143103530713819,0.08096719501516425
YIL143C,0.7223346828609987,1.1646985211847518,0.021043820006413482,0.2554231509254413,0.06692478595589335
YIL144W,1.0362005760670332,1.3547670097527234,0.06811367165366135,0.3397220352859199,0.03657675742223204
YIL146C,0.41025641025641024,0.9590063120764876,0.0008150294528699447,0.12856578585426787,0.03841034002991429
YIL147C,0.664274322169059,0.9583593570977459,0.16038064106500424,0.28920083551426534,0.06612009347636484
YIL148W,0.6562078272604588,1.1330655069045161,0.308723099877859,0.3159670715083447,0.09636572394891467
YIL149C,0.6819221967963387,1.0822775596566176,0.431847723296239,0.4154360895175538,0.083643865273426
YIL150C,0.9079967360261118,1.2311257309941521,0.03249734488838846,0.2949800315844891,0.03728701136668178
YIL151C,0.4766081871345029,0.8434454191033138,0.22243020915858105,0.08139910197169252,0.11681924300987805
YIL152W,0.6359649122807016,0.9679523965677432,0.0025037494129137817,0.1147612183029203,0.030789465157184306
YIL153W,0.7485380116959064,1.1266598382183002,0.11187531119026146,0.3245026569600483,0.059439156728849384
YIL154C,0.7663339382940109,1.1527832292595896,0.004551476452703929,0.1336904933548823,0.0260204060488879
YIL155C,0.27368421052631575,0.9689681932587584,0.0002871801750894038,0.17504002495846543,0.02670195184513365
YIL156W,0.7672064777327935,1.206985486973247,0.12440660728325514,0.2867842105411989,0.03282748487796662
YIL157C,0.655396402398401,1.0232187348061421,0.002908309725613928,0.1742046379575206,0.01529184768918581
YIL159W,0.5910087719298245,1.0453741397693128,0.26329018595381354,0.32489451517823487,0.07769577662558172
YIL161W,1.1508771929824562,1.4376231353785534,0.03416431484044444,0.5142160499697406,0.19633457207953195
YIL162W,0.4716599190283401,0.9870883533318671,0.1487202366082627,0.16698082181004137,0.036464218882386934
YIL166C,0.9906015037593985,1.2898873409602611,0.014401642369809653,0.14912047661603509,0.040318261034442235
YIL167W,0.5707017543859649,1.0410106903241914,0.002497803985190571,0.15789178971782072,0.023295017805437617
YIL169C,0.6505847953216374,1.0194549991519362,0.0042963146422784594,0.09480264663377566,0.019078530329533494
YIL171W,0.7340510366826155,1.1937444137472897,0.007959127138187553,0.11196368618543617,0.013444517144838544
YIL172C,0.45411605937921723,0.9312155238972297,0.0007462000264568456,0.07174937317436433,0.04103353432230688
YIL173W,0.3164160401002506,0.7699746160272476,0.0004052468241473772,0.0554334505536887,0.01961643165131458
YIL177C,0.4084429824561403,0.9050514440746134,0.0008689127409283844,0.08848738905095432,0.01869474551727919
YIR001C,0.9392230576441102,1.2531931087214236,0.10738948233059281,0.3385786555203597,0.06629175679219577
YIR002C,0.7271929824561403,1.1954522056749592,0.003553052344556834,0.21255919826962677,0.024041809784998692
YIR003W,0.48245614035087714,0.9302939219207161,0.0009515818121015821,0.0975133187586554,0.03494639293419552
YIR004W,0.5279106858054226,0.8910320472755366,0.0016504823348455122,0.12932976236765,0.023174690492421247
YIR005W,0.8874773139745916,1.2925506635504798,0.00770344080297047,0.1256270423474585,0.015582203726431574
YIR006C,0.8646277856804172,1.1991310857464947,0.017833386850208167,0.2515289678179877,0.03534881305392522
YIR007W,0.5149638802889577,0.8957268170426065,0.0014089725572177876,0.07060607217073417,0.029330690804365695
YIR008C,0.7917176662586699,1.1833479532163742,0.013226399785185063,0.16374682745522112,0.024778676159889674
YIR009W,0.9679370840895342,1.3458252111760884,0.007096830212627233,0.1761956740020326,0.0180014291634877
YIR010W,0.9615737103953914,1.3215019442776412,0.017824510206340134,0.3106474723993433,0.028046227180075524
YIR011C,0.807017543859649,1.2592653180845816,0.00628080836095343,0.12130477059086275,0.015122459193706092
YIR012W,0.8333333333333333,1.2705697952525128,0.00628080836095343,0.13212145039732973,0.016803074050619825
YIR014W,0.7327485380116959,1.1339876231675077,0.004598321753985949,0.11091609042788486,0.013014211477779303
YIR015W,0.5977812177502579,0.893477153459368,0.000973759488599487,0.2969639846888324,0.0544150889051557
YIR016W,0.6785512167515562,1.0041628606958288,0.0033690193784905813,0.16741729441636735,0.02452358100899773
YIR017C,0.8272453521864361,1.221094507383528,0.006206176210307979,0.16121322799306476,0.015681497734169672
YIR019C,0.46453089244851253,0.9299984662010536,0.0010176837705473624,0.08210721182896377,0.022848201958300188
YIR021W,0.3544891640866873,0.8078681077694235,0.11792033509215996,0.09314700382410043,0.06355937269100227
YIR022W,0.7340510366826155,1.2177049333456789,0.00760807394854784,0.11653515047567534,0.013418990568379911
YIR023W,0.769423558897243,1.197501965816276,0.006251154860461097,0.15608328274057104,0.02824997516091604
YIR024C,0.5954790823211875,0.9970272641488593,0.002683208612290652,0.07796506901286719,0.02016498446765086
YIR025W,0.7761403508771929,1.1559308986752597,0.0030906213517729294,0.2588088245748581,0.041743049709485405
YIR026C,1.0241228070175439,1.3498743415011356,0.03697405675556322,0.457244929046751,0.13699322273611914
YIR028W,0.4921052631578947,0.9989191654411015,0.0017396957429890454,0.10798061735800346,0.025000741055291428
YIR032C,0.4084429824561403,0.9050514440746134,0.0008689127409283844,0.08848738905095432,0.01869474551727919
YIR033W,0.6492248062015503,1.0821702585153692,0.06111630490302111,0.2666081845689671,0.05169244810822555
YIR034C,0.6077694235588973,0.9750192860526081,0.034601024941195505,0.11065812688866886,0.059267760474985505
YIR035C,0.9228586171310629,1.3793944979179464,0.03761534223845275,0.23896863011416614,0.038575125118799965
YIR037W,0.925438596491228,1.322163002442816,0.8891796361334637,0.7041690002282868,0.3095306061356337
YIR038C,0.9515503875968991,1.2185797754584118,0.36858838275632166,0.48327828775618786,0.11230893518415734
YIR039C,0.7069377990430621,1.0704607173366802,0.0039644776820830716,0.1330721012597268,0.014655585342657554
YJL001W,0.6581453634085213,1.151528442317916,0.0023427792725995568,0.19732117360922474,0.021844391112691625
YJL002C,0.6587719298245613,1.0984787919165,0.03663593559975994,0.40096914047118914,0.07420822444331249
YJL004C,0.48643410852713176,0.9654761795680008,0.0075399624562467755,0.07757067073012316,0.02291820549380393
YJL005W,0.5241228070175439,1.0226016142284085,0.3089225963048552,0.17850706296230595,0.046325372562719375
YJL006C,0.9210526315789473,1.3017654009452855,0.010770318709726683,0.19879591640655198,0.03963052900570628
YJL008C,0.8309409888357258,1.2502043316986797,0.005986948013996325,0.20747809167521972,0.034942769805282985
YJL010C,1.2894736842105263,1.4915001920860544,0.02101631969558908,0.22254034004235046,0.03298294054580546
YJL011C,1.0877192982456139,1.3574264968380252,0.0555158388865855,0.2719869852074972,0.04384147323011555
YJL012C,0.45112781954887216,0.8566776315789473,0.2750212389848327,0.1554841359863777,0.11018014871538888
YJL013C,0.5570175438596491,1.0329975328947367,0.029569186593182886,0.40375767739034707,0.08093936120841028
YJL014W,1.467304625199362,1.5847302708757818,0.3882534909948249,0.48247966545649107,0.12837324702355155
YJL016W,0.7543859649122806,1.228399820596037,0.005187506783454129,0.1165973833605492,0.012650233527652165
YJL019W,0.7025518341307815,1.1586533046098393,0.3096491529469322,0.1645179742915529,0.08441408345079518
YJL020C,0.7171052631578947,0.9886520294819889,0.17761829337939963,0.31561284502984094,0.08816371699559081
YJL023C,0.24484004127966977,0.8300206398348813,0.2206428771356583,0.020327411720082598,0.055197368183713916
YJL024C,0.5810324992809893,0.969350829793159,0.0024405368373917047,0.09557725235413884,0.011416787797525042
YJL025W,0.6340852130325814,1.0497204267979892,0.12320251525580561,0.25892030336793004,0.05014007511746977
YJL026W,0.8679050567595459,1.1769768170426065,0.42359034510623733,0.5256050498953184,0.09881718956698411
YJL029C,0.6138193845268909,1.0079960539646988,0.0024405368373917047,0.07938762345637002,0.018003723573911952
YJL030W,0.8070175438596491,1.203937703834908,0.6448469643709606,0.563979815434287,0.16294021689368204
YJL031C,0.6035087719298246,0.9630311267899894,0.0026773751717001576,0.0866613491500944,0.015173293572503922
YJL033W,1.0721052631578947,1.3334776989495682,0.0281110090005394,0.26234554457696596,0.04357229565025238
YJL034W,0.8421052631578947,1.268652029481989,0.007989674117064801,0.2775889464909622,0.06971046604607817
YJL035C,0.5986842105263157,0.9949423795621133,0.0022037015542911978,0.08705032416754595,0.02444658790888831
YJL036W,0.6701754385964912,1.0922812432315356,0.026355290692059736,0.1556017845818326,0.023186666787731347
YJL039C,0.9530443756449949,1.3432999476302696,0.008737939571020108,0.19950701305358942,0.022126399150362373
YJL041W,1.109907120743034,1.4228454021757242,0.02479349542347616,0.28299224578296733,0.034201124315093624
YJL042W,0.41040100250626566,1.0125747734476138,0.26398700627282656,0.1837464088257228,0.058854250441215956
YJL044C,0.4939271255060729,1.093615192804346,0.00031857860029939296,0.13744021307265047,0.034429588185124885
YJL045W,0.6902834008097166,1.0841784694293874,0.005106918324123472,0.13390541597886352,0.013283638652948501
YJL047C,0.7353010905642484,0.9948181477039446,0.06643021920229045,0.09071253651886904,0.04010982830876942
YJL048C,0.6027568922305764,1.087011884550085,0.003416423351447988,0.16195507897243716,0.024268099835011853
YJL050W,0.9574752097635393,1.3072178309020415,0.07181136409068428,0.17424971544553017,0.040602877432614606
YJL051W,0.533625730994152,1.0150851767098907,0.0013715976343064739,0.24970509994429835,0.030730550443098352
YJL052W,0.7331309041835358,1.1145469883859975,0.2702615614163205,0.46336376257729406,0.1177240014606906
YJL053W,0.5960832313341493,1.0262533341532596,0.004102635611717194,0.1180888251355226,0.018458674397392745
YJL054W,0.6807128580946036,1.0692082925568742,0.017024852657561977,0.16241200940343245,0.020223004603916045
YJL055W,0.8934468524251805,1.3651087836322322,0.009094843129718347,0.23054616000721745,0.02715640507017179
YJL056C,0.9692982456140351,1.4558076472431658,0.01449419432718284,0.18641113522386615,0.02392886233086628
YJL057C,0.7616959064327484,1.0546482612966197,0.07519578554174935,0.13483463432022708,0.04843032067303434
YJL058C,0.6820175438596491,1.097924572224632,0.02116505421129603,0.1685021121808284,0.03830748376899579
YJL059W,0.6973684210526315,1.209176242493025,0.0009746429754652033,0.45580116504502327,0.17620897375768915
YJL060W,0.8588863463005338,1.3129654171399723,0.03249019743889276,0.26783546777797357,0.04212443274942407
YJL061W,1.0510835913312693,1.3916870444044631,0.01342145567898835,0.2555357642196705,0.029405043163894647
YJL062W,0.7211779448621554,1.089193485669846,0.0050189420390180485,0.11417705599179448,0.016933128484583802
YJL062W-A,0.6933710859427048,1.0793697177289112,0.014186548103456422,0.22122816567629605,0.020887711376570063
YJL063C,0.795906432748538,1.2407270014937706,0.0013799018457663155,0.23266435096554264,0.031183196231354238
YJL065C,0.7312599681020734,1.117501404144611,0.0038859744299898553,0.094894918116284,0.018291929700378642
YJL066C,0.47017543859649125,0.8873050117961261,0.5900256654093827,0.45745186892094225,0.0651965334949177
YJL068C,0.6077694235588973,0.9186686599345402,0.1444911348313054,0.07734922073221406,0.06949745114235084
YJL069C,1.2317813765182186,1.4513395495157735,0.02649111608405498,0.20513675546951887,0.031791051818293954
YJL070C,0.37203302373581015,0.8638215946519032,0.5149852194015625,0.07293425621684452,0.055540716620954424
YJL072C,0.9079967360261118,1.2533479532163743,0.022789330333047333,0.3212315252271983,0.0365381162597047
YJL073W,0.7043859649122808,1.222235160171816,0.0026893308087980426,0.37950200246458266,0.11013663084705441
YJL074C,0.9026315789473685,1.2896073419799423,0.6110078221775088,0.5810640347019582,0.11760209247811934
YJL076W,1.0421960072595282,1.29338928986565,0.07408417458942988,0.3913746710411916,0.06543773816567343
YJL078C,0.9605263157894737,1.4536050040713597,0.01449419432718284,0.17953811169040634,0.020472697415429703
YJL079C,0.39792663476874,1.0116300115272154,0.0004548337845667982,0.2865449805443266,0.05034010789518628
YJL080C,1.307017543859649,1.5885530884502925,1.000536986533628,0.7477249901525215,0.4892391416944477
YJL081C,1.2525062656641603,1.4354229591071697,0.09695125446253033,0.36056431499475017,0.06476443355177458
YJL082W,0.27368421052631575,0.9244412915889996,0.0002871801750894038,0.16680208299315674,0.02508866638674089
YJL083W,0.5833333333333333,1.1147351146356845,0.6004074526842245,0.5332636379816247,0.15963693988550648
YJL084C,0.551487414187643,1.002264909435239,0.3567253367395608,0.3322429486983408,0.048250752837526785
YJL085W,0.8087719298245614,1.2010754945875326,0.5403697355929765,0.405601636231801,0.0876431314751485
YJL087C,0.5037593984962405,0.9018243780182162,0.0014576934283114158,0.09884788075642265,0.027620707684177508
YJL088W,0.3701754385964912,0.7686259612285306,0.0005519811988564753,0.06189358252076921,0.031224387955281697
YJL089W,0.7268170426065163,1.1855681454688616,0.003368867120388625,0.24577497465239995,0.031645504074773984
YJL090C,0.5394736842105263,1.0288592438328377,0.10631321033705134,0.16266882806627017,0.05530349534157125
YJL091C,0.7492025518341308,1.1951680548171777,0.008260188061609905,0.1213324958307849,0.014213107886626422
YJL092W,1.1652046783625731,1.360239053724964,0.864277653300262,0.7364421195373989,0.31857375967885837
YJL093C,0.27368421052631575,0.9689681932587584,0.0002871801750894038,0.17504002495846543,0.02670195184513365
YJL094C,0.6679907315458458,1.216053902199413,0.004174965103923487,0.18200078057020933,0.015392045215490324
YJL095W,0.9038596491228069,1.1565598888587965,0.6672850588614482,0.6090795788653032,0.12448675692294102
YJL096W,0.4906015037593985,1.1017775152634255,0.0012252405864614476,0.07484907919707115,0.00982946910332851
YJL097W,0.5562015503875969,1.1414434414727626,0.04932950576913475,0.26301401738936353,0.033073619622011094
YJL098W,0.9479949874686716,1.2644075811089879,0.21352628713559335,0.2855305937169671,0.06628788654202877
YJL099W,0.7350877192982457,1.1935566151244654,0.07492988418922253,0.33821661529038727,0.0526873101028574
YJL100W,0.46600877192982454,0.9050232625763304,0.000790185953813517,0.11965634756931673,0.03527922068993156
YJL101C,0.6350877192982456,1.0653514869193372,0.0027661414991640614,0.15550746860970677,0.03618775252182136
YJL102W,0.6986944104447165,1.0695244238046095,0.004341782839385521,0.10327111485896394,0.013257883293894279
YJL103C,0.6791979949874687,1.1665464063384268,0.003368867120388625,0.18216648967954113,0.02153204358674067
YJL104W,0.7313457694870086,1.1573413353132047,0.03371537794116448,0.32214813319233926,0.026035225043769226
YJL105W,0.7824692327834512,1.1321669472136366,0.006006364400930363,0.11056964039679465,0.011155710096899465
YJL106W,0.8764855687606111,1.1353920744352894,0.15352826384827062,0.30865262218284256,0.07534317086200143
YJL107C,0.4462719298245614,1.0045954348752484,0.1253323971445716,0.35297682042290873,0.0837128140744807
YJL108C,0.7416267942583731,1.2161299422944916,0.008054146281922067,0.11692330611476712,0.013807932670175185
YJL109C,1.4817813765182186,1.589539407772329,0.024558083856820973,0.27723396165496006,0.03926335688069048
YJL110C,0.7296650717703348,1.0639595353035833,0.005257279899832435,0.18103329669990637,0.018800216142696842
YJL111W,1.058213716108453,1.3331710193165303,0.014397584996061879,0.3656226641188932,0.062177926894633494
YJL112W,0.6820175438596491,1.0069343848918932,0.007034619428687333,0.14271435952331715,0.03809120243988384
YJL113W,0.5080091533180777,0.9117849723778038,0.0010176837705473624,0.18125981649450768,0.03173931246895537
YJL114W,0.5080091533180777,0.9117849723778038,0.0010176837705473624,0.18125981649450768,0.03173931246895537
YJL115W,0.7087719298245614,1.0460105200480267,0.0020721641818900603,0.13061313063424923,0.04130374757650991
YJL117W,0.9537480063795852,1.3226596561609627,0.014145100292721048,0.24331454880059883,0.02346245101784286
YJL118W,0.6505847953216374,1.0146956125839828,0.0042963146422784594,0.10818534356405395,0.017074686017577157
YJL122W,0.900839054157132,1.2857056162418625,0.025429179075634835,0.20816209156740517,0.04423277605095657
YJL123C,0.7005012531328321,1.0485370863868533,0.09802770742910474,0.16508046776424617,0.05025758163730321
YJL124C,0.9771929824561403,1.2578585909094433,0.023549303432240355,0.3066577913117449,0.041102410453059436
YJL125C,0.7149122807017544,1.0768724932949485,0.006569139520584107,0.09126014557358231,0.02708808502833584
YJL127C,0.46600877192982454,0.8496736208664218,0.000790185953813517,0.0699715864575795,0.03862900002193591
YJL128C,0.664274322169059,1.0643969014914547,0.3515783322626954,0.4630861243142058,0.058646520828947744
YJL129C,0.6090225563909775,1.0208911702332755,0.18790874852390912,0.2962329575228193,0.07816392578281048
YJL130C,0.9928229665071769,1.1920579146730463,0.2687842884531677,0.5420423625814718,0.16275472263881532
YJL131C,0.5900809716599189,1.0420647315618423,0.0022204918478908524,0.13946452457060932,0.02953247866116344
YJL134W,0.46317829457364335,0.9654761795680008,0.0032839250759743896,0.10815375892276341,0.01604841465934299
YJL136C,0.5637651821862348,1.03033348677817,0.0019157593060769669,0.13155650028029275,0.03692308645458935
YJL137C,0.7771929824561403,1.1188590684200572,0.003656385432000912,0.291355548854361,0.03856780901144577
YJL138C,0.8583959899749374,1.2435394329742284,0.5120472850380259,0.4949998997749709,0.1647216721199899
YJL140W,1.1314374646293153,1.4017008449216688,0.017197852115460675,0.3413347452507619,0.05258890299671489
YJL141C,0.881578947368421,1.1706361601332709,0.48802620900965105,0.5406634361692609,0.11797732404780895
YJL143W,0.706029313790806,1.1401716880206065,0.011587524919565903,0.3002324663656494,0.0223696294329054
YJL144W,0.6679907315458458,1.216053902199413,0.004174965103923487,0.18200078057020933,0.015392045215490324
YJL145W,0.7095141700404858,1.1249458555205145,0.04356845678566194,0.14789552146314597,0.021258439604456895
YJL146W,0.6107017543859649,1.0755172465698781,0.22249780398519056,0.16453856237506942,0.040328043176591256
YJL147C,0.8087044534412956,1.2441883641290654,0.008080733446478666,0.10221055012712234,0.016232373712346062
YJL148W,0.9091478696741854,1.266263706140351,0.011092540002379449,0.18220671486261744,0.03260312759518684
YJL149W,0.7335258878904578,1.1819552303711731,0.005743799192490975,0.24716467150050175,0.025384607297009972
YJL151C,0.7587719298245614,1.1271831539633397,0.12653343660981176,0.23907165267202063,0.05141140794404829
YJL153C,0.7835467045993362,1.1428216374269007,0.029441644291798942,0.15281146180800217,0.026605873921764226
YJL154C,0.6891064871481027,1.1154353484223818,0.0785106934084793,0.21279790936406934,0.034029311799685144
YJL155C,0.5073099415204678,0.99007904781819,0.5004753626373317,0.4833099021659065,0.10728423645153197
YJL157C,0.8137254901960784,1.2411125171119564,0.0072703723519042,0.29488194931938116,0.04393281129831537
YJL158C,0.39792663476874,1.0116300115272154,0.0004548337845667982,0.2865449805443266,0.05034010789518628
YJL159W,0.5657894736842104,0.9239694934666043,0.001671433181190982,0.10411404675725561,0.029929695165483244
YJL162C,0.662280701754386,1.1463214194907558,0.003388991143261222,0.2960005575441317,0.04671413341232858
YJL163C,0.6679907315458458,1.216053902199413,0.004174965103923487,0.18200078057020933,0.015392045215490324
YJL164C,1.3293460925039873,1.430194997629208,0.8339809855703907,0.7357074450033814,0.23234226194565522
YJL165C,0.8433014354066984,1.1190597174529457,0.18666181720226804,0.18720773264804008,0.059434054165091364
YJL166W,0.7211779448621554,1.1819581467513387,0.0050189420390180485,0.16608434779296238,0.016834626992593006
YJL167W,0.6710526315789473,1.0224880119851227,0.12155447411686349,0.17014689856090864,0.0648952417249683
YJL168C,0.905631013016412,1.290350270209025,0.0050549173918807925,0.23040478424267527,0.03151164686257926
YJL171C,0.9667919799498746,1.4397426929371175,0.013820922276894437,0.2227025917820124,0.030804822573957454
YJL172W,0.4888357256778309,1.1385530884502923,0.43681847014820313,0.3332668397443849,0.08897743865474009
YJL173C,1.0271929824561403,1.2822577612305146,0.07796042020020054,0.40264017225129756,0.06987920463522873
YJL176C,0.9087719298245615,1.293652029481989,0.11347567295381987,0.3578130813010233,0.06686107540638281
YJL177W,1.4393592677345537,1.5966598382183004,0.01597101722244353,0.24860695369066055,0.04691090640900425
YJL178C,0.8518971848225214,1.188564600123062,0.12571769460219148,0.3737864245720972,0.057608196236223604
YJL179W,0.6491228070175439,0.9918323834591777,0.1887535141792512,0.518594476299346,0.07244518361350318
YJL180C,0.47017543859649125,1.0693778409277788,0.0004958921272253775,0.18217934189806168,0.03620691582229374
YJL181W,0.8154080854309687,1.292132083806639,0.006139736305822918,0.2443403736548997,0.02754397196940048
YJL183W,0.8254385964912281,1.1886210624600717,0.16364445764775096,0.36545707461695304,0.09056540173935396
YJL184W,0.44183829138062547,0.8638993043967621,0.0005892952335956542,0.3631308743078168,0.039904029348779464
YJL185C,0.4331983805668016,0.886197292682255,0.0010279289159550265,0.06523771229406282,0.022578041139822792
YJL186W,0.6035087719298246,1.0272147307966022,0.004094084639257083,0.09921590133568481,0.014022240984165366
YJL187C,0.9276315789473684,1.2471772969718682,0.4130932889129227,0.5139745089468802,0.1267438595801342
YJL189W,0.6834477498093059,1.1707056162418625,0.0031410807005799405,0.12039100589283769,0.02238119820688605
YJL190C,1.1008771929824561,1.386632073140598,0.11727506556904005,0.4204062182975525,0.12678451767706994
YJL191W,0.8786549707602338,1.236632073140598,0.00708988038385489,0.337199107440219,0.08849123819181001
YJL192C,0.34461152882205515,0.8926419959608065,0.2097577905023665,0.34530245784153735,0.0656194751690005
YJL194W,0.8382292941656466,1.1876913875598087,0.017959222155706334,0.2073479878502073,0.028996850752789096
YJL196C,0.8931419457735247,1.2997330387054697,0.009926758383918606,0.21892722247793808,0.020578713073876636
YJL197W,0.3654970760233918,0.881062973962248,0.00020798693635885648,0.22607398674406023,0.0569388752122382
YJL198W,0.7296650717703348,1.0843299056739537,0.007927269569061889,0.20271326628910152,0.019049504372387213
YJL200C,0.8154080854309687,1.292132083806639,0.006139736305822918,0.2443403736548997,0.02754397196940048
YJL203W,1.117362371445856,1.4094217024041584,0.00913027376648935,0.23294594547261396,0.02394537659282904
YJL204C,0.5532581453634084,1.0417414401142806,0.10189909418491448,0.381985636871772,0.08681494348483101
YJL207C,0.6375438596491227,1.0572474857014331,0.003018506569267214,0.22159046134419658,0.02917691230134813
YJL208C,0.6210526315789473,1.0479638341664217,0.0011466943660165937,0.4027024462520123,0.08686245784077651
YJL209W,0.6238596491228069,1.0525088344747786,0.002285058861448065,0.3268357344714949,0.03195695656681676
YJL210W,0.7878100423472474,1.2202390537249639,0.01564844492616591,0.297232977265945,0.04437576777317154
YJL212C,0.6679907315458458,1.216053902199413,0.004174965103923487,0.18200078057020933,0.015392045215490324
YJL214W,0.7340510366826155,1.2224959900398495,0.007371299296682609,0.12145720385236142,0.013345441020429182
YJL217W,0.7478070175438596,1.1053254128912022,0.003880122804341954,0.19212805918065057,0.07585492872585219
YJL218W,0.7838915470494418,1.217136578385222,0.05397582231585063,0.1882572836675328,0.028484060794810633
YJL219W,0.7264752791068579,1.1867639801142913,0.007546665976021999,0.10800269548070784,0.013455305912004462
YJL222W,0.7264752791068579,1.192330077520996,0.007385512031296806,0.11916664434881953,0.012952748032436042
YJR001W,0.7339181286549707,1.1479024437035272,0.0717566321025959,0.2840040998858221,0.03861403110905949
YJR002W,1.6163967611336032,1.6772925418128306,0.06037180635849205,0.29287948003661146,0.045030085727565165
YJR003C,0.6820175438596491,1.1049380146559586,0.03167230058810763,0.22655132592272495,0.03646749429151995
YJR004C,0.5103668261562998,0.9827712240371043,0.001530952152726873,0.20316273108915942,0.02641306909641944
YJR005W,0.6819221967963387,1.057223093425681,0.4561983275168993,0.5564964535942339,0.08482064622453037
YJR006W,0.7452060383516932,1.1001221467647615,0.011733417464260794,0.11743383469486442,0.02058263114253208
YJR007W,0.8975279106858054,1.1991718953189772,0.03169906806235216,0.3770244160777359,0.04133161902665693
YJR008W,0.25087719298245614,0.8818876681996253,0.00016481688624811014,0.16002520845980464,0.029947243045418764
YJR009C,0.4809941520467836,1.072163002442816,0.22251296946679708,0.343094167827509,0.11364998457958776
YJR010C-A,0.9613237639553428,1.3109575285013881,0.027606601050227986,0.2264988666977267,0.024562083863104517
YJR010W,0.3333333333333333,0.8397723981537968,0.0004847253447286076,0.055835218041670256,0.02986929690067035
YJR011C,0.6724021592442645,1.0850843051470767,0.004697860626942667,0.12662382668671152,0.024604081817248415
YJR012C,0.43893387314439947,0.8764426841818265,0.15457705769088947,0.07431010050272345,0.08426816225009574
YJR013W,0.46317829457364335,1.0100696530193283,0.0016337239918687767,0.1378141041817033,0.016131257709180228
YJR014W,0.5689792663476874,0.9739257564200355,0.10015514050972696,0.11971311423952989,0.04068159083887552
YJR015W,0.7567783094098883,1.2257462608957543,0.01305800401610229,0.12547926194635553,0.015087315617583537
YJR016C,0.48684210526315785,0.9119943919811777,0.001411246041515561,0.16302114822915037,0.03002002974612709
YJR017C,0.7765987549518959,1.2479310036518274,0.003936979177168384,0.15554946902878727,0.020022400880497605
YJR019C,0.533625730994152,0.9407994624241763,0.0013715976343064739,0.12641756844777538,0.03363820930271397
YJR021C,0.6783625730994152,0.9726488940077869,0.0042963146422784594,0.09268206800699072,0.025414866311818777
YJR022W,1.1105263157894738,1.382095731275616,0.3369622569209515,0.32794372707221037,0.07090496453632396
YJR027W,0.5363408521303258,0.9351521764180566,0.001633991974162535,0.145408248304272,0.03474286074855919
YJR028W,0.6517709367759019,1.0409713121831794,0.007140033250351344,0.13687979723809027,0.017966424043328204
YJR029W,0.5363408521303258,0.9351521764180566,0.001633991974162535,0.145408248304272,0.03474286074855919
YJR031C,0.5877192982456141,0.9992895749474697,0.6390968758252477,0.47161473384664193,0.1432658161313684
YJR032W,0.7885964912280701,1.1691207938075105,0.02458610922705471,0.16281243684904415,0.026777729084864026
YJR033C,0.6652046783625731,1.0493299628158732,0.002311550223585184,0.2085137906263375,0.031311585458897014
YJR034W,0.4921052631578947,0.9057927796317888,0.0017396957429890454,0.06029310119725356,0.033451075234853245
YJR035W,0.6598883572567783,0.9935467151714291,0.22930376965835605,0.18778699421686143,0.0709701734347641
YJR036C,0.5275689223057644,1.0699692412850308,0.002042062765172817,0.2630124345426973,0.038966964938711476
YJR039W,0.5080091533180777,0.8423063418116816,0.0009941114431181368,0.07257699839319459,0.03817079522548613
YJR040W,0.32675438596491224,0.8804629307863496,0.12524577459388667,0.1407157355205736,0.06705660612217022
YJR041C,0.8170426065162907,1.204213852355878,0.11932657664677401,0.5172749625543079,0.16662095834171511
YJR042W,1.109907120743034,1.3976477737172261,0.02177487285736706,0.2859369824967199,0.033617573971278014
YJR043C,0.7219502243982048,1.0672165663550603,0.003575350860661755,0.1030905018428739,0.01694768142440395
YJR044C,0.6462931522354272,1.0680737977126311,0.0033690193784905813,0.1663008642851544,0.016951310575827442
YJR045C,0.6680546302465022,1.062737788635667,0.03570507435775507,0.15502782127423076,0.01925139195630219
YJR046W,0.8847409220726234,1.2533479532163743,0.0381901176280646,0.27246314683248024,0.03395692097448035
YJR047C,0.5080091533180777,0.9261689623715499,0.0010176837705473624,0.07902648284123191,0.03735384214010595
YJR048W,0.6300799467021985,1.082885281887957,0.040811496604790054,0.11644826494763917,0.0132642583400187
YJR049C,0.4508771929824561,0.85428980204522,0.0008038031522174791,0.09434575535066136,0.06088898374237996
YJR050W,0.9449485783424076,1.337053281351527,0.007846404954193392,0.1521650322246479,0.017476921739153328
YJR051W,0.5964912280701754,1.0892969784458602,0.002404925673525176,0.18946115564407934,0.01654265349567521
YJR052W,0.7053429027113238,1.0550851767098908,0.19683623719082363,0.5378856995131804,0.07553588663914786
YJR053W,0.7108092812676853,1.1121642542621974,0.09369160002365186,0.1538127490091707,0.039856829626637655
YJR055W,0.6453634085213033,1.058937655792598,0.002899436204362861,0.0853397986053403,0.017310008396612238
YJR056C,0.6329030122476,0.9443354621574989,0.0029673191719768875,0.09402580416805549,0.013307461056850893
YJR057W,0.8352994555353901,1.192587150828217,0.007753906850150263,0.22874114787852629,0.032276357351518764
YJR058C,0.5949656750572082,0.969532461617402,0.08795063318224856,0.4349860067102431,0.06039928768049019
YJR059W,1.1710526315789473,1.363650112742672,0.7659696720303553,0.7162924154380225,0.23790141843854246
YJR060W,0.533625730994152,1.0765762670737247,0.3860867478358418,0.3954109141666088,0.0942330127472755
YJR061W,0.7135964912280701,1.0835381736626783,0.004687198216103567,0.10757996184586331,0.014720479728916675
YJR062C,0.517056530214425,1.020520743865809,0.0015518161305177578,0.1135113655909234,0.016545011074643116
YJR063W,0.9448621553884711,1.2895970394736842,0.0039826947647392365,0.20428072941040076,0.03376698866093942
YJR064W,1.0127591706539074,1.3496875358330467,0.10978653947592544,0.2966278979083363,0.06341249766746399
YJR065C,0.9186818397344714,1.2101380766731644,0.05446721931737397,0.3251826997291444,0.04239203551213097
YJR066W,1.269423558897243,1.4638377805391873,0.3167008903101966,0.4715247596211233,0.11160518445257533
YJR067C,0.7149122807017544,1.1161431805319753,0.0035498158490865224,0.10839936966939948,0.02532541638483496
YJR068W,1.0207336523125998,1.301510447466982,0.3583504516482308,0.48817143267363944,0.11827231857273864
YJR069C,0.5986842105263157,1.1049380146559586,0.0022037015542911978,0.14516039585276858,0.020702651844865055
YJR070C,0.8588863463005338,1.3129654171399723,0.03249019743889276,0.26783546777797357,0.04212443274942407
YJR072C,0.7765987549518959,1.2255644812853053,0.012353091141667445,0.13238300423450217,0.02239490589173665
YJR073C,0.7287814129919392,1.1753158078346049,0.004159966694076405,0.14299849442967336,0.015886855400632352
YJR074W,0.6188197767145135,0.9712752083697616,0.042054522738885915,0.25587450861195277,0.047994573038566184
YJR075W,0.46317829457364335,1.0595386795680009,0.005758678981907486,0.15677749062140223,0.015986977204648204
YJR076C,1.11359649122807,1.3089027339808401,0.20164797715233987,0.4770819127187813,0.07932670582322683
YJR077C,1.001303935514462,1.308676236044657,0.023067379149180216,0.18587525137494254,0.03505782900458735
YJR078W,0.40148448043184887,0.9558594952293014,0.0006372173423669757,0.21236816021780314,0.041712694245051765
YJR082C,0.5614035087719298,0.7739326591880771,0.012362019057075117,0.5271861168463037,0.06758792312309643
YJR083C,0.3701754385964912,0.9568237283736661,0.0004958921272253775,0.06968816009977863,0.021619181562837667
YJR084W,0.8105263157894738,1.2233277158413274,0.6446346784324233,0.420524297676356,0.15004112670934552
YJR088C,0.24937343358395989,0.8416035514181639,0.00023398097855695647,0.1967203692823467,0.026369268982747527
YJR089W,0.8108552631578947,1.2007853912572606,0.04659183902993516,0.15134227521871843,0.045879370862974556
YJR090C,0.7823063756953359,1.16757599258768,0.025767555923564774,0.225809301024748,0.03667446172515601
YJR091C,0.8837719298245614,1.2121630024428158,0.8836657304779049,0.7090987085655001,0.26734498903071496
YJR092W,0.6090225563909775,1.0326558761156284,0.26666332727848785,0.3028291759505237,0.0766778403610488
YJR093C,1.1921052631578948,1.4029221433940129,0.006189799385781399,0.31844063030960423,0.050634503401717254
YJR094C,0.6506791171477079,1.0172968363400514,0.0036888845895365068,0.11906918484713663,0.01808156928014224
YJR094W-A,0.6823308270676691,1.0512137594742141,0.01908011042679858,0.1630824877626711,0.05864620924606302
YJR095W,0.5558213716108453,0.9931878907037709,0.09244004306181779,0.21546415328225482,0.047810483732562456
YJR096W,0.4906015037593985,1.1121491660845146,0.0012252405864614476,0.07700623452543645,0.009735802055083318
YJR097W,0.5504385964912281,0.918652029481989,0.0018936556982402071,0.10796454195930992,0.024968864578598995
YJR098C,0.5851393188854489,1.0099931715516335,0.001887961896969785,0.14546449529583771,0.029486244381111085
YJR099W,0.6228070175438596,1.0251306080228242,0.006211740006655298,0.125051248426224,0.02310306168150197
YJR101W,1.0858395989974936,1.3770811589881218,0.008490926906237282,0.253307654886658,0.03466832004084437
YJR102C,0.4807017543859649,0.9961650922177239,0.023307978429165155,0.2389258332893513,0.044897949239298414
YJR103W,0.7393025246041934,1.118314041116537,0.005163661045510453,0.13037587997151348,0.016975502242639367
YJR104C,0.5935672514619883,1.118527955622509,0.0017178226222788356,0.31680571369437444,0.04558535595528414
YJR105W,0.5558213716108453,0.9931878907037709,0.09244004306181779,0.21546415328225482,0.047810483732562456
YJR106W,0.46453089244851253,0.8295730295687205,0.0009941114431181368,0.065753357649057,0.0269884282613046
YJR108W,0.4320175438596491,0.9606461117061064,0.0024858532598495517,0.1981905364646262,0.04450040905884605
YJR109C,0.9472498814604078,1.3286834458499923,0.010475118906944653,0.194903238625536,0.029152672954293392
YJR110W,0.5728274173806609,1.007429068987531,0.003121778152454419,0.10092928398028653,0.0152298984375046
YJR112W,1.1257528148730034,1.3683848959315852,0.13807964285922925,0.3471721332074096,0.04795725168063463
YJR113C,1.1334586466165413,1.4038754173613277,0.016083852878954197,0.2581151331719727,0.03711295970374957
YJR115W,0.5921052631578948,1.043652029481989,0.06348785859679093,0.3123950795976419,0.03815305732288476
YJR117W,0.923444976076555,1.2975428943550467,0.015064594415778728,0.214006834222088,0.022407314855101418
YJR118C,0.49686716791979946,1.0255888713904975,0.04918591640514868,0.09045928878988888,0.022268883929578022
YJR119C,0.7452060383516932,1.2207392575642004,0.004394517111388896,0.2061611967244032,0.018964631988059942
YJR121W,0.9701754385964912,1.3339281054780432,0.28032045353073415,0.4762658226103224,0.1329929973725864
YJR122W,0.8859649122807017,1.3094167969428523,0.6669663376505326,0.6287897767862258,0.32670267376498213
YJR123W,1.211988304093567,1.386632073140598,0.08579358408755859,0.47150235061620205,0.14280363921585032
YJR124C,0.5103668261562998,0.9827712240371043,0.001530952152726873,0.20316273108915942,0.02641306909641944
YJR125C,0.7175438596491228,1.1534013318552794,0.02076453831529896,0.2986431090149013,0.044047297586335306
YJR129C,0.8154080854309687,1.292132083806639,0.006139736305822918,0.2443403736548997,0.02754397196940048
YJR130C,0.7318511796733211,1.147695509961344,0.004551476452703929,0.1280618343439102,0.017779620340765624
YJR131W,0.4945175438596491,0.9787969908893168,0.12748585325984954,0.20926736678270125,0.06781327584032606
YJR132W,0.5553306342780027,1.0590340984039046,0.23140644811159772,0.39500028777734913,0.10374062406235138
YJR134C,0.6585213032581453,1.0354841430499326,0.0030436768284368997,0.12088141694470243,0.01937441959076086
YJR135C,0.9317229641267347,1.2395387420854314,0.011641684840904006,0.2258424342776893,0.025629162259156096
YJR135W-A,0.6174217188540972,1.0504690409409103,0.002908309725613928,0.11337969098613163,0.01074632954157916
YJR136C,0.4751461988304093,0.849176242493025,0.0007133671364996112,0.28808578375014826,0.05053555261427878
YJR137C,0.40669856459330145,1.049967851566088,0.000814412968942537,0.279638923817529,0.049987480456672485
YJR138W,0.6439628482972136,1.1488820604405223,0.09012325601461683,0.2526106983671325,0.04506238319272199
YJR139C,0.6528822055137844,1.0970219348717016,0.002789612191009502,0.2593677193833729,0.02752992166772365
YJR140C,0.7087719298245614,1.0460105200480267,0.0020721641818900603,0.13061313063424923,0.04130374757650991
YJR141W,0.5558213716108453,1.1077712240371043,0.13140108202285672,0.34182799963415844,0.04248910429690024
YJR142W,0.6654135338345865,1.1642110677929391,0.0023314943830011732,0.3069854009908227,0.03849897585472278
YJR143C,0.3082706766917293,0.7945191616335922,0.0002959642595579767,0.08224548019821018,0.04254627622007931
YJR144W,0.8271929824561404,1.2624164913892448,0.029986267915703444,0.2893771432002957,0.03924526694159531
YJR145C,0.45850202429149794,0.8610987844398925,0.001031176801730289,0.10610858441331375,0.04702028380590749
YJR148W,0.6812470365101944,1.0630658420385954,0.011950739722810971,0.11267323102256781,0.021899574417698683
YJR152W,0.49686716791979946,1.0448302127868692,0.04918591640514868,0.09056181655127524,0.02294856651031687
YJR153W,0.6679907315458458,1.216053902199413,0.004174965103923487,0.18200078057020933,0.015392045215490324
YJR154W,0.7219502243982048,1.1001221467647615,0.004341782839385521,0.119425791961039,0.01702823353916783
YJR156C,0.5388471177944862,1.0050938329910675,0.0017739438272341634,0.18264928216139442,0.02352823212005883
YJR159W,0.6462931522354272,1.036085721583303,0.0033690193784905813,0.11493986707182251,0.019534735926468275
YJR160C,0.27368421052631575,0.8638352309829389,0.0002871801750894038,0.07297778800839264,0.029631190205183965
YJR161C,0.7113237639553428,1.1813396941064838,0.007336256449015999,0.1016679674894988,0.01250230909717458
YKL001C,0.7663339382940109,1.1527832292595896,0.004551476452703929,0.1731321083409374,0.02159404716691613
YKL002W,0.5207017543859649,1.0696945039824297,0.08608575620694295,0.3013050325483565,0.055135190084468
YKL003C,0.681077694235589,1.2078066212925316,0.0013918820044284224,0.13560625375944232,0.017760640250530382
YKL004W,0.8736044657097288,1.2495329556483346,0.09242745603855151,0.25292486175131484,0.052504147045176086
YKL005C,0.7219502243982048,1.1668094916779128,0.004394517111388896,0.16833145595539423,0.015931472022222885
YKL006C-A,0.6535087719298246,1.0484215941087287,0.005942232959173794,0.12248564683495139,0.020842021883235418
YKL006W,0.7269260106788711,1.200067318369522,0.0031410807005799405,0.15285086304532589,0.02589460464580705
YKL007W,0.6074561403508771,0.9755427906989966,0.23283563978311608,0.10644652988306533,0.08216254230777795
YKL008C,0.8628389154704943,1.293215593017517,0.01679038750709823,0.1973483859890907,0.019487458472117754
YKL009W,1.292143401983219,1.4773722829085292,0.09099962093066166,0.374596720536903,0.07867323935689458
YKL010C,0.7200956937799042,1.1658674384825702,0.10454186421074346,0.3864761426021726,0.08806836972834187
YKL011C,0.523524720893142,0.9139087061216553,0.0020310423856288577,0.161993766437304,0.024041016728281114
YKL012W,1.05989110707804,1.380803281351527,0.008097516043656723,0.20179961374848154,0.021742647856665798
YKL013C,1.0538169748696065,1.2895798372743452,0.1492079723914604,0.4446436303369571,0.06034695911854912
YKL014C,0.8170426065162907,1.204213852355878,0.11932657664677401,0.5172749625543079,0.16662095834171511
YKL015W,0.7057265806024495,1.2293171654626764,0.04191081416052726,0.2009454438410102,0.030684880529526844
YKL016C,0.5701754385964912,1.133727905277843,0.00926782195178678,0.2844125404533413,0.053398788215713984
YKL017C,0.3669590643274854,0.9362436267410844,0.0004658328031620133,0.21097499255255492,0.02956233653132897
YKL018W,1.2721052631578948,1.4437718165966271,0.020924842120824138,0.33084576049284053,0.05674253729659823
YKL019W,0.9458428680396643,1.3478491380702047,0.17610021061412331,0.30434948653543775,0.08028685132512912
YKL020C,0.6741854636591478,1.1294361269743272,0.13965980959483423,0.22189892412033485,0.03879623083488573
YKL021C,1.3338932437476672,1.5000158911772186,0.019525832673387117,0.243055762330734,0.03833728198616665
YKL022C,1.096140350877193,1.3810209346896654,0.08611972188087344,0.3884012777014276,0.0782582383882864
YKL023W,0.7926065162907268,1.2380266749524735,0.06296288926560518,0.26239718694832986,0.03592837919178687
YKL024C,0.531328320802005,1.0127694603076605,0.0020936720286966653,0.09312806760747334,0.014509120986010569
YKL025C,0.6571319603356216,1.046029249611121,0.17032448962956329,0.10379563006161957,0.03453829688916142
YKL028W,0.8088568194680249,1.2255644812853053,0.006445939750645086,0.14100471994833308,0.0253311286227392
YKL029C,1.2175201517306782,1.4385007974481658,0.053308121969005015,0.3541159423344217,0.05364682007936169
YKL033W,0.5307017543859649,0.8524194857362684,0.11182447824761073,0.3143162076527271,0.07454339288143137
YKL034W,0.37280701754385964,0.8615552982792634,0.0003857448212802256,0.13685625253056016,0.048097938906838056
YKL035W,0.7296650717703348,1.091737313081361,0.0039644776820830716,0.1719223808789544,0.018773621070960676
YKL037W,0.4320175438596491,0.9606461117061064,0.0024858532598495517,0.1981905364646262,0.04450040905884605
YKL038W,0.5388471177944862,0.9608315379091001,0.0017739438272341634,0.1268370164684312,0.026131025972678048
YKL039W,0.7109250398724083,1.1397039813155179,0.02244277789891821,0.1647920748595238,0.0363209368314369
YKL040C,0.6109022556390977,0.968506992556921,0.0025965939432820956,0.11432035061803267,0.03495537135528129
YKL041W,0.44070175438596493,1.0424613885140201,0.004696867318054044,0.2521120731834843,0.03684042701928406
YKL042W,0.8869468447237496,1.268955672187293,0.012209250672001811,0.1836312029232319,0.02175997171313532
YKL045W,0.8149734802121583,1.201264619883041,0.016806110341639806,0.18382060947862516,0.02753882676049482
YKL046C,0.9667919799498746,1.4397426929371175,0.013820922276894437,0.2227025917820124,0.030804822573957454
YKL047W,0.46453089244851253,0.9224364080060841,0.0010176837705473624,0.07459501900243255,0.022741132079207742
YKL048C,0.7430673457838143,1.1444167252176334,0.07875731089581434,0.2752979063606304,0.04200931964623977
YKL049C,0.9167975909924063,1.2721205281154933,0.014039744809841187,0.2501326650388455,0.02368196796574462
YKL050C,0.5394736842105263,0.9532987398072647,0.1066744039362524,0.2542768259184744,0.055171580151679445
YKL051W,1.4035087719298245,1.5389926715114686,0.06260748253065923,0.348915176410012,0.04821022545530674
YKL052C,0.8733552631578947,1.2508505803055006,0.03576932820742434,0.3444504090790839,0.045051234787684795
YKL053C-A,1.0007974481658692,1.4924463476310366,0.02169361697050688,0.16929065078768568,0.04288372956110358
YKL054C,0.7108636977058029,1.1472852620848757,0.030016541945623983,0.17515221821792276,0.030017829255153818
YKL056C,0.7412280701754386,1.1282754098869465,0.002516575176356487,0.184622204645697,0.04812303206322955
YKL057C,1.0510835913312693,1.3584514627817847,0.011849924028102605,0.24835431987486747,0.029328167772769802
YKL058W,0.632610939112487,0.9726498939656834,0.1190560313807472,0.16943283419857053,0.060738364392808136
YKL059C,1.2321052631578948,1.4227634132352827,0.016386241832223848,0.32235908518037604,0.053815207295127385
YKL060C,1.0291068580542264,1.263806545418082,0.11941247486861517,0.48192977895568334,0.08440116173279402
YKL061W,0.7707017543859649,1.063307234359866,0.18849780398519062,0.46258628419840364,0.07731863913680115
YKL062W,0.6188197767145135,0.9712752083697616,0.21377169445605765,0.13450732260571702,0.05282249514796563
YKL063C,0.439922480620155,0.9708085208378421,0.0016337239918687767,0.09720523418098137,0.011992179910325765
YKL064W,0.6783625730994152,1.119977427543217,0.0042963146422784594,0.2506051628952355,0.022455731977692135
YKL065C,1.0219298245614035,1.3274811336516028,0.03036689988016191,0.24896602708565085,0.027438032286414043
YKL067W,0.7535087719298246,1.1761462946599432,0.0035221016723483182,0.2296314395278129,0.05067685271769728
YKL068W,1.0902992776057792,1.40373950806983,0.025989006155766048,0.2655108925808123,0.03307334791152485
YKL071W,0.6337719298245614,1.0164781164385106,0.3062414817851967,0.15457745028944014,0.060608842109770834
YKL072W,0.42724458204334365,1.0061715019793354,0.0009178596447567389,0.07692924268361852,0.01886086127671588
YKL073W,0.6710526315789473,1.0039694934666041,0.20634979575429038,0.19249553064954197,0.07002572747286766
YKL074C,0.8644888082274652,1.2949480181936321,0.0076506363129242375,0.12160931184210143,0.014169037958763689
YKL075C,0.6902834008097166,0.9500788525711499,0.005106918324123472,0.08467047725245384,0.016734662620953064
YKL078W,0.4766081871345029,0.8519681463760411,0.00020798693635885648,0.46776067356501283,0.09345074488651998
YKL079W,0.7838915470494418,1.1866052540394645,0.02914693073633583,0.28331495369012144,0.04035167419422291
YKL080W,0.8503898635477583,1.180239053724964,0.02401800058500631,0.3269657846213375,0.05095245519800992
YKL081W,0.9912280701754386,1.2451585267700633,0.19750214516192646,0.297275402361949,0.1032156723943433
YKL082C,0.7635964912280702,1.1347893042023227,0.004943608472513824,0.13778781424843753,0.02176709330759846
YKL084W,0.6174217188540972,0.993676254906247,0.002908309725613928,0.08946316443378549,0.011315427085324329
YKL085W,0.8271929824561404,1.2028926818654353,0.18824702870685472,0.19641016841173556,0.061942287600075405
YKL088W,0.9298245614035087,1.3156330975744446,0.007494829822067001,0.2223334527460006,0.03033338784700793
YKL089W,0.8869468447237496,1.265833875523422,0.010200725732116412,0.21803423558833057,0.0208989643027567
YKL090W,0.6506791171477079,1.0320587411019562,0.0036888845895365068,0.11132880292379718,0.018551355775938663
YKL091C,0.41464237516869096,0.9934205238197978,0.0007328241955544756,0.1862610127725091,0.03879220977057159
YKL092C,0.3961988304093567,0.8059881387272809,0.00047536263733172245,0.119962977890961,0.06621254384653506
YKL093W,0.706140350877193,1.1288674139612933,0.059851870197834015,0.2557375836125655,0.03242118881183717
YKL095W,1.013914095583787,1.3580113651838623,0.00831209826061821,0.1748341127784635,0.020346254888117817
YKL096W-A,0.6505847953216374,0.9743730319388214,0.0042963146422784594,0.0876417079297204,0.016727686228768347
YKL099C,0.8856275303643725,1.3153995631552369,0.008149431121749335,0.1236627769963436,0.018806236949971005
YKL100C,0.7327485380116959,0.9989876231675078,0.004598321753985949,0.09166009391128452,0.018329454657914728
YKL101W,0.8740031897926634,1.1175229970867497,0.6054270560488308,0.5512486380342949,0.17414491911905042
YKL103C,0.8640350877192982,1.2245608578776404,0.49798307348483106,0.584542558257962,0.1465483165076693
YKL104C,1.3526552868658133,1.5199473383286688,0.11970949527631002,0.39772657102526304,0.06705750473062452
YKL107W,0.7287814129919392,1.1020557345745314,0.004159966694076405,0.11607224830328594,0.015715557798068366
YKL108W,0.5989974937343359,0.9844364944619612,0.1038386458092638,0.19564502532944095,0.06554408571566185
YKL109W,0.6587719298245615,1.1034346381776412,0.0020721641818900603,0.20380915525645643,0.031056352437542938
YKL110C,0.8081140350877193,1.1157900914257475,0.006668994092517524,0.09672691864714887,0.020164605962337684
YKL112W,0.8964912280701753,1.3071585213032582,0.005502492657316043,0.21594954411320333,0.02586379243259509
YKL113C,0.3212719298245614,0.9721630024428158,0.00033239714457159526,0.23755998789148805,0.03334334869088056
YKL114C,0.6238596491228069,0.9425937344141359,0.04006283663922584,0.09008337643782031,0.03857654693531183
YKL116C,0.7894736842105262,1.1288674139612933,0.1163068966528605,0.23952756059748506,0.05267467396141258
YKL117W,0.9100342319212666,1.2891473744498705,0.1966270756796568,0.3198869796228162,0.08037140768954498
YKL119C,0.591130604288499,1.0978661723690317,0.1440019585806602,0.12006064178555816,0.03370239890027713
YKL120W,0.43893387314439947,1.0809881387272808,0.3853462884601202,0.2988767577269969,0.0754075273203308
YKL121W,0.6359649122807017,1.089037762088147,0.007425587049568634,0.2745486580076646,0.03359881744443005
YKL122C,0.7368421052631579,1.0980057187166812,0.003538957533009937,0.42575077334046096,0.06979619655869472
YKL124W,0.7828354670459934,1.1940097575630373,0.004159966694076405,0.2449270497825574,0.025336156594378233
YKL125W,0.6350877192982456,1.0653514869193372,0.0027661414991640614,0.15550746860970677,0.03618775252182136
YKL126W,0.7659958720330238,1.2099418497444812,0.021901710900825523,0.3413780982014959,0.07020151823777843
YKL127W,0.5149638802889577,1.007428944702181,0.001434720176209605,0.21261563294811536,0.0317356403594027
YKL128C,0.6542200094831674,0.9443492644984885,0.003191980964052213,0.08419804689001188,0.0178007562657475
YKL129C,0.8916548127074443,1.188642070863433,0.10760059328408127,0.23399468124655817,0.044193186253897995
YKL130C,1.0342902711323765,1.2760530884502925,0.8913639246936577,0.7383058953843193,0.33868030354154416
YKL132C,0.45850202429149794,0.8811218880209477,0.001031176801730289,0.16824266703091517,0.04662684815226158
YKL133C,0.7327485380116959,1.1339876231675077,0.004598321753985949,0.11091609042788486,0.013014211477779303
YKL134C,0.31320949432404543,0.7441875341311431,0.00027933704862135304,0.10982190208739986,0.03325311169057429
YKL135C,0.8775438596491227,1.2045469947030698,0.12699469704545768,0.38528458579982194,0.07204323456204374
YKL138C-A,0.9358552631578947,1.2246067312076327,0.03969437941070134,0.3795732420450559,0.052912844933324245
YKL139W,1.0789473684210527,1.3328111525792725,0.03476085059499541,0.2706292543547455,0.05840668924056516
YKL140W,0.6159147869674185,1.0408324971957783,0.007912388023606363,0.1751186238804544,0.030342721370331963
YKL141W,0.6174217188540972,0.9771851819427657,0.002908309725613928,0.0872272001509011,0.012318572128446347
YKL142W,0.8782894736842105,1.1659863459553863,0.13047034217471656,0.41295092393894783,0.0892840537021962
YKL143W,0.6868421052631579,1.142775883091534,0.1352681334183801,0.13776520151031452,0.05360247722860849
YKL144C,1.0877192982456139,1.3574264968380252,0.003481882767662067,0.28670905994643364,0.041691734801414845
YKL145W,1.4649122807017543,1.5769441968650095,0.0878267914162244,0.3541714205095463,0.0583488191727142
YKL146W,0.7926065162907268,1.2380266749524735,0.06296288926560516,0.2623971869483298,0.03592837919178687
YKL148C,0.413312693498452,0.8436994895024446,0.11792033509215996,0.32266466445934006,0.07705385548973488
YKL149C,0.5707017543859649,1.0410106903241914,0.002497803985190571,0.15789178971782072,0.023295017805437617
YKL150W,0.3236842105263158,1.036995404143112,0.0002871801750894038,0.3106774092947842,0.04261064466493847
YKL151C,0.7384370015948962,1.1395967070309174,0.005350029504011281,0.1264114356334219,0.017734360699582778
YKL152C,0.8472886762360446,1.199703981315518,0.05625711171325202,0.31909293939076566,0.05622541920876469
YKL154W,0.9082934609250398,1.2725854354781323,0.013570400723696082,0.2068373300574385,0.021526355653190193
YKL155C,1.1334586466165413,1.4038754173613277,0.03413126812077377,0.25879606813935097,0.03818313911567348
YKL156W,0.6329030122476,1.0730925243043914,0.0029673191719768875,0.1730655230240526,0.012949646133125403
YKL157W,0.7623281175912755,1.0859255066458329,0.19188066965274087,0.11974875153820286,0.0477691480106491
YKL159C,0.5596491228070175,1.083729148139165,0.0005476947157027815,0.4055520991465267,0.08144431195584452
YKL160W,0.8964912280701753,1.3071585213032582,0.005502492657316043,0.21594954411320333,0.02586379243259509
YKL161C,0.8070175438596491,1.2365994566622283,0.06941384648182743,0.405687206050277,0.06601721920174443
YKL163W,0.6679907315458458,1.216053902199413,0.004174965103923487,0.18200078057020933,0.015392045215490324
YKL164C,0.6238596491228069,0.9789794227100728,0.08006283663922589,0.11925640875916241,0.037797910306977774
YKL165C,0.7188995215311004,1.2024291004077425,0.00746082116434824,0.11175449074337815,0.012659482192346527
YKL166C,1.1228070175438596,1.3243730319388214,0.591809542155506,0.6096238994227043,0.14734948426113872
YKL167C,0.795906432748538,1.2407270014937706,0.0016911728188019944,0.23192378479527143,0.031230593231809045
YKL168C,0.7296650717703348,1.0639595353035833,0.005257279899832435,0.18103329669990637,0.018800216142696842
YKL170W,0.3292397660818713,1.017124517021721,0.0004667932324213911,0.052398234794299926,0.00795256091993743
YKL171W,0.9837092731829573,1.284350601052008,0.2237114723207786,0.30074455265154376,0.07053113784465646
YKL172W,1.4402762224710712,1.5419333939642863,0.07967588002181986,0.2685110271389044,0.04544255194801185
YKL173W,1.3127646702964308,1.4961441904424362,0.027939123765359185,0.2857908819047464,0.03226338170436674
YKL174C,0.7113237639553428,1.1296726123002707,0.007367963149084278,0.09584186074235551,0.012440834412652186
YKL175W,0.7037480063795852,1.1120213582886223,0.007447406670581929,0.09192003109575773,0.012041750443360387
YKL176C,0.6986944104447165,1.07910552897395,0.003575350860661755,0.10495367422399574,0.01292794758043978
YKL178C,0.7523923444976075,1.1161275569838,0.13713199416013305,0.17791997625767747,0.028211907726596618
YKL180W,1.374141876430206,1.544584366520187,0.013418581137550485,0.24011561433361978,0.04515097873862129
YKL181W,0.7506265664160401,1.0612025965861238,0.030938021278191834,0.5049447709189053,0.08638682282525936
YKL182W,0.9472498814604078,1.3218341307814991,0.01766561442948352,0.19413825015613378,0.029094359941462256
YKL183W,0.38847117794486213,0.9362712686238208,0.00027895759915497176,0.07942428174722449,0.06876549715898232
YKL184W,0.7523923444976075,1.1048606726614136,0.052565397965629895,0.1777618150206705,0.027977532841006337
YKL185W,1.13312693498452,1.4203464742938428,0.2716870006344859,0.3991638929920883,0.11374179122809755
YKL186C,1.0118679050567596,1.3532999476302696,0.01045430256769001,0.23490333319526277,0.02638938154010218
YKL187C,0.9667919799498746,1.4397426929371175,0.013820922276894437,0.2227025917820124,0.030804822573957454
YKL188C,0.5728274173806609,0.988254041116851,0.007090032120708387,0.08092937681565095,0.019136217319218343
YKL189W,0.6820175438596491,1.1049380146559586,0.03167230058810763,0.22655132592272495,0.03646749429151995
YKL190W,0.8596491228070176,1.195773966066336,0.4894365836045917,0.5874744333023171,0.19570603865463126
YKL191W,0.7155388471177945,1.1176024014899706,0.12743190042264121,0.4448260161442923,0.10174599806051869
YKL192C,0.3521303258145363,0.8090066222723686,0.0718338182527188,0.13604834837608717,0.035377961996624165
YKL193C,0.5833333333333333,0.9329169328175029,0.2351510841396505,0.5561740288803161,0.12451353282377166
YKL194C,0.7120826259196378,1.1584649141857382,0.003936979177168384,0.10854169167573732,0.014300796296516451
YKL195W,0.7566622251832111,1.090120211026863,0.1426314271250408,0.1442916650466865,0.039831685297044825
YKL196C,0.8269341386252516,1.1749434223857516,0.10323195107759711,0.27320086428285456,0.03935590511560083
YKL197C,0.7188445251058682,1.1675117809976912,0.002182682445625101,0.26304003558634137,0.036640437678020915
YKL198C,0.7046783625730993,1.0855609226554759,0.14550867229548148,0.25005596644652545,0.08712161632447478
YKL203C,1.295407636738906,1.488215659268291,0.7794180507701066,0.638604692868258,0.22104878686437443
YKL204W,0.6339406207827261,1.0378115778743495,0.0037088496379316777,0.10091351590528214,0.020488850679936423
YKL205W,0.8942208462332302,1.2417374476302696,0.008783935928866423,0.12720711990134978,0.01912167234620648
YKL206C,0.7438596491228069,1.1921081524628434,0.007829598708998825,0.23017975578340188,0.032606801881081456
YKL207W,0.48746867167919794,0.9501587336357913,0.662138742883319,0.5058916352934947,0.1250317031123471
YKL209C,0.7549707602339181,1.1652919709935947,0.004598321753985949,0.1343331768990375,0.01524211108515352
YKL210W,0.706140350877193,1.1042246612721853,0.8034160478515833,0.5779503364028034,0.18035541713848846
YKL211C,0.9202228544333808,1.308676236044657,0.007640637125094453,0.19684607316656133,0.02600226004853011
YKL212W,0.7719298245614035,1.2323860999299594,0.023012458362492272,0.13771169663617333,0.016087201654343804
YKL213C,0.7456140350877193,1.1373457314941013,0.01841778001947132,0.28901912780095873,0.04507302426722141
YKL214C,0.9736842105263157,1.3328111525792725,0.1130050722602697,0.22903128874765788,0.0510685526853338
YKL215C,0.48245614035087714,0.9016713816702688,0.08428491514543492,0.16941143226959618,0.0358017251849465
YKL216W,0.46600877192982454,0.8667457506146079,0.000790185953813517,0.08566261474115737,0.03657888818143355
YKL217W,0.9906015037593985,1.451649142263836,0.037049725993503035,0.2283298014133287,0.040053886916938744
YKL218C,0.7135964912280701,1.0835381736626783,0.004687198216103567,0.10757996184586331,0.014720479728916675
YKL219W,0.9960127591706539,1.4912473068636505,0.02169361697050688,0.1656515948969418,0.040998051674683386
YKL222C,0.7043859649122808,1.222235160171816,0.0026893308087980426,0.37950200246458266,0.11013663084705441
YKR001C,1.1858054226475279,1.4212804739120528,0.04336247015648559,0.26170358883018374,0.04605626527312688
YKR002W,1.2321052631578948,1.4227634132352827,0.010809231029406592,0.32755964306819807,0.05350077204301468
YKR003W,0.7719298245614035,1.2140349012411982,0.005304857015220837,0.11854651323038187,0.013709768585834328
YKR006C,0.8181286549707603,1.2503177943326453,0.005316991444620621,0.23446195352363158,0.03253789542787332
YKR007W,0.7821297429620563,1.1947321273749267,0.13724469657769844,0.30896243623818265,0.04693675003876065
YKR008W,1.1251993620414673,1.3683958585274374,0.008740227923555475,0.2835813861348288,0.03938999438740333
YKR009C,0.5073099415204678,0.99007904781819,0.5004753626373317,0.415239902726399,0.10694683154479669
YKR010C,0.9732304900181488,1.29338928986565,0.026263494593293503,0.3833250769937563,0.05329927440758282
YKR011C,0.4557589626239511,0.8178726056417444,0.0010118598555412138,0.06262419362980057,0.028209968531127946
YKR014C,0.7035087719298245,1.1699853460081622,0.06936644790274395,0.2799857628812428,0.02629755855445241
YKR018C,0.769736842105263,1.1180707846003899,0.005567246198913567,0.13640525140636833,0.026825928702649594
YKR021W,0.6506791171477079,1.0064624108267268,0.0036888845895365068,0.09853704963934384,0.019419138811741767
YKR022C,0.956442831215971,1.3230868009045995,0.03070652930638067,0.1472365381440617,0.019621487479010276
YKR023W,0.4832535885167464,1.0349219187398782,0.34573265894662647,0.37802748575933,0.1350525064377851
YKR024C,0.9509145203434117,1.3242328149733849,0.007406330797837113,0.14419356064365804,0.02400743461465025
YKR025W,1.194862155388471,1.4242124240890688,0.03263041777520734,0.3042956650686595,0.05038694999166209
YKR026C,0.8520733652312599,1.1949008799821494,0.005800547977785568,0.3534375545780777,0.033148978342407216
YKR027W,0.7350877192982457,1.125180546748397,0.010953276002088036,0.3441690084193393,0.051193275927145176
YKR028W,0.693859649122807,1.0838450628178162,0.003553052344556834,0.10518327116663986,0.022431862584101608
YKR029C,0.8382292941656466,1.2364940206321047,0.03540139014484,0.26205995582479197,0.03193010291562215
YKR031C,0.5421052631578946,1.006480899992938,0.2579887832120242,0.05768068062940015,0.083349879487662
YKR034W,0.8272453521864361,1.2341021955096443,0.013861681872026185,0.1375668176578379,0.01602980774252538
YKR035W-A,0.4807017543859649,1.0180949167791273,0.0063635339847207106,0.2666590034018215,0.04508308845769069
YKR036C,0.9218500797448166,1.3026789888244998,0.09712420181358777,0.26118442944510134,0.0514057698939813
YKR037C,1.0296052631578947,1.3122512838552287,0.1260260864581342,0.4121229533795532,0.06718942975821846
YKR038C,0.48531655225019066,0.867198214322178,0.018375856498417786,0.40233600000120134,0.05156307395207302
YKR039W,0.5728274173806609,1.007429068987531,0.002383498344407169,0.09938899566366294,0.01637689358057302
YKR041W,0.7449874686716791,1.2082218257508177,0.007216113590565497,0.22626331117485743,0.022302598721711066
YKR043C,0.3840852130325814,0.9781917383758675,0.00028449367371850793,0.2816721318773477,0.0688440780168496
YKR044W,0.6679907315458458,1.216053902199413,0.004174965103923487,0.18200078057020933,0.015392045215490324
YKR046C,0.40148448043184887,0.9558594952293014,0.0006372173423669757,0.21236816021780314,0.041712694245051765
YKR048C,0.9210526315789473,1.256297167499755,0.7567022499215721,0.5450065040839935,0.22323891558557635
YKR050W,0.3082706766917293,0.898344298245614,0.0002959642595579767,0.27996828862314754,0.03894566911970756
YKR051W,0.5037593984962405,1.0346157059314953,0.0014576934283114158,0.23942984634426528,0.026568833923186173
YKR052C,0.9692982456140351,1.4558076472431658,0.01449419432718284,0.18641113522386615,0.02392886233086628
YKR054C,0.8272453521864361,1.216112168658858,0.017967660702557096,0.13848920776072343,0.0165829371091322
YKR055W,0.5285087719298245,0.9380469983864439,0.12579018595381353,0.1483193339952636,0.0615609956443234
YKR056W,0.3333333333333333,0.8936048935054636,0.0003025992911656412,0.11931385263767055,0.042156968126010504
YKR057W,0.5637651821862348,1.03033348677817,0.0019157593060769669,0.13155650028029275,0.03692308645458935
YKR058W,0.7771929824561403,1.1188590684200572,0.003656385432000912,0.291355548854361,0.03856780901144577
YKR059W,0.6291866028708133,1.0820579146730462,0.001511561180440449,0.2912084479450895,0.06258605308834242
YKR060W,1.2317813765182186,1.4513395495157735,0.00953446928841033,0.22300997731670458,0.030211089295295965
YKR062W,0.7765987549518959,1.2402425115883355,0.005191459463906736,0.13676883965188338,0.021151875296166647
YKR063C,0.5,1.1407091406097107,0.0003119531647164324,0.30416687296835665,0.1142969166604683
YKR064W,0.38784461152882205,0.86232670837934,0.1406168870357876,0.2334149716119096,0.049384225792254544
YKR065C,0.6300799467021985,1.0432234616614329,0.002908309725613928,0.1556449476924307,0.011714471149948275
YKR066C,0.26425438596491224,0.8558191109942819,0.0002457745938866645,0.12596101826403017,0.03671954447279678
YKR067W,0.4492481203007519,0.9227206793183093,0.0015668687861010626,0.06580266113433914,0.010755047536953576
YKR068C,1.0323886639676114,1.386115192804346,0.041985245266966044,0.33609808864072666,0.08741705423776673
YKR069W,0.7294926505452821,1.092797494500778,0.004807073823895144,0.12240596638129075,0.01791794756430603
YKR071C,0.4138755980861244,0.9041559981033664,0.0007159175360117056,0.1934068127593758,0.026452874405856693
YKR072C,0.5,1.0308190307196008,0.6215147205032868,0.27408910111651513,0.10327723148371298
YKR075C,0.5504385964912281,1.0115091723391318,0.0018936556982402071,0.24385881132121284,0.02380727140118821
YKR076W,0.24937343358395989,0.8416035514181639,0.00023398097855695647,0.1967203692823467,0.026369268982747527
YKR077W,0.41929824561403506,1.0857325864165364,0.04278534901972072,0.28311111533151373,0.07293558000478945
YKR078W,0.4784075573549258,1.0009983841181902,0.15448337118852082,0.24624948995450607,0.07768094233795463
YKR079C,0.8210526315789474,1.2195324616174021,0.6011466943660165,0.5904511190614817,0.16654101906809005
YKR080W,0.8300060496067755,1.2417044441422247,0.007314299882616739,0.10772000498166644,0.013721967307200038
YKR081C,1.4615528182157522,1.5769209870163956,0.020604281722765624,0.2759174514353913,0.04284625835254876
YKR082W,1.0706914344685243,1.3976477737172261,0.014518655719325646,0.27152404961525944,0.030605055780980585
YKR083C,0.9358552631578947,1.2246067312076327,0.054143304141884126,0.37871971365055246,0.052890914517353935
YKR084C,0.6859649122807018,1.2057336164261505,0.37881038949210133,0.36753061737159776,0.14956108435585988
YKR085C,0.795906432748538,1.2407270014937706,0.0013799018457663155,0.23266435096554264,0.031183196231354238
YKR086W,0.8415003024803387,1.2677463506584576,0.007147601835122427,0.10969956074070979,0.01351333967566342
YKR088C,0.48643410852713176,0.9908832173831268,0.010974941098866615,0.0949915934403863,0.021866842127989103
YKR089C,0.696078431372549,1.20781835338301,0.004448031294269025,0.16598332318364156,0.017511601919866525
YKR090W,0.6462931522354272,1.0680737977126311,0.0033690193784905813,0.1663008642851544,0.016951310575827442
YKR091W,0.7549019607843137,1.2411125171119564,0.004448031294269025,0.25267697478856355,0.03041089436240972
YKR092C,0.7431077694235588,1.1890377620881472,0.003789908112131196,0.2393647301675576,0.04205882761082966
YKR093W,0.662280701754386,1.0095692827386191,0.003388991143261222,0.12168190322460347,0.04737535587894211
YKR094C,0.6754385964912281,1.0195782994313571,0.03182645246347302,0.1546785293772288,0.03886567505005117
YKR095W,0.4508771929824561,0.9746601724155903,0.0008038031522174791,0.3100152993888943,0.05579090715311473
YKR095W-A,0.3983600305110602,0.8400897805872383,0.0005892952335956542,0.23994471998706068,0.02927776477468786
YKR096W,0.7271929824561403,1.1614848143706114,0.003656385432000912,0.22517415327711604,0.030343207095779184
YKR097W,0.8408521303258145,1.2458890625904695,0.003958385901025471,0.2870628652499755,0.037022903978173455
YKR099W,0.6895067858325057,1.0929986275907764,0.08603084490603964,0.1577895805908276,0.03014761893153623
YKR100C,0.4331983805668016,0.9675578368999421,0.0010279289159550265,0.16184923159259326,0.02015388252999212
YKR101W,0.7219502243982048,1.07910552897395,0.003575350860661755,0.1200204674371605,0.015319638232158662
YKR103W,0.4593301435406698,0.9002963489805594,0.17387609069618487,0.3062134985367313,0.04765947907949504
YKR104W,0.45614035087719296,0.8837015667511023,0.5152859956652622,0.0629657779555759,0.04838800359658989
YLL001W,0.6929824561403508,1.095264489381091,0.13801910203993467,0.16168878641942203,0.055503901391439715
YLL002W,0.7684618523051816,1.1876913875598087,0.004394517111388896,0.20829160296006222,0.023146134368770076
YLL003W,0.7973946059177794,1.1802173084546055,0.006006364400930363,0.12937271337897904,0.012488010765619654
YLL004W,0.9079967360261118,1.2207392575642004,0.05885752669546057,0.22955298504587868,0.0395511892048019
YLL005C,0.7091767881241566,1.185657475027281,0.6032013199064695,0.5460384174316217,0.168335618370492
YLL006W,0.47017543859649125,0.7993729317476117,0.10055198119885647,0.4643390133965112,0.06645281975847883
YLL007C,0.7393025246041934,1.2175075895036338,0.005163661045510453,0.20622276356260338,0.017029479476739887
YLL008W,1.4615528182157522,1.5769209870163956,0.014294658443042011,0.2834842750901859,0.04248093787047384
YLL009C,0.6771929824561403,1.0545710581339756,0.003656385432000912,0.10148723130149981,0.024314778233370537
YLL010C,0.46453089244851253,0.9261689623715499,0.0010176837705473624,0.08813099118211848,0.02247591497347573
YLL011W,1.3663967611336032,1.5181668587527213,0.01552911384126789,0.257028167402692,0.03503411946764674
YLL012W,0.5206766917293233,1.0330655069045163,0.0023984897396732356,0.15051259122827282,0.01799840975139324
YLL013C,0.8271929824561404,1.2028926818654353,0.18283767198170853,0.19552920866527734,0.06323587890264461
YLL014W,0.48643410852713176,1.0390624890918103,0.009779540332402414,0.16772601536318427,0.02004321195366543
YLL015W,0.5080091533180777,0.9646305008330882,0.16702558890888727,0.14428595909406267,0.03834584742588201
YLL016W,0.46600877192982454,0.9647470401052591,0.000790185953813517,0.1617403118508251,0.032932904614686745
YLL017W,0.5285087719298245,1.0145654106293898,0.07579018595381351,0.24361387687850547,0.05416245266076499
YLL018C,0.5515647226173542,1.0087921883230015,0.10213376005398084,0.37193198137856576,0.138931932252604
YLL018C-A,0.6047634910059959,0.9856706814057087,0.002908309725613928,0.08494790706204158,0.008930721549810046
YLL019C,0.8296221322537112,1.1561214395856971,0.015940479145423295,0.34688065786646005,0.0719186158501058
YLL021W,0.8728070175438596,1.2071316526284765,0.218012812630906,0.4755609081914974,0.06634752039187852
YLL022C,0.8382292941656466,1.2107947617270125,0.06912319928193153,0.23175539383054655,0.03731639724239501
YLL023C,0.5646929824561403,0.9862353764213364,0.23171568693447675,0.40150284249085866,0.07593908121704941
YLL024C,1.0646929824561404,1.3420868210595747,0.23090718859724796,0.5299369980465639,0.12252018261316862
YLL026W,0.548582995951417,0.9585535078956131,0.1487202366082627,0.31003846659816103,0.05084886106792835
YLL027W,0.7537593984962406,1.0716815957315242,0.14911674046342863,0.24159577908024743,0.07769519352488667
YLL028W,1.1052631578947367,1.38162562704765,0.026928755725120154,0.2511038911402277,0.03247851803721764
YLL029W,0.31052631578947365,0.8507786962334845,0.00019023398797877715,0.03541886663738664,0.05304177266788073
YLL031C,0.594298245614035,1.0270659311022317,0.002767201956400933,0.15698629963443822,0.022574478465836247
YLL032C,0.5891812865497076,1.0300851767098906,0.11248270874541759,0.2701589430554246,0.05651986065317532
YLL033W,0.24484004127966977,0.9676724616972294,0.48534875948859946,0.044027985495079976,0.03661272878857206
YLL034C,1.2700634565136244,1.44552313755403,0.00800696858991558,0.24120124210306226,0.035251954097323006
YLL036C,1.5081669691470054,1.600211176088369,0.12222514945331907,0.3195030843538762,0.04263417676261791
YLL039C,1.8953634085213031,1.9001705004237486,1.005110120883166,0.8144283803058294,0.4308918221095537
YLL040C,0.9742769084874348,1.3504055593529278,0.008640832149412284,0.25213074618443576,0.030597192727747836
YLL043W,0.3048245614035088,0.9318241480282266,0.0004584175061832421,0.07554830519159297,0.02520090198147313
YLL045C,0.7741228070175439,1.237986229613024,0.0012597710412775096,0.34204547956528897,0.0884045719584079
YLL048C,0.642594859241126,1.1154353484223818,0.04616788548427603,0.21509303772881025,0.026375224407905178
YLL049W,0.3175438596491228,0.8818876681996253,0.24778386450529574,0.14831330334963275,0.057386389372996824
YLL050C,0.6491228070175439,0.9976016142284084,0.3687052050005074,0.10858152969141496,0.098789351119156
YLL052C,0.6603551561831408,1.0443828790583638,0.0032271694807393127,0.09596978563069881,0.014377364994296996
YLL054C,0.763157894736842,1.2158480882837868,0.005548931909392514,0.12617634954640986,0.0201374901881561
YLL055W,0.4331983805668016,0.8288911702332754,0.0010279289159550265,0.06664987177701723,0.02213257200841033
YLL057C,0.5587719298245615,1.060808892227087,0.0020721641818900603,0.10813518717196757,0.020024861790996225
YLL060C,0.7331309041835358,1.1145469883859975,0.34718463833939744,0.3235839603762567,0.12786678126319664
YLL061W,0.7719298245614035,1.2208878420902383,0.007896963485635733,0.14692622141290354,0.015060995179388362
YLL062C,0.45614035087719296,0.8478795456349636,0.45680646350151954,0.1629101100392542,0.0439958304944629
YLL063C,0.4492481203007519,0.9561424299814392,0.0015668687861010626,0.07281255708505624,0.010704811815709453
YLR002C,1.3764464352370287,1.5309776830085755,0.016784497491078812,0.2627291050817445,0.03970751110210316
YLR003C,0.6233552631578947,1.0805707222053824,0.003254665450826097,0.09462417121130227,0.014329910465410496
YLR004C,0.7340510366826155,1.2323860999299594,0.007402298639846103,0.12116503934297213,0.013325034816348409
YLR005W,0.7992577597840755,1.218528748928023,0.017838691801285278,0.3245394592246553,0.07681554182963671
YLR006C,0.664274322169059,1.0362998389116336,0.09039507107943426,0.48612650563052684,0.0579720351196104
YLR007W,0.5921052631578947,1.0681967179529204,0.015669935483250172,0.3074942993664856,0.05818219846956172
YLR008C,0.7186875416389074,1.1286904649070153,0.02967100988971153,0.29448591461981843,0.024282871550271208
YLR009W,1.2700634565136244,1.4716342486651413,0.015138047587568757,0.22751941749955717,0.036056201151206176
YLR011W,0.523524720893142,0.9335661893681184,0.0020310423856288577,0.11130122064522571,0.02434771171293009
YLR014C,0.7095141700404858,1.0738265025556815,0.08052169962125771,0.11194612925497266,0.021271335972841338
YLR015W,0.8149734802121583,1.2419843168527378,0.006703891015447184,0.24971575868107443,0.0282862921136659
YLR016C,0.5026315789473684,0.9670989433237271,0.0015825348211871153,0.09943806415467898,0.01657826272427037
YLR017W,0.39561403508771925,0.9534604982112274,0.0005257996064609202,0.2394030342491932,0.03589206372803492
YLR018C,0.8249601275917064,1.2516638482039903,0.01037626428094209,0.1711091714852222,0.017657501209242227
YLR019W,0.8964912280701753,1.3071585213032582,0.0085676267569329,0.1944553350166256,0.027863952398824537
YLR021W,0.6867167919799497,1.1643138304457699,0.008830605172190163,0.1758185522919693,0.02661817586910862
YLR022C,1.3640350877192982,1.609176242493025,1.0009746429754651,0.7546598085392869,0.4825164057395067
YLR024C,0.5394736842105263,0.9158188641707361,0.16705241148794692,0.40432277555800233,0.10740482079216462
YLR025W,0.8007017543859649,1.220524066576698,0.4701386662598531,0.4544454717888516,0.11483339595192128
YLR026C,0.9535087719298245,1.2582920646776743,0.41638301133296607,0.38509891855934597,0.06708337103548555
YLR027C,0.7385964912280701,1.153114391246486,0.004687198216103567,0.1730197152538181,0.016916754693941646
YLR028C,0.7006102212051869,1.0808777344596059,0.004645965255386726,0.26227305624773556,0.03793875323889704
YLR029C,0.75,1.2359472358478059,0.0003119531647164324,0.5062572894467356,0.19711972709555015
YLR030W,0.594298245614035,1.052674125724511,0.002767201956400933,0.17319167472697683,0.02205416394610843
YLR031W,0.8570960984550929,1.2627542653009547,0.017173363721828427,0.1825459555511612,0.018876584057630312
YLR032W,0.5427154843630816,1.0111232943469786,0.16701976499388113,0.29915530239372684,0.05366309960967329
YLR033W,1.2464114832535884,1.4212804739120528,0.024473474054528876,0.31665815723333013,0.04723884678776649
YLR034C,0.7492025518341308,1.2307084181811034,0.008282577607748252,0.11986872639246021,0.014276502299468152
YLR035C,0.4850877192982456,0.938130995870138,0.0006401850041082567,0.23383377068559377,0.11204482893605387
YLR035C-A,0.696078431372549,1.20781835338301,0.004448031294269025,0.16598332318364156,0.017511601919866525
YLR039C,0.48245614035087714,0.904954555404879,0.08428491514543492,0.06883072525168196,0.04164376516956216
YLR040C,0.6679907315458458,1.216053902199413,0.004174965103923487,0.18200078057020933,0.015392045215490324
YLR043C,0.59742594190394,1.043668568584582,0.002668223540488244,0.12207815337002534,0.012983514951738806
YLR044C,0.9381977671451356,1.249703981315518,0.09909020454634486,0.4093469262667964,0.0711940848345034
YLR045C,0.7171052631578947,1.1295303305285156,0.013402514913191688,0.1594310773489514,0.0261887511899418
YLR047C,0.6506791171477079,1.0064624108267268,0.0036888845895365068,0.09853704963934384,0.019419138811741767
YLR048W,0.9202228544333808,1.3286834458499923,0.008642860276440411,0.19573973805820055,0.026231715611139753
YLR049C,0.9667919799498746,1.2870884605124404,0.013820922276894437,0.13446372859322253,0.030883286314519406
YLR050C,0.8154080854309687,1.292132083806639,0.006139736305822918,0.2443403736548997,0.02754397196940048
YLR051C,0.5025062656641603,1.0193033778310419,0.09994164340440605,0.21235645756664248,0.06030784826743663
YLR052W,0.931077694235589,1.300807574491785,0.003560811865738522,0.2582953612482741,0.036607503614830644
YLR055C,1.2039473684210527,1.3883826840183402,0.055970092653776136,0.2787428148502812,0.03922517446563861
YLR056W,0.6635338345864661,1.1271831539633397,0.01171061908664579,0.29003913906310796,0.03500513529667991
YLR057W,0.6542200094831674,0.9194105390082925,0.003191980964052213,0.08352978322431019,0.020055319508879666
YLR058C,0.6895067858325057,1.1403941116059788,0.09738416260913965,0.24135825015167342,0.029187797483307135
YLR059C,0.49614035087719294,0.8506448498294917,0.0014504820636114992,0.13635862958426026,0.024336968941457537
YLR060W,1.0206766917293233,1.3448413353132047,0.027547298768471055,0.5068573624147961,0.16044480072356254
YLR061W,0.43107769423558895,0.8767694411794582,0.0010405445033071356,0.0839386613479354,0.03849938538622218
YLR064W,0.533625730994152,0.9237418931278011,0.0013715976343064739,0.11309042919133619,0.034281640743068616
YLR066W,0.35526315789473684,0.8159400417802446,0.0005717237082972983,0.045493942866956634,0.031090082630029145
YLR067C,0.7838596491228069,1.101528442317916,0.4928406144170037,0.4833313896501976,0.08121293299587284
YLR069C,0.5637651821862348,1.03033348677817,0.0019157593060769669,0.1173796727799011,0.0374745290470024
YLR071C,1.5736842105263158,1.6712804739120528,0.023195683297194934,0.29788321855785904,0.04692351490135467
YLR072W,0.4751461988304093,0.8286884376149762,0.11182447824761073,0.07317135683047715,0.060758810289337065
YLR073C,0.3607017543859649,0.917336263388895,0.0005302006513873764,0.08775796295999255,0.024405137218191198
YLR074C,1.2486651411136536,1.4294556162418623,0.13356737925928955,0.3555528880086528,0.07761483242197958
YLR075W,1.064327485380117,1.3609597217896812,0.01724893337632406,0.39899512316845115,0.10324587225701638
YLR078C,0.7201754385964912,1.1453055951561233,0.0548165743503367,0.2158816353092041,0.029541275167418078
YLR079W,0.8431372549019607,1.2714358170004738,0.009498536344774076,0.34201797422089963,0.0510485677090616
YLR080W,0.531328320802005,0.9127694603076606,0.0020936720286966653,0.06793159300868577,0.01925984696565989
YLR081W,0.6902834008097166,1.0841784694293874,0.005106918324123472,0.12690748247395112,0.013601080582462791
YLR082C,0.5689792663476874,0.9371364587611727,0.09294013329471977,0.1051929091330717,0.04512106553020489
YLR083C,0.8612537441163886,1.259000315626341,0.1484563439723397,0.27228486477030645,0.06436639800017953
YLR084C,0.6090225563909775,0.9066054559475611,0.004758565373725961,0.3833160671470598,0.07166535291448706
YLR085C,0.7882205513784462,1.2559357796199901,0.0032301240350506915,0.17873731055388992,0.026082336322228616
YLR086W,0.6692982456140351,1.105854924184971,0.19928368424647444,0.25171951800050923,0.06062148153625054
YLR089C,0.41025641025641024,0.9590063120764876,0.0008150294528699447,0.12856578585426787,0.03841034002991429
YLR090W,0.591130604288499,1.062114053724964,0.0015518161305177578,0.16965164644682101,0.02410851322883313
YLR091W,0.18601651186790508,0.8104635503899574,5.464184154066341e-05,0.020323342349865155,0.029675990554166
YLR093C,0.7777538107563992,1.159811639440015,0.06497401023842368,0.28953753820569095,0.03321333770631311
YLR094C,0.304437564499484,0.8947732929153187,0.00017314539678333246,0.19220615496218355,0.03114445547374985
YLR095C,0.7615629984051037,1.2263177873448887,0.005022338066353492,0.11745207097206585,0.020051989046304786
YLR096W,1.0333899264289754,1.2451829197846176,0.44040605641552766,0.5445566014900591,0.11855734784318356
YLR097C,0.7579161317928969,1.1973148707308134,0.02200765728561736,0.24853180677658837,0.03189276179494464
YLR098C,0.5641025641025641,1.046171063034342,0.3020970807349212,0.23965126152159746,0.09164321697305688
YLR100W,0.806390977443609,1.1856970858518845,0.10005115969199478,0.38127553919555646,0.05155196273352988
YLR102C,0.8161403508771929,1.201282372598162,0.009905436166587744,0.28101388044222475,0.046286124509269944
YLR103C,0.9079967360261118,1.2476008267795926,0.029143413393474836,0.32148322299089166,0.036419517223502104
YLR105C,0.5935672514619883,1.075594145246838,0.0017178226222788356,0.26958144130122963,0.046886088797342934
YLR106C,1.0747520976353928,1.3495945051307512,0.00612368768516321,0.3256866317989866,0.05585615077751418
YLR108C,0.39561403508771925,0.9088176410683702,0.0005257996064609202,0.20014791789618902,0.03800132469315897
YLR109W,0.7763157894736841,1.1841496736467843,0.41785077041315977,0.41876966811930866,0.09066231029864012
YLR113W,0.8497807017543859,1.2486202801049928,0.0065360153691132695,0.13626927515258078,0.018185768248326267
YLR115W,1.2721052631578948,1.466053456525326,0.030512934733110304,0.33372224044339016,0.05694903580379643
YLR116W,0.551487414187643,0.9797820159846035,0.18017724714799294,0.2328993187910834,0.05092970522570206
YLR117C,1.2667876588021778,1.4767591637044681,0.04314315755866837,0.25474425083727537,0.031978712495870344
YLR119W,0.5207017543859649,1.0340438800965117,0.09299316361435035,0.25125581335135855,0.054544482471864116
YLR125W,0.7687969924812029,1.2177294658187294,0.05483516120961311,0.22929974891201949,0.030943065460653976
YLR127C,1.0161403508771931,1.340171261487051,0.03267527743642902,0.37211673783499954,0.06807922074117523
YLR128W,0.7335258878904578,1.2026701476378145,0.04964280668905945,0.2040663594877261,0.027208910742015
YLR129W,1.4817813765182186,1.578456713825185,0.021190589286577976,0.2781399018751526,0.03901811601276652
YLR130C,0.6679907315458458,1.216053902199413,0.004174965103923487,0.18200078057020933,0.015392045215490324
YLR131C,0.7521929824561403,1.1477548372539066,0.008684966375025735,0.20921851043215448,0.0438471153606461
YLR132C,0.6174217188540972,1.0418110322829017,0.002908309725613928,0.12049905144019732,0.01046957344094947
YLR133W,0.7663339382940109,1.0956620171383775,0.004551476452703929,0.14675609972851056,0.02170465990855293
YLR134W,0.6847454000855798,1.1455471939631368,0.0032271694807393127,0.15336140035551588,0.017326957929762844
YLR135W,0.5394736842105263,1.0288592438328377,0.006898005658688769,0.17679594590142333,0.05157389930158147
YLR136C,0.5988529014844803,1.0685793520436095,0.0026926158975600504,0.13492459056851736,0.030081215534537416
YLR138W,0.32675438596491224,0.9983767629858961,0.32524577459388665,0.2915344407373249,0.061341709685612256
YLR141W,0.8008166969147005,1.111354657831018,0.07351699369408324,0.12987267117828918,0.03412729606879601
YLR143W,0.7549707602339181,1.168724465272771,0.09146700862267282,0.11108459645604914,0.02134708174859563
YLR144C,0.6159147869674185,1.1049756192640667,0.018224127516530523,0.2226616376615868,0.029532380908363777
YLR145W,0.6566047471620227,0.9676724616972294,0.03234630850820733,0.3206686278340472,0.06135182713956176
YLR146C,0.5388471177944862,0.9335588106363729,0.0017739438272341634,0.09975045589274326,0.027633364640690956
YLR147C,1.324258923169994,1.501175418756107,0.044115862060943534,0.2952604142056537,0.03343441891377804
YLR148W,0.7613603681334483,1.1257923432490609,0.02056451221567843,0.3124271524888588,0.029388420305999443
YLR150W,1.1823308270676691,1.3827927068426353,0.7150508063974945,0.6465759429915023,0.19619114853898012
YLR153C,0.7502579979360164,1.0707268170426065,0.22935014902780598,0.2148330215136085,0.08555730973525494
YLR154C,0.3983600305110602,0.8112436267410844,0.0005892952335956542,0.09282345073803988,0.03529720235076786
YLR154W-C,0.3164160401002506,0.8251124606387764,0.0004052468241473772,0.08197398756899318,0.018686732799054858
YLR163C,0.4220846233230134,0.9011835493255751,0.011202557161489215,0.2995771789114913,0.06673907673289134
YLR166C,0.8087719298245614,1.084946462329468,0.02465544987869081,0.43795281525329377,0.08165202494144337
YLR167W,0.6754385964912281,1.1553757264274773,0.14348397464731094,0.2538141066242828,0.03922763793281762
YLR168C,0.6300799467021985,0.9906205560924255,0.004345096459382161,0.1001672525542908,0.01305589281570977
YLR170C,0.8775438596491227,1.2045469947030698,0.14028041133117197,0.4205413851631774,0.07197063750523061
YLR172C,0.304437564499484,0.8769411250831509,0.00017314539678333246,0.16005007593901996,0.028418992750447715
YLR175W,1.0288220551378444,1.3254013984517834,0.08664705096927405,0.40243149139756834,0.08992874175775759
YLR176C,0.9433811802232854,1.323066188197767,0.01119116923518466,0.19080524302834134,0.03074375569509051
YLR178C,0.5670426065162907,0.9671172863946171,0.0061501094184673874,0.08030321303037025,0.02310444910697358
YLR179C,0.7532894736842105,1.139842555105713,0.0026925643969388092,0.35281560730582745,0.05509726482587611
YLR180W,1.3526552868658133,1.4945614035087718,0.11482427605061203,0.40301697114202123,0.06741959084472335
YLR181C,0.4807017543859649,1.0105329083096777,0.01997464509583182,0.22483619118047052,0.047451936919298686
YLR182W,1.0192982456140351,1.3927501302761855,0.7946372008715726,0.6356080013628971,0.26974178089228434
YLR183C,0.3164160401002506,0.7404179657809422,0.0004052468241473772,0.046802506248418814,0.02078575514006216
YLR185W,0.6986944104447165,1.0919306303817287,0.004341782839385521,0.10331945017009825,0.013232026476671137
YLR186W,1.4240890688259111,1.5470557476416102,0.01366792591598219,0.27085926882501987,0.0367291028383952
YLR187W,0.8114035087719298,1.2647374512670564,0.005567246198913567,0.2899190723348131,0.03908210598830529
YLR190W,0.7973946059177794,1.176171781177487,0.006006364400930363,0.11917213448478783,0.012877694015043545
YLR191W,0.9947065940713853,1.3307152442011545,0.10138851902830893,0.3782005516565283,0.06889709340581646
YLR192C,1.006578947368421,1.3144122599969634,0.008570519782833935,0.33154755223124843,0.05149979779526139
YLR194C,0.7327485380116959,1.0552376231675078,0.004598321753985949,0.09313400733841048,0.016279573301364314
YLR195C,0.5103668261562998,0.9729673024684768,0.001530952152726873,0.20155565344293166,0.026521768942236172
YLR196W,1.060391363022942,1.3588504844200053,0.14579395899890313,0.4909149493721565,0.1182673696053127
YLR197W,1.3856275303643724,1.5275362281220906,0.011483170570555881,0.26314450224072267,0.035402282771130715
YLR199C,0.7152882205513784,1.1848617756512492,0.0057201488684565475,0.2140177476391304,0.02925267317919429
YLR200W,0.6491228070175439,1.0754318029076537,0.5462414368845653,0.4884452483257348,0.07324199297627101
YLR201C,0.42355889724310775,0.8540082294726258,0.35490260132150186,0.13237178143003633,0.05067382327976894
YLR203C,0.7440039973351099,1.1136059040777735,0.06357721974121416,0.2569389295216616,0.02902153113754534
YLR206W,0.7479757085020242,1.1635435487944668,0.04418909517719817,0.24317513818983794,0.028150475489262736
YLR207W,0.7098997493734336,1.1539975304830992,0.09335616468007821,0.231725338495,0.04403477420051731
YLR208W,0.9922600619195046,1.3432999476302696,0.007545941155492281,0.227019500618262,0.024637464871424816
YLR209C,0.6359649122807016,1.1262857299010767,0.0025037494129137817,0.25197817321287985,0.029580604627977732
YLR210W,0.7843137254901961,1.2483588939235506,0.0072703723519042,0.27706217724182614,0.03751225176019401
YLR211C,0.6010025062656641,1.0348617756512493,0.059485636415456705,0.08684696098890425,0.02354563898307869
YLR212C,0.551487414187643,0.9507416119441994,0.0010176837705473624,0.3422685403975718,0.03973671210945853
YLR213C,0.6463317384370015,1.0228067447242535,0.003256525958530524,0.08327193112695189,0.023940580818322427
YLR214W,0.5087719298245614,0.8921685899240079,0.6731807325073675,0.05471983541759499,0.07082442872197017
YLR215C,0.39561403508771925,0.8847791795299086,0.0005257996064609202,0.14205698446681034,0.03673593061773419
YLR216C,0.6418128654970761,1.000480590319112,0.6804519292280029,0.5041662932707985,0.12696742169034692
YLR218C,0.6008771929824561,1.0362684647224123,0.002189392811207498,0.1909529115903933,0.04007066064377403
YLR219W,0.8070175438596491,1.2687224012411982,0.005306463595774786,0.14958019005150036,0.015362420336476104
YLR220W,0.30877192982456136,0.8947436476041062,0.00039533409600053495,0.06801761897877023,0.018589830919159733
YLR221C,0.9598997493734335,1.3456279937700195,0.6669456242658216,0.5205881377194675,0.22220489743699665
YLR222C,1.4048582995951417,1.5371622925426756,0.04998644837324551,0.2630409217174645,0.03832973678258034
YLR223C,0.45614035087719296,0.7709564687118866,0.0006661126243265808,0.3442743156403122,0.03775661982656312
YLR224W,0.7091356439880188,1.177057953734766,0.0032271694807393127,0.23241663881066388,0.02113824535053644
YLR226W,0.7271929824561403,1.1376611097845482,0.01149685821939719,0.1408813917806954,0.027725879262448804
YLR227C,0.8123199790521078,1.1518882972921296,0.006006364400930363,0.11621412211724183,0.014272693522930684
YLR228C,0.6238596491228069,1.009537100326574,0.12839616997255915,0.16365044537684284,0.03494450159268671
YLR229C,0.8135964912280701,1.1609575285013882,0.10111605719931036,0.14615683275820748,0.03617311643520783
YLR231C,0.5012531328320802,0.9848437808003153,0.0010582740490148294,0.15558756377157398,0.036523531779390335
YLR233C,0.8296221322537112,1.1746399581042157,0.05676770747265162,0.28216422431107635,0.07631821610122311
YLR234W,0.7605263157894736,1.1321076110803645,0.03606536761549279,0.16315528608796576,0.03223629373986412
YLR237W,0.26425438596491224,0.8119968346704839,0.0002457745938866645,0.06659184306130989,0.0375165798558302
YLR238W,0.6800825593395252,1.1174983223085035,0.09668330005915066,0.4638262985436346,0.08697095897265873
YLR240W,0.618421052631579,1.0620243791296422,0.2900454079188236,0.5066786559555605,0.08789661504286461
YLR241W,0.7340510366826155,1.1937444137472897,0.008591832296938558,0.1101003031979001,0.01374056242507256
YLR242C,0.39561403508771925,0.8847791795299086,0.0005257996064609202,0.1490731614895948,0.03668927536668167
YLR243W,0.7005012531328321,1.1114301681478596,0.09802770742910474,0.2744978787434244,0.04991004000991156
YLR244C,0.8530701754385964,1.2745333696344034,0.08890057953224689,0.29333486692765115,0.057711103619979776
YLR245C,0.7838915470494418,1.212507922799276,0.024113243034666682,0.19068650369032403,0.026732351135128764
YLR246W,0.5285087719298245,0.9964145314461794,0.23412351928714686,0.1737673058328238,0.05996901902586211
YLR247C,0.523524720893142,0.9335661893681184,0.0020310423856288577,0.11130122064522571,0.02434771171293009
YLR248W,0.8764855687606111,1.1713341034207967,0.05688021416796286,0.3995480971106697,0.0682560543021209
YLR249W,1.1578947368421053,1.3663706479821847,0.193064915724697,0.48629259272144554,0.12061610211249266
YLR254C,0.3669590643274854,0.8587464970051487,0.0004658328031620133,0.08387752677643912,0.032483665451416184
YLR256W,0.6184210526315789,1.050636160133271,0.09134004916559643,0.22759657303341285,0.042362022539690555
YLR257W,0.715195246179966,1.1467162753485314,0.011681243485121208,0.27890578200143396,0.03172230557391853
YLR258W,1.0771929824561404,1.2672427462154996,0.14004736287560993,0.5008406390219071,0.09781163259686071
YLR259C,0.8704362256993836,1.1519895619967981,0.386850639622711,0.18212513090751717,0.07317700168346318
YLR262C,0.6701754385964912,1.1002289648846617,0.022271794831615007,0.21810065151274272,0.022095251853863122
YLR263W,0.4084429824561403,0.9077203348168986,0.0008689127409283844,0.09107376102436013,0.01873650566775448
YLR264W,0.843859649122807,1.2379051489407038,0.012661493150490677,0.2006843575813556,0.026472125969707633
YLR265C,0.7268170426065163,1.206319133611154,0.06844823219975373,0.19234697918306412,0.03581636836666966
YLR266C,0.6902834008097166,1.02452934662237,0.005106918324123472,0.09273746298221408,0.015397139975514259
YLR268W,0.7613603681334483,1.156174191616521,0.09620191325681159,0.17437130554043284,0.033416633331982755
YLR270W,0.6710526315789473,1.0291267261710066,0.05137903552037226,0.29702677987874715,0.055256323108956534
YLR271W,0.5037593984962405,1.0346157059314953,0.0014576934283114158,0.23942984634426528,0.026568833923186173
YLR273C,0.39561403508771925,0.8847791795299086,0.0005257996064609202,0.1490731614895948,0.03668927536668167
YLR274W,0.861485108119135,1.2258754257438467,0.02224646811629639,0.2609404518142734,0.03143441045847167
YLR275W,1.3127646702964308,1.4911886196973918,0.03806360483365159,0.2872649149430718,0.03265971509092537
YLR276C,1.2275102650242626,1.4214205734514658,0.008523564971189869,0.224721016895914,0.03376327781974595
YLR277C,1.3121052631578947,1.4897276989495682,0.04346173145610057,0.33903705023810726,0.060120578112666176
YLR278C,0.5239234449760766,0.955914204264952,0.18251441381916006,0.1866259955783964,0.0861874638544746
YLR281C,0.7327485380116959,1.1428400821839013,0.004598321753985949,0.11532604137388323,0.012713077840355011
YLR284C,0.6462931522354272,1.036085721583303,0.0033690193784905813,0.11493986707182251,0.019534735926468275
YLR285W,0.4859649122807017,1.0936887984989796,0.001032611714323587,0.29176873969937234,0.05553889861480269
YLR287C,0.6406882591093117,1.0651549153495985,0.0019157593060769669,0.30163768408173325,0.05254677342852204
YLR287C-A,1.2219679633867275,1.443326504884967,0.0051003691052663586,0.2149426397840435,0.04076794819118348
YLR288C,0.8368895211000473,1.2620557345745316,0.06722302975713947,0.2730084617210627,0.041304858921577155
YLR289W,0.6847454000855798,1.1333665641354482,0.0032271694807393127,0.1501880791674904,0.017588002145140662
YLR291C,1.261164274322169,1.4202447488729892,0.6332494556592514,0.5626182296879711,0.117343885928342
YLR292C,0.6866028708133971,0.9837040207022365,0.5937895106096048,0.6685852294909492,0.14861507501171628
YLR293C,1.1295149638802888,1.40373950806983,0.07455452661635695,0.2340656227764251,0.0392789943668075
YLR295C,0.5201754385964912,1.148742920292858,0.19523273423248852,0.19920621698848176,0.059154908657759395
YLR297W,0.4331983805668016,0.9675578368999421,0.0010279289159550265,0.16184923159259326,0.02015388252999212
YLR298C,0.9794313369630974,1.3341961384943841,0.00703965662567665,0.17132287081458014,0.018474199997990628
YLR300W,0.8228070175438595,1.279928587494377,0.003917586648427326,0.39515567678745467,0.11122797779496535
YLR303W,0.6771929824561403,1.004479983452737,0.003656385432000912,0.08870317009491828,0.025992230143092335
YLR304C,0.7082740635372213,1.0630658420385954,0.12456335233542358,0.10327077964635914,0.032803583057254886
YLR305C,0.5737874097007224,0.9548177261335156,0.0075621711566017605,0.20130524534378308,0.051444547894681614
YLR306W,0.7091356439880188,1.0730724464883892,0.03709846079105499,0.11603784919188838,0.024584146533372812
YLR309C,0.8293460925039872,1.10198986942408,0.01976742135682645,0.23510255853278278,0.05659349587777459
YLR310C,0.8410087719298245,1.1760456461214,0.6716235192871468,0.6522956057671165,0.16150895987552583
YLR312C,0.2969924812030075,0.8673651543623472,0.4288054095499856,0.124495602164025,0.04659163367945465
YLR312W-A,0.7514619883040936,1.222355905351701,0.004120049173116947,0.21300778515235158,0.02921395349014333
YLR313C,0.8013784461152882,1.1551422627080523,0.13441492903302243,0.34756483743948474,0.05002283766644014
YLR314C,0.9635964912280701,1.2804380479819075,0.10677325406027471,0.4046337227063353,0.05292857918630616
YLR315W,0.901872217858078,1.2341021955096443,0.014047401806906449,0.20702499196499202,0.022727216817374732
YLR318W,0.25087719298245614,0.8164114777234348,0.00016481688624811014,0.0579022148156938,0.03641247155023428
YLR319C,0.9085213032581453,1.1361377378211743,0.19594491139633813,0.46589748453227575,0.08013943713382667
YLR320W,0.7623281175912755,1.0724965981983237,0.16507886785093914,0.11140732472166888,0.045113068823534726
YLR321C,1.1555023923444976,1.3808392974414647,0.010572211394918807,0.29635475345228474,0.0411068929553063
YLR323C,0.7636927685066325,1.1020441998466959,0.05394414885038851,0.11774440639947392,0.02884185571317611
YLR324W,0.5464307320024199,1.043016831502742,0.0068546661816482465,0.08320284465276573,0.023975304035515514
YLR325C,0.8573607932875666,1.2583246638609102,0.004458603757233432,0.21170361242270785,0.03726592399670903
YLR326W,0.8596491228070176,1.291658181057712,0.005449217571480707,0.1808408196527049,0.018013500413023204
YLR327C,0.9667919799498746,1.4397426929371175,0.013820922276894437,0.2227025917820124,0.030804822573957454
YLR328W,0.6654135338345865,1.0475444011262725,0.0023314943830011732,0.15195790353118832,0.03981075906100819
YLR330W,0.8850877192982456,1.252164673732524,0.15206021000375894,0.47113374503273886,0.08434867256290146
YLR332W,1.2280701754385963,1.4472938298126268,0.07389352045463389,0.2861596751227953,0.040724025933181196
YLR333C,0.6823308270676691,1.149459373509302,0.0025965939432820956,0.30412811996717076,0.0506634610392897
YLR335W,1.0902992776057792,1.4163336554954382,0.033590183880008256,0.2527763609330012,0.033610908798813344
YLR336C,0.7211779448621554,1.089193485669846,0.0050189420390180485,0.11417705599179448,0.016933128484583802
YLR337C,0.8916548127074443,1.1991310857464947,0.018713846064000714,0.290106999654282,0.038522988075189654
YLR340W,1.1022267206477734,1.2779525343972176,0.4267020840924018,0.5966920085065698,0.1835383749787218
YLR342W,0.6921052631578948,1.150306886214861,0.24935874336203667,0.2439650372450021,0.06887346365304557
YLR343W,0.7719298245614035,1.2084151556200322,0.00841418952449855,0.13551220809788114,0.015220755043451394
YLR344W,0.700228832951945,1.2178363088065356,0.006445264089642489,0.1045854534966052,0.028412972406859374
YLR345W,0.618421052631579,0.9271419848811271,0.41714202930399835,0.44179557989569707,0.16645378918938025
YLR347C,1.2667698658410733,1.4888695678834343,0.0630385600705342,0.35655028631966057,0.04666991336161512
YLR348C,0.6174217188540972,1.0549689270197438,0.012474770452839273,0.11116688152216225,0.010618670821746322
YLR350W,0.8859649122807016,1.1890377620881472,0.38061399284667013,0.44328681952068133,0.11806422027762355
YLR353W,0.6090225563909775,0.9708911702332754,0.16593072654588717,0.39040721374349163,0.07148457579447182
YLR354C,0.6791979949874687,0.9909013053379172,0.2763592666994373,0.11424607183137667,0.08745647912494475
YLR355C,0.7838915470494418,1.1127346801688907,0.012191663781068875,0.19372881454502083,0.04184536496974072
YLR357W,1.2161084529505581,1.4212804739120528,0.025292656975984526,0.3073329646665809,0.04580395834149473
YLR359W,0.6895067858325057,1.1614258576377248,0.09665986876075293,0.21510036893763138,0.029579467065886454
YLR360W,0.513157894736842,0.9324789245841877,0.0005717237082972983,0.4148975237036898,0.0574935654952959
YLR362W,0.7656641604010024,1.0927940845704003,0.03875796254272261,0.28019426054286456,0.04315545668555057
YLR367W,1.0201754385964912,1.3110788283930768,0.030052713917246277,0.35620274070873437,0.08539960825159776
YLR368W,0.7823063756953359,1.2081499658682342,0.1459100963100076,0.2389403160623606,0.04438796292239357
YLR369W,0.6174217188540972,1.0065909064967382,0.002908309725613928,0.10887283011749986,0.010362943816622549
YLR370C,0.8916548127074443,1.188642070863433,0.01262533997549463,0.3296107288771998,0.03747988473012655
YLR371W,0.5361403508771929,0.9582268170426065,0.2264504820636115,0.3577174620009704,0.038684193368633824
YLR372W,1.15829346092504,1.3865499455629995,0.07037271235445308,0.2828801881467889,0.035381233846131815
YLR373C,0.682937181663837,1.100107521589761,0.0036888845895365068,0.18033818045997324,0.025278186509103705
YLR375W,0.304437564499484,0.8254259735679994,0.00017314539678333246,0.0921547046544588,0.034409656558326306
YLR376C,0.48968008255933954,0.8540514797093745,0.4892499252839155,0.5525243849382571,0.0894519361047192
YLR377C,0.8765664160401002,1.237117132765908,0.0753869573295969,0.28873296497613254,0.045583733330052105
YLR378C,0.7087719298245614,1.1127035429833563,0.3249567376047725,0.3802684031698589,0.09012691932702702
YLR380W,0.8530701754385964,1.1429464064909372,0.01462521721340632,0.21978748131461362,0.05357249934503126
YLR381W,0.901872217858078,1.2508410362824625,0.009945861876858104,0.22198255890043486,0.02254706514601311
YLR383W,0.5394736842105263,1.0908157655719681,0.02151788869962444,0.2721710195402643,0.04569088772207498
YLR384C,0.6329030122476,1.0125768705290692,0.0029673191719768875,0.107745744980168,0.013357542087505185
YLR385C,1.0739348370927317,1.353837877522088,0.02287927999373046,0.2653799619900143,0.0512717637976347
YLR386W,0.8157894736842105,1.127830543093701,0.16935923106360545,0.1739957369701883,0.08727965028782826
YLR387C,0.6491228070175439,1.1940301856569797,0.0012597710412775096,0.25520782572433676,0.06578003729435737
YLR389C,0.6462931522354272,1.0041628606958288,0.0033690193784905813,0.09366225081347491,0.019439365985048435
YLR393W,0.662280701754386,1.1463214194907558,0.003388991143261222,0.2960005575441317,0.04671413341232858
YLR394W,0.6453634085213033,1.090297292638344,0.19334823681099944,0.5119766306846675,0.10075344753717456
YLR396C,0.8269341386252516,1.1788789062567193,0.06991054724188422,0.36887206899150965,0.036814389640205995
YLR397C,0.7704042715484363,1.2107056162418623,0.0065172335332545125,0.13854437363459007,0.032344156758104606
YLR398C,0.8270404271548436,1.2402015138857245,0.004784168322177363,0.16130269092758953,0.026382779611273582
YLR399C,1.0382205513784462,1.3396964633806738,0.018697916090144335,0.2718150655906393,0.04717660472462976
YLR401C,0.9228586171310629,1.2228288413522899,0.009986108726866297,0.15312637946053684,0.03887661524382138
YLR403W,0.769423558897243,1.1766582933597003,0.003958385901025471,0.21699068264427968,0.02552052411812787
YLR404W,0.46616541353383456,0.850399366954587,0.001095561710722298,0.1679498631698121,0.0327214579155685
YLR405W,0.6359649122807016,1.0155389175149199,0.0025037494129137817,0.12772837456341538,0.033012799764836086
YLR406C,0.6784897025171625,1.199387110945573,0.002273544433998128,0.10301966422939773,0.0263887057069895
YLR407W,0.3212719298245614,0.8578772881571015,0.00033239714457159526,0.06511174681209822,0.03658803727816086
YLR408C,0.6907017543859649,1.0463389085680106,0.04288669287407946,0.4314345902043679,0.050801952464634176
YLR409C,1.4048582995951417,1.5371622925426756,0.04591143551058921,0.25526012450623736,0.038136285325224666
YLR410W,0.4751461988304093,0.8286884376149762,0.11182447824761073,0.07317135683047715,0.060758810289337065
YLR410W-A,0.7687969924812029,1.2276550241313844,0.01534384164655754,0.25864623069397236,0.02780628828719141
YLR413W,0.9649122807017543,1.3221204594936253,0.009117181731968536,0.21107239893332141,0.02371568218222831
YLR414C,0.6679907315458458,1.216053902199413,0.004174965103923487,0.18200078057020933,0.015392045215490324
YLR417W,0.4807017543859649,0.9961650922177239,0.002196867318054043,0.2572472546821409,0.04327966798510823
YLR418C,1.063157894736842,1.3953938154209053,0.043902087953463065,0.3027523224681403,0.04541050097082086
YLR419W,0.5279106858054226,0.864536663895368,0.0016504823348455122,0.07510170371241924,0.024997683070416644
YLR420W,0.3837719298245614,0.9932156340217632,0.1253323971445716,0.2570029869106854,0.06283312830616691
YLR421C,1.280701754385965,1.4800054213548055,0.013018376476230524,0.3211411711264175,0.0441353987446359
YLR422W,0.3669590643274854,0.9362436267410844,0.0004658328031620133,0.21097499255255492,0.02956233653132897
YLR423C,0.8721804511278195,1.1730266598603198,0.5827263247796152,0.5332076049230489,0.12734652347322156
YLR424W,1.117362371445856,1.4056807323319191,0.012858555693577807,0.21938484828264823,0.024444932363863782
YLR425W,0.5269423558897243,1.0039270324935146,0.00028449367371850793,0.4530760209991057,0.11849286612408412
YLR426W,0.7095141700404858,1.1196394623371888,0.007448745743350272,0.17071284287622984,0.017667621062739617
YLR427W,0.9392230576441102,1.2659979867702043,0.19334186328297376,0.2913764003272595,0.07333093540226426
YLR429W,0.9179706021811285,1.2972938298126269,0.10976557229968198,0.3501417140227583,0.05762049658828794
YLR430W,0.6652046783625731,1.1856935991795094,0.3087220977447064,0.3566390832818075,0.0992997887185961
YLR432W,0.9736842105263157,1.3017654009452855,0.009610010531874645,0.2548695347896995,0.0437491198017689
YLR433C,0.7596491228070176,1.195773966066336,0.46721436138236944,0.5377238249051284,0.15534604918513528
YLR435W,0.825187969924812,1.1827927068426352,0.028237619584307736,0.45195646102877113,0.08829385612343042
YLR436C,0.6291866028708133,1.1420579146730463,0.03181459148347075,0.32072802517511817,0.06300406305001066
YLR438C-A,1.0883040935672514,1.3509107000905847,0.0756447164367443,0.38118913019231104,0.05611117941735896
YLR438W,0.7606516290726817,1.2097395230774919,0.18328387533538215,0.3403145601598276,0.06906094333714001
YLR439W,0.9514619883040936,1.3262580064830793,0.0553363028882683,0.26051377675422904,0.04138800379353138
YLR440C,0.6466062697727926,1.0315761907473335,0.00439452249593408,0.10683839579279929,0.01870350289147521
YLR441C,1.2871853546910754,1.4836773820779494,0.010914209918733049,0.2227059514106403,0.04279368425001751
YLR442C,0.6598883572567783,1.0701795163325323,0.2430122833668698,0.3381523251100804,0.06422905681144454
YLR447C,0.9615009746588694,1.2538754173613276,0.13013490728670835,0.35693235740075185,0.0675159581045447
YLR448W,1.3524027459954233,1.5130234745819364,0.02559835806028041,0.2362913301381695,0.04536361701300093
YLR449W,1.184957073534901,1.3991033844676104,0.008009753319152973,0.21411014116220606,0.03220705374033451
YLR450W,0.7098997493734336,1.1627694603076606,0.03020528704507358,0.24811443907657788,0.04074365245669457
YLR451W,0.46616541353383456,1.0875578368999421,0.0008839408410786161,0.262813847691086,0.04075730985878935
YLR452C,0.7623303541873552,1.2531395315180522,0.11556828876139809,0.2247019425419817,0.05326077122830331
YLR454W,0.5026315789473684,0.9574319186191085,0.0015825348211871153,0.09322640906783158,0.017895621674387886
YLR455W,0.5614035087719298,0.7981673530656281,0.13516903660093477,0.5359300086019317,0.06759276714912961
YLR456W,0.4859649122807017,1.0021137069238881,0.001032611714323587,0.16173887038138668,0.05779457976737771
YLR457C,0.5361403508771929,1.0363518170426065,0.0015826848438364217,0.0844974632682203,0.019755967653116477
YLR460C,0.46616541353383456,0.9008911702332755,0.001095561710722298,0.1522036414454649,0.035077571593838744
YLR467W,0.6736842105263158,1.2099709501025289,0.004960031924930757,0.09061775803911137,0.012244358047385497
YML001W,0.7121800402645959,1.1135168489591782,0.006176238558780224,0.285735394618313,0.024015076163853774
YML004C,0.769736842105263,1.2375676399463018,0.005567246198913567,0.23937921123976813,0.025633281370955573
YML005W,0.5543859649122806,0.9573841240214941,0.05842113219906451,0.13863001576895223,0.06316038681352987
YML006C,0.7108092812676853,1.0844650733239993,0.06919936585399836,0.2403908276164107,0.03529745755953361
YML007W,1.3403508771929824,1.5030112431428222,0.007528071258209762,0.25461422952627155,0.037384229845870184
YML008C,0.6635338345864661,1.1390896032900582,0.02409596570544189,0.2924474385118383,0.03499555594485393
YML009C,0.395906432748538,1.0477367619196802,0.0004667932324213911,0.07723466799680759,0.011247732639886977
YML010W,1.099179400113186,1.3885205728128254,0.07210390186022009,0.308427975969088,0.05209818284660985
YML012W,0.48746867167919794,0.8673651543623472,0.36213874288331893,0.47575529465802124,0.12975712092856884
YML013W,0.7456140350877193,1.1455280809973158,0.012622869462656002,0.30141481325862435,0.04409007365560949
YML014W,0.5543859649122806,1.100047167499755,0.2250877988657312,0.31924569823553395,0.06240714449141563
YML015C,1.0789473684210527,1.3741033444377957,0.00953088013587819,0.24275348534417318,0.030641667025251555
YML016C,0.9122807017543859,1.3221204594936253,0.015024943953279694,0.1862508219707586,0.021997310013424823
YML017W,0.7487468671679197,1.1695694153416327,0.005643450584561047,0.18379907657098823,0.029070248793654427
YML018C,0.6658506731946144,1.1066598382183002,0.003880752167242387,0.2685318405329576,0.027255410642342305
YML019W,0.5587719298245615,1.0372792815125833,0.0357587426173038,0.3107867799128613,0.05811657607712917
YML020W,0.5037593984962405,1.0346157059314953,0.0014576934283114158,0.23942984634426528,0.026568833923186173
YML022W,0.5037593984962405,1.0346157059314953,0.0014576934283114158,0.23942984634426528,0.026568833923186173
YML023C,0.6973684210526315,1.1435935433497457,0.12873036433315269,0.4035550768516927,0.0856872392023622
YML024W,0.7982456140350876,1.2090464063384267,0.0035498158490865224,0.1934812365598459,0.030066822173862
YML025C,0.9070175438596491,1.3028388027360067,0.02053997251255665,0.2492261766864176,0.037906945842199745
YML026C,0.7535087719298246,1.1761462946599432,0.0019348000850467307,0.23766112997049293,0.05045685736381935
YML027W,0.3333333333333333,0.9070846324476088,0.0004847253447286076,0.21542955405426642,0.02623175374122295
YML028W,0.44183829138062547,0.867198214322178,0.3721307972098802,0.05702816094483136,0.06092892030438321
YML029W,0.5562015503875969,1.0002283347404146,0.018358015545521696,0.1715324139464639,0.03404506952044806
YML031W,0.9922600619195046,1.3532999476302696,0.05036795539523882,0.1855162846080859,0.028939232742652067
YML032C,0.7938596491228069,1.2267022056749592,0.013784672576177066,0.2633698828583829,0.03381741438686505
YML034W,0.8352994555353901,1.1745672668182752,0.004551476452703929,0.22274019432787173,0.03208509280089472
YML035C,0.37203302373581015,0.8449116947631379,0.4855734546956802,0.051634590369857306,0.05637365970319209
YML036W,0.5287948131197558,0.9140334425590693,0.09874476295428077,0.47126263730888485,0.06270369035854088
YML037C,0.8660287081339713,1.2419204632645113,0.25077201268383154,0.40055663206893777,0.05172918617332962
YML038C,0.48643410852713176,1.0728376486401658,0.037772100739525576,0.15706559799094447,0.02105354600793854
YML041C,0.8239348370927319,1.2559357796199901,0.0031933809427520435,0.20216203782523973,0.02866355128389009
YML042W,0.5119479733817301,1.0730748746204863,0.0016353370706935193,0.09419125646879327,0.0168485427786216
YML043C,0.6340852130325814,1.0497204267979892,0.12320251525580561,0.25892030336793,0.05014007511746977
YML045W,0.6973684210526315,1.2241463951990266,0.0023396385731600344,0.35756739328783127,0.09410014627580628
YML045W-A,0.7687969924812029,1.2276550241313844,0.01534384164655754,0.25864623069397236,0.02780628828719141
YML046W,1.1518451300665458,1.4248911191893647,0.017188642497049246,0.23450552184406667,0.02564111641055747
YML048W,1.029505582137161,1.345028324961565,0.031838646758794706,0.25230157238302076,0.028162066861093914
YML049C,1.3472474289171203,1.516740781351527,0.03917259758002288,0.2981186297769093,0.03390656264365847
YML051W,0.7002923976608186,1.0400897805872382,0.49392988509074376,0.4038722750690397,0.16894221778806545
YML052W,0.3544891640866873,0.8685823934837091,0.30909680568039527,0.15101428642170261,0.058285487388306585
YML054C,0.6174217188540972,1.0418110322829017,0.002908309725613928,0.13221954570943317,0.01005163751483569
YML055W,0.5329457364341085,1.1237915531312193,0.027891977832604522,0.26516529098234526,0.028365015556780195
YML056C,0.9868421052631577,1.3085655543377717,0.09461170455281503,0.338164900706846,0.07402237355627257
YML057W,0.6596491228070176,1.107538671948689,0.2672143613823694,0.3899716010168633,0.12431859731401805
YML058W,0.7502579979360164,1.1314411027568922,0.37251315154875864,0.38731271189829664,0.12685262049595958
YML058W-A,0.8646277856804172,1.2217023835961212,0.1909098432599979,0.19664448048658895,0.04307342929856495
YML059C,0.3632610939112487,0.9078502159922419,0.11782020422031274,0.2096520422124421,0.05876536920767321
YML060W,0.6531273836765827,1.1434001670843776,0.0038213630115459655,0.09323108842253303,0.014409714530017749
YML062C,1.1842105263157894,1.407320956500841,0.04280178626751002,0.3658169221128547,0.06963244316203013
YML063W,1.308924485125858,1.4980884096468716,0.005220449563864329,0.23282917396888025,0.04297940220322283
YML064C,0.9688737973967175,1.1756415439122345,0.4800715283390641,0.2682674800619896,0.1344808811726862
YML065W,1.5043859649122808,1.6666796046162604,1.002689330808798,0.7703804676016385,0.47770260922566493
YML066C,0.7393025246041934,1.2175075895036338,0.005163661045510453,0.20622276356260338,0.017029479476739887
YML067C,0.9645135566188198,1.2495329556483346,0.016331149747440026,0.3633235003069009,0.05872394327915828
YML069W,1.1298245614035087,1.4194034192624418,0.011366551969651218,0.34281348392204847,0.051272940632189845
YML071C,0.6035087719298246,0.9931109035893266,0.0026773751717001576,0.0912458867127744,0.014164306242757496
YML072C,1.3333333333333333,1.4994916320104288,0.08159037911964799,0.32206687564584324,0.0459227450988316
YML073C,1.417620137299771,1.5786206225320258,0.07087532051873201,0.2401480446679784,0.04881239574586685
YML074C,0.6666666666666666,1.1433497464199218,0.33383417373172014,0.442306802145056,0.16761282335019656
YML075C,0.7719298245614035,1.246251646148447,0.007680334120847284,0.1420216339873363,0.015050154733356863
YML077W,0.8785425101214575,1.2958374150265681,0.003523706805427598,0.29506904875338946,0.07107447841455612
YML078W,0.6462931522354272,1.036085721583303,0.0033690193784905813,0.11493986707182251,0.019534735926468275
YML080W,0.5758145363408521,1.0000129379495937,0.001824499862733104,0.2691360441854658,0.04001551267456358
YML081C-A,0.5201754385964912,1.0931873647373025,0.005759050021962219,0.21461681939833782,0.045237279082194035
YML083C,0.7523923444976075,1.091737313081361,0.01027414465855445,0.2468286684677105,0.02361041171425591
YML085C,1.2445471787577052,1.4489527748492956,0.07065219637380989,0.33935717038034263,0.056409121022105706
YML086C,0.6236842105263158,1.1163604835081915,0.5081819170171947,0.5344443627394762,0.1517652835388526
YML088W,0.7091356439880188,1.177057953734766,0.0032271694807393127,0.23241663881066388,0.02113824535053644
YML091C,0.8771929824561403,1.239522718495472,0.13599556671855062,0.2694187640150626,0.07008102179127988
YML092C,0.7724310776942355,1.1848617756512492,0.06330102027651102,0.2530983393322706,0.03859355177425695
YML093W,0.8856275303643725,1.3200716206574832,0.008218110655427538,0.12259385506291762,0.018814948731895376
YML094W,0.5657894736842105,0.9808105694522891,0.16037187166717407,0.38484439775155077,0.05271036170044362
YML095C,0.644736842105263,1.1000467072869395,0.5072591992578898,0.4502716712441079,0.09277621317864891
YML096W,0.7751196172248803,1.158403979748028,0.04441855583068062,0.2744784900318864,0.029441122995917935
YML098W,1.0581140350877192,1.347514229356782,0.017368268249869537,0.2219241582640017,0.030558962670501635
YML099C,0.43859649122807015,0.9249529710056026,0.10574788323946545,0.33810248213949934,0.06419319405228263
YML100W,0.4084429824561403,0.8602961993193686,0.0008689127409283844,0.07379122851395331,0.01907752216930062
YML101C,0.4492481203007519,0.9168492906882999,0.0015668687861010626,0.05888867504496882,0.012808609912805188
YML102W,0.6622807017543859,1.0374941116566054,0.47671627579693715,0.4638974936499193,0.15754215236284771
YML103C,0.93343653250774,1.3482504426797746,0.008413085050087156,0.18986442387842384,0.020717447442787452
YML105C,0.7923976608187133,1.1108079946768519,0.15669799892734543,0.4033456032712317,0.08656030835287172
YML106W,0.5508771929824561,1.00428980204522,0.2008038031522175,0.36410598710677444,0.10386066734684322
YML109W,0.9135964912280701,1.2804380479819075,0.16113345475974353,0.23846757650228023,0.04915341483471322
YML110C,0.38784461152882205,0.9013375060108273,0.44220418862308913,0.1810477069241252,0.04210606409473397
YML111W,0.7271929824561403,1.1433688723416258,0.003656385432000912,0.18459821789762704,0.03248988968529751
YML112W,0.9210526315789473,1.2875011366810214,0.009934896821673216,0.18350811278924722,0.039922226375615925
YML113W,0.6679907315458458,1.216053902199413,0.004174965103923487,0.18200078057020933,0.015392045215490324
YML114C,1.0581140350877192,1.3539296263094684,0.00750342521483232,0.23662123276007713,0.029450132006352693
YML115C,0.5587719298245614,1.0742419774927514,0.0017396957429890454,0.1889268583329473,0.03619488696071018
YML117W,0.843984962406015,1.22937007979346,0.0037386886797991415,0.28321752668838396,0.04520247796066687
YML118W,0.644736842105263,1.1127330180985044,0.0028117772935132477,0.2538739518181512,0.029763136807644676
YML119W,0.533625730994152,0.9320082536329676,0.0013715976343064739,0.1313405980204288,0.034046823027501276
YML121W,0.642594859241126,1.0640472256056877,0.004945505059237803,0.18044668053380963,0.025129232625629154
YML123C,0.6800825593395252,1.1841649889751702,0.3834480059415036,0.334979035063102,0.10228670448643125
YML124C,1.163466097676624,1.4186083243298864,0.054412094148744455,0.319917510314349,0.05000724616966063
YML125C,0.46317829457364335,1.0314078384465055,0.004363779639649654,0.1513709150534573,0.01581676899645049
YML126C,0.6350877192982456,1.0653514869193372,0.0027661414991640614,0.15550746860970677,0.03618775252182136
YML127W,1.1858054226475279,1.3937804739120527,0.01273768331845525,0.30236438310673547,0.04321566557318349
YML129C,0.7819786808794137,1.1094929273759644,0.05478749928060578,0.2919248977989283,0.03465412752143194
YML130C,0.24937343358395989,0.7704271639022764,0.00023398097855695647,0.052855228701331254,0.0282661187449298
YML131W,0.5047846889952152,0.9343520765347391,0.32539124221133636,0.17444305531963178,0.06146009925977865
YML132W,0.38925438596491224,0.8943578504563452,0.24191244126055333,0.1429472581774272,0.09659214465952949
YMR001C,0.896140350877193,1.255482914603582,0.11593718219833377,0.272205819363008,0.060137142271172235
YMR004W,0.5728274173806609,1.0152425153836546,0.010486119237725737,0.09253743548907653,0.016386869226285336
YMR005W,1.037280701754386,1.347514229356782,0.008991877161870705,0.21943908403925577,0.02842237288322394
YMR008C,0.36201079622132254,0.813130995870138,0.0007309038447356202,0.050226593281138945,0.047791223729267494
YMR010W,0.6658506731946144,1.071155251062337,0.01878561474652357,0.17202952296245105,0.028926297581153955
YMR012W,1.028330962541489,1.3824401913875597,0.023877771647552257,0.2565640241603262,0.03621909121302323
YMR014W,0.7727272727272727,1.1885283060592657,0.017057923851839712,0.38775451072181966,0.08641899004624372
YMR015C,0.6397243107769424,1.1049756192640667,0.059847654331694984,0.23744670751449268,0.03612889478857769
YMR016C,0.6188197767145135,0.9712752083697616,0.16182364250800568,0.1325584267843597,0.05536555998039001
YMR017W,0.6138193845268909,1.0681934223857517,0.011324216820396662,0.09651049660847091,0.016644114519928768
YMR019W,0.40148448043184887,0.8902029295727356,0.0006372173423669757,0.11608376344586792,0.04517730019754379
YMR020W,0.6986944104447165,1.0604908103592314,0.004341782839385521,0.10080976269519193,0.013377703788765275
YMR021C,0.5080091533180777,0.8423063418116816,0.0009941114431181368,0.07257699839319459,0.03817079522548613
YMR022W,0.6027568922305764,1.0411478386860389,0.006528038367824909,0.13121917401293176,0.025208950749685835
YMR023C,0.5026315789473684,0.9773964261612558,0.0015825348211871153,0.10872018915709378,0.01699995340665908
YMR024W,0.8847953216374269,1.2916780884502925,0.05252158525971251,0.24534910193394396,0.03853184794757824
YMR025W,0.7105263157894737,1.082976838648345,0.03352356732131211,0.4520553980022357,0.11043977287090817
YMR026C,0.7878100423472474,1.2202390537249639,0.007499840656871983,0.30586075271277846,0.044044204005472015
YMR027W,0.517056530214425,1.0259533394392497,0.0015518161305177578,0.11456006395170319,0.0166606349662394
YMR028W,0.804093567251462,1.1909455525040145,0.10479470116847499,0.4053196115467147,0.06829125155247595
YMR029C,0.6212590299277605,1.00386195867214,0.0035460451571898838,0.41416849376724485,0.06830502625921771
YMR031C,0.644736842105263,1.1900897805872384,0.0005229762520726913,0.43196752362111884,0.1160081537268027
YMR032W,0.9085213032581453,1.1833894253814443,0.3133611371458972,0.30753709882342634,0.08331932146581449
YMR033W,1.1251993620414673,1.3683958585274374,0.014985327739853335,0.27331861075246366,0.03991490007373111
YMR034C,0.18601651186790508,0.7271773246503682,5.464184154066341e-05,0.020021914817409506,0.03507613097655762
YMR036C,0.7684618523051816,1.0973479532163743,0.003575350860661755,0.14838910525388624,0.020819165508314044
YMR037C,0.6188197767145135,0.9188942559888091,0.03195351263787582,0.10259422201129609,0.054668285965491496
YMR039C,0.23635477582846004,1.0514109070241324,0.0001454856032414824,0.07003452067154661,0.012796484583932073
YMR042W,0.43859649122807015,0.9249529710056026,0.006332678561102876,0.3801878703385747,0.06106371624929512
YMR043W,0.7543859649122806,1.0544984255510572,0.6759233218359567,0.6538697190400322,0.17684545537249527
YMR044W,0.7312599681020734,1.2190745915591117,0.0038859744299898553,0.10992174654426257,0.01784199083892376
YMR046C,0.5026315789473684,0.98464280297285,0.0015825348211871153,0.1317677573677665,0.016213323127945017
YMR047C,1.5412796697626419,1.6160272203575423,0.25758544656787,0.433699426821608,0.07044901494540998
YMR048W,0.7684618523051816,1.201264619883041,0.004451365855825866,0.2082097128559835,0.020184218696060414
YMR049C,1.5253826054497948,1.6154666403788887,0.02027597109224688,0.29442620452901674,0.045024267742646944
YMR051C,0.25087719298245614,0.8164114777234348,0.00016481688624811014,0.0663499678545161,0.03514969514252196
YMR052W,0.6212590299277605,1.00386195867214,0.0035460451571898838,0.41416849376724485,0.06830502625921771
YMR053C,0.43421052631578944,0.9676676174238199,0.0010500524423145,0.12186903999868112,0.02201892548337114
YMR054W,0.7763157894736842,1.1223819108678212,0.0018683720026291854,0.30420246168694126,0.042523124325235404
YMR055C,0.6359649122807017,1.000726073776459,0.08610053528973426,0.12376251549736766,0.04182465880569821
YMR056C,0.3082706766917293,0.8291619083085071,0.0002959642595579767,0.15117521053196914,0.042189054080809
YMR058W,0.8931419457735247,1.2975428943550467,0.02469032425611307,0.20355631341787256,0.021506446028081418
YMR059W,1.0935672514619883,1.3236561607507138,0.6814563847137821,0.6606171588054149,0.22554931845993215
YMR061W,1.2321052631578948,1.4029221433940129,0.04699238240610635,0.2989463076675132,0.05542273681015521
YMR064W,0.35146198830409353,1.0212453961426,0.00106037463095635,0.053744980198484976,0.010254880932621183
YMR065W,0.6026315789473684,1.0860920783351689,0.1326170175798078,0.2184670590008344,0.04783486226402499
YMR066W,0.40669856459330145,1.049967851566088,0.000814412968942537,0.279638923817529,0.049987480456672485
YMR067C,0.3837719298245614,1.072163002442816,0.40033239714457164,0.26501727613556136,0.05914591035661047
YMR068W,0.7659958720330238,1.2099418497444812,0.008666416783178463,0.38721743922256757,0.06707752023584547
YMR069W,0.40789473684210525,0.8886116807169437,0.10583488160303413,0.10274219053230327,0.04845715222307296
YMR070W,0.7438596491228069,0.9722180974903297,0.2278406144170036,0.12478743809092399,0.08429822045465307
YMR071C,0.8098624940730204,1.2555645065043561,0.04124705378116349,0.2629338967253657,0.03299511837967885
YMR072W,0.8524720893141946,1.27476408046943,0.004233196652212078,0.17290560816078682,0.023813741226837357
YMR074C,1.0175438596491229,1.5022319688109163,1.0,0.7106117935971086,0.48721598407420746
YMR075W,0.7765987549518959,1.2402425115883355,0.005191459463906736,0.14032279632872877,0.021051497380014102
YMR076C,0.6692982456140351,1.1274999458299928,0.16702314784800704,0.3014188224335501,0.06359697514717164
YMR077C,0.6407017543859649,1.1476802437328755,0.19845877207995877,0.4264063394688185,0.07294062406964513
YMR078C,0.5661881977671451,1.0662163298199232,0.00113544443322368,0.23381758219271512,0.03186438760185018
YMR079W,0.7223346828609987,1.218528748928023,0.5007328241955544,0.5101468535615756,0.15319963092186686
YMR080C,0.8216374269005848,1.1945483708310591,0.004965631212204498,0.19484757143727188,0.022717535626804827
YMR081C,0.594298245614035,1.052674125724511,0.002767201956400933,0.17319167472697683,0.02205416394610843
YMR083W,0.7155388471177945,1.1533622993188337,0.27578354877428957,0.38663462783978697,0.1135783685742111
YMR086W,0.644736842105263,1.1900897805872384,0.0005229762520726913,0.43196752362111884,0.1160081537268027
YMR087W,0.5380116959064327,1.0319894940840473,0.0017178226222788356,0.16461855315960433,0.028410737282480388
YMR088C,0.4921052631578947,1.0176808915199007,0.0017396957429890454,0.11926596803905368,0.024644778491312053
YMR091C,1.2464114832535884,1.435908133486521,0.024784108811186364,0.32305392201480576,0.04728075085288397
YMR092C,0.40669856459330145,1.049967851566088,0.000814412968942537,0.279638923817529,0.049987480456672485
YMR093W,1.5394736842105263,1.624833525419388,0.029127591849424306,0.2878425305311755,0.04125294584325593
YMR094W,0.7091356439880188,1.1819552303711731,0.05200765728561736,0.18462275263110223,0.024888800850989018
YMR095C,0.8748006379585327,1.2692754573993232,0.07332043119534322,0.23622873485718282,0.04148255364406646
YMR096W,0.8293460925039872,1.1364096868947449,0.008936559253331727,0.15439722314091048,0.03401067062169063
YMR099C,0.7210526315789474,1.066079776195407,0.2011466943660166,0.44216418207229863,0.12889342947441257
YMR101C,0.7393025246041934,1.2175075895036338,0.005163661045510453,0.20622276356260338,0.017029479476739887
YMR102C,0.7268170426065163,1.1855681454688616,0.003368867120388625,0.20522137633758158,0.03497751175469037
YMR104C,0.5515350877192982,1.109176242493025,0.32576085126260895,0.30475839479999617,0.06615310254070192
YMR105C,0.8376007586533902,1.1938241436925647,0.12390533875549341,0.20718756012700812,0.037195904839434385
YMR106C,0.9799498746867167,1.263373875866136,0.8324100743806924,0.7054472093797963,0.218416238211472
YMR108W,0.47017543859649125,0.8015206980706359,0.19528882330411962,0.18154864433780404,0.07739908446555083
YMR109W,0.9186818397344714,1.1991310857464947,0.10095697830713296,0.24557882079293283,0.04710481732381187
YMR110C,0.27368421052631575,0.9689681932587584,0.0002871801750894038,0.17504002495846543,0.02670195184513365
YMR111C,0.8124732563115105,1.2647426125451084,0.07345634397233969,0.2630343654993277,0.0427267673179345
YMR112C,1.5070175438596491,1.6161334150885234,0.010474464541493422,0.29206774508343525,0.043806817447010635
YMR115W,0.5103668261562998,0.9729673024684768,0.001530952152726873,0.20155565344293166,0.026521768942236172
YMR116C,0.7938596491228069,1.2506573280747086,0.5005217228805039,0.5407679444693962,0.24741891191106627
YMR117C,1.110827441738675,1.3637705708627148,0.13734104994062588,0.3111107696770258,0.04915262911419703
YMR118C,0.7449874686716791,1.0994498959262562,0.05263798965806567,0.11475305652047851,0.027060364286526122
YMR119W,0.4492481203007519,0.834988583827593,0.0015668687861010626,0.055737396367512564,0.016255309525999226
YMR120C,0.7835467045993362,1.1428216374269007,0.013178265528420182,0.12982933322342308,0.028337529917251306
YMR121C,0.4850877192982456,0.9976548053939476,0.0006401850041082567,0.35461596892500524,0.10852484334008776
YMR122W-A,0.6679907315458458,1.216053902199413,0.004174965103923487,0.18200078057020933,0.015392045215490324
YMR124W,0.7108092812676853,1.1330925243043914,0.004683236821740283,0.3003105038809212,0.03153741933278849
YMR125W,1.1403508771929824,1.417053281351527,0.020280359958588262,0.227085298173239,0.025748810210206315
YMR127C,0.5427154843630816,0.9117405782975958,0.08796838159467164,0.28953078129687615,0.05093397508578677
YMR128W,1.3663967611336032,1.5181668587527213,0.012478152937650252,0.2558547492166743,0.034781062659872825
YMR129W,0.8746130030959752,1.3069363112666332,0.007255354125774816,0.13903757327598706,0.0168921209945438
YMR131C,0.8786549707602338,1.279489215997741,0.2330158063097808,0.24250028781674032,0.10529468471371523
YMR135C,0.8434091986723565,1.0630658420385954,0.06738117015324138,0.47495409383860987,0.04522154094844706
YMR138W,0.4308565531475748,0.7832181463760411,0.22822051351920958,0.040211240484516624,0.09033630984925661
YMR139W,0.8220551378446115,1.0383267795926598,0.39723838757855817,0.3659143028009299,0.1302619314380485
YMR140W,0.6339406207827261,1.091144911207683,0.002683208612290652,0.11257089840779184,0.020422677129249178
YMR142C,1.337719298245614,1.599481129880404,0.06760721290928122,0.4916641495829406,0.19379664240661096
YMR143W,0.6809210526315789,1.1220587411019562,0.003278299359982587,0.24809087002030358,0.03457436123293485
YMR144W,0.5646390566580385,0.9859630302288889,0.0024405368373917047,0.07557749269860295,0.010792255572576726
YMR146C,1.256578947368421,1.456319133611154,0.1639025669627072,0.4000301289815009,0.08286701395909543
YMR149W,0.8704146730462519,1.2868539428440176,0.023772649177238377,0.18065270080434287,0.020568291136629866
YMR153W,1.0314757481940144,1.3858531391196314,0.024856163907237532,0.22644742582663535,0.029627394961376334
YMR154C,0.3207017543859649,0.9763238223764539,0.0005302006513873764,0.10746498002082733,0.015398128931672469
YMR155W,0.4396929824561403,1.0465747855979548,0.25792536435383157,0.24668621121824663,0.029082312588607148
YMR158W,1.0382205513784462,1.3521034605046252,0.011546717616052879,0.24167316817077383,0.03294418317748035
YMR159C,0.48717948717948717,1.0312285342987098,0.0008150294528699447,0.3118640530679402,0.05829909052193045
YMR160W,0.5851393188854489,1.0099931715516335,0.001887961896969785,0.14546449529583771,0.029486244381111085
YMR162C,0.728744939271255,1.150845136096054,0.04904595142724327,0.17836226002068203,0.02481446342212611
YMR163C,0.7558084400189663,1.1501657002102703,0.007663470197579908,0.1509247331832378,0.02217462635225035
YMR165C,0.4890350877192982,0.935706854737923,0.0035386290403867384,0.15935792003652277,0.0443230748091859
YMR167W,0.7412280701754386,1.1564444600598067,0.10776690730765062,0.333131057347264,0.07012810361543967
YMR171C,0.5964912280701754,1.0892969784458602,0.002404925673525176,0.18946115564407934,0.01654265349567521
YMR172W,0.8964912280701753,1.3071585213032582,0.005502492657316043,0.21594954411320333,0.02586379243259509
YMR173W,0.7926065162907268,1.2488751832825782,0.10825905651299195,0.2624818179248293,0.036171274105914045
YMR174C,0.5707017543859649,0.9123367095575654,0.002497803985190571,0.07676028960122712,0.02646221772567456
YMR176W,0.7219502243982048,1.1668094916779128,0.004394517111388896,0.16833145595539423,0.015931472022222885
YMR179W,0.769736842105263,1.2375676399463018,0.005567246198913567,0.23937921123976813,0.025633281370955573
YMR180C,0.43301435406698563,0.955914204264952,0.0006962320009782491,0.18937215579424074,0.04864314155395637
YMR181C,0.5868421052631579,0.9902273279555407,0.0026773751717001576,0.08387308151198201,0.011614705271168365
YMR182C,0.5575438596491228,1.0059654344193818,0.0021851732359338804,0.08469303085945257,0.020492178487730994
YMR183C,0.6302128271498417,1.0936100890524183,0.009465316541776037,0.1447153920705987,0.01720451112792229
YMR184W,0.6783625730994152,1.1334639410297305,0.016201076547040366,0.19576927742554145,0.02281368529985551
YMR186W,1.1896929824561404,1.3667022056749591,0.49757385526391457,0.4863343689549934,0.17300400035951707
YMR188C,1.0858395989974936,1.3770811589881218,0.008612463111321434,0.2505037727678623,0.034756065839245696
YMR190C,0.7605263157894736,1.1321076110803645,0.03606536761549279,0.16315528608796576,0.03223629373986412
YMR191W,1.1228070175438596,1.40460859595798,0.008444899186034967,0.26418457616199087,0.034339374149241195
YMR192W,0.8508771929824561,1.2726321010860486,0.20673484735666206,0.5293620494087803,0.11575932831283643
YMR193W,0.8847953216374269,1.2808607807579846,0.03702897413917672,0.23984360662525925,0.03779920198653689
YMR194W,1.4393592677345537,1.5966598382183004,0.017633590061380922,0.24823143451108526,0.04712911967917592
YMR196W,0.6177944862155389,1.1013905549724263,0.0023314943830011732,0.19344201928398042,0.024352643379047044
YMR197C,0.8105406960023007,1.212805491351269,0.15607031890752762,0.3257981266573579,0.03830035006828802
YMR199W,0.7549019607843137,1.2411125171119564,0.0055175500108465645,0.2488552984656066,0.030470120741052993
YMR200W,0.4087719298245614,0.9567783870582005,0.1951321762012637,0.08954735415368062,0.055635804041679796
YMR201C,0.7053429027113238,0.9988351767098906,0.26177130212588856,0.41425230456164386,0.08750805106161783
YMR202W,0.568295739348371,1.0573079311469404,0.0030128031588647036,0.2046833556814718,0.023634753283642777
YMR203W,0.7186875416389074,1.0995668078604595,0.10169601263459165,0.19324968644209162,0.028268934676230442
YMR204C,0.5464307320024199,1.021818001093385,0.004322305274903102,0.07837978475510046,0.023311638366795867
YMR205C,0.5596491228070175,1.0242053386153556,0.2005476947157028,0.24328412873827998,0.09282494093841955
YMR207C,0.6282894736842105,1.0432241976177903,0.0026925643969388092,0.10328718078706428,0.030913089182374308
YMR209C,0.6979949874686716,1.0915680749361485,0.003958385901025471,0.10927857606685627,0.016789580287491106
YMR210W,0.7069377990430621,1.0704607173366802,0.0039644776820830716,0.1330721012597268,0.014655585342657554
YMR213W,1.278281911675741,1.4863070126948106,0.05320223661643493,0.2503918567297978,0.03298357315760695
YMR214W,0.5012531328320802,0.9848437808003153,0.0010582740490148294,0.1445832069132394,0.03661362572939047
YMR215W,0.9613237639553428,1.3202795623996932,0.020270494764902225,0.24394867738821432,0.024149590331265354
YMR216C,0.9354636591478696,1.169962716439077,0.09252184563948258,0.3090468911793962,0.07212969046221702
YMR217W,0.6517709367759019,1.0878147465266137,0.006386432714457629,0.2246136668156333,0.017422697470812903
YMR218C,1.1093117408906883,1.4402818594710127,0.05160062988235066,0.36067615543049447,0.09482726966766074
YMR219W,0.607962213225371,1.0203923531655223,0.0007462000264568456,0.37043134096412605,0.06744274237521934
YMR221C,0.5728274173806609,1.0748079863664484,0.002383498344407169,0.1490710184318098,0.014684210038191033
YMR223W,1.0581140350877192,1.3672186628543188,0.014034490077871801,0.22794754977378046,0.03006811516240844
YMR224C,0.7167919799498746,1.167538671948689,0.621919665382428,0.4760073888092505,0.13167110691177286
YMR225C,0.35146198830409353,1.0297295590385276,0.0004667932324213911,0.059845075924689795,0.009048022055938862
YMR226C,0.6144338118022328,1.0479423195670334,0.19395023430482075,0.3086632909264432,0.0493991467471327
YMR227C,1.162280701754386,1.411174706810363,0.015257957011188178,0.27388910527539473,0.0353654612850381
YMR228W,0.551487414187643,0.8759780185635847,0.17095458575141853,0.08479036870325063,0.06587466271717649
YMR229C,0.6973684210526315,1.209176242493025,0.0009746429754652033,0.45580116504502327,0.17620897375768915
YMR230W,0.989766081871345,1.279489215997741,0.00708988038385489,0.3993663593975297,0.10536088246105096
YMR231W,0.7613603681334483,1.1257923432490609,0.02056451221567843,0.3124271524888588,0.02938842030599945
YMR233W,0.45850202429149794,0.9491490989053013,0.001031176801730289,0.2935296042271635,0.043440256562418934
YMR235C,0.8942208462332302,1.2647875509360547,0.008345408951123758,0.13558052065318893,0.01856939746160491
YMR236W,1.3081140350877192,1.4718464294539166,0.1760281192133694,0.29220022616776237,0.050661712279531916
YMR237W,0.7850877192982456,1.2212766428444932,0.11665920749749324,0.36793363771902005,0.06418037666566927
YMR238W,0.594298245614035,1.0270659311022317,0.002767201956400933,0.15698629963443822,0.022574478465836247
YMR239C,0.8636363636363636,1.2758298933608532,0.3988761056700215,0.2730215197911475,0.13638490061409372
YMR240C,1.220810647307925,1.449729337689555,0.030942286505271945,0.25827804750859795,0.029105095198462147
YMR241W,0.36201079622132254,0.987238138727281,0.0007309038447356202,0.26687873815312324,0.04280622081923183
YMR242C,0.8070175438596491,1.255219755116959,0.0005369865336280948,0.5406183644849394,0.2595104052078162
YMR243C,0.3923444976076555,0.935971394002247,0.1820962953102628,0.19071784076689893,0.095312845077512
YMR246W,0.6812470365101944,0.9836466501194036,0.05724603501810627,0.08643706751963415,0.028827248180733577
YMR250W,0.487719298245614,1.0260340096050182,0.0012782750562073592,0.2789496404481515,0.036889179489440496
YMR255W,0.40148448043184887,0.9368536472760849,0.0006372173423669757,0.18499745352574232,0.04177609721829339
YMR256C,0.5361403508771929,0.9298177261335157,0.1731171487302782,0.2444907571701479,0.03908610581157955
YMR257C,0.6638596491228069,0.9425937344141359,0.015062836639225842,0.2026971737109886,0.04422057776854731
YMR259C,0.6228070175438596,1.0195782994313571,0.10482313335489077,0.11121050044369228,0.02799094357802767
YMR260C,0.756578947368421,1.1734908507828712,0.0035498158490865224,0.16086814660619836,0.025645411205042823
YMR262W,0.6233552631578947,1.0805707222053824,0.003254665450826097,0.09462417121130227,0.014329910465410496
YMR263W,0.7213622291021671,1.1592097615442265,0.0009178596447567389,0.2710255135983528,0.05159238127858112
YMR264W,0.7643540669856459,1.1951680548171777,0.00775470867977461,0.13009737661754928,0.014720264235488008
YMR267W,0.5119479733817301,1.0863928998788102,0.004591002095324061,0.09226732331030739,0.017243398113541794
YMR268C,0.8883040935672515,1.2684931176730023,0.008919309408306937,0.2556761246250483,0.031063973671679145
YMR270C,0.9042649727767694,1.2576419863217365,0.08360206220424593,0.2531201337401673,0.04700503583569987
YMR272C,0.7264752791068579,1.1951680548171777,0.0074090825331197515,0.10889971911904249,0.012982840900930409
YMR273C,0.7917176662586699,1.1240376083887882,0.005726057479474115,0.1755864779172125,0.0256055556044231
YMR274C,0.6679907315458458,1.216053902199413,0.004174965103923487,0.18200078057020933,0.015392045215490324
YMR275C,0.6228070175438596,1.1293625829444542,0.002404925673525176,0.24995553952491772,0.024110468998656927
YMR276W,0.8859649122807016,1.2886134799628641,0.008579347501597834,0.1469500268947532,0.02063309853422872
YMR277W,0.7443406904357668,1.2327905885114123,0.003936979177168384,0.13272738499629627,0.01716386004607146
YMR280C,0.5388471177944862,0.9608315379091001,0.0017739438272341634,0.1268370164684312,0.026131025972678048
YMR282C,0.3048245614035088,0.9318241480282266,0.0004584175061832421,0.07554830519159297,0.02520090198147313
YMR284W,0.551487414187643,1.0494789856815732,0.281650094837741,0.16006231011595834,0.05106419287335642
YMR285C,0.5103668261562998,0.9729673024684768,0.001530952152726873,0.20155565344293166,0.026521768942236172
YMR287C,0.5513784461152882,1.0657268170426064,0.07764816961878761,0.2762872757557207,0.04425820387715331
YMR288W,1.2667876588021778,1.4767591637044681,0.03789918612198084,0.26886267796266483,0.031190113374953983
YMR289W,0.6812470365101944,0.9638816928544462,0.05724603501810627,0.08552260478293847,0.030983057507051926
YMR290C,1.5466592011944755,1.6292012984735702,0.027730489772281385,0.29671107437826844,0.046058910845160284
YMR291W,0.5921052631578947,0.9884839249924499,0.12714224019356235,0.2876161381697726,0.06980130886735722
YMR292W,0.5728274173806609,1.007429068987531,0.002383498344407169,0.09817986873108564,0.015406494432634608
YMR294W,0.38421052631578945,0.9432911769715551,0.00016481688624811014,0.40651544203031903,0.06800649708144174
YMR295C,0.46453089244851253,0.8612971674997549,0.0009941114431181368,0.07643793509002178,0.02551417538263658
YMR296C,0.6776315789473684,1.0419789385587355,0.00729618746364731,0.2695670285934011,0.0451743196402163
YMR297W,0.6741854636591478,1.0806799080688547,0.07488908649077779,0.1553481809642622,0.039700013116024405
YMR298W,0.439922480620155,0.9708085208378421,0.0016337239918687767,0.09720523418098137,0.011992179910325765
YMR299C,0.6374269005847952,0.9817445839810122,0.005121498554095897,0.10724448616517374,0.04028471669324079
YMR303C,0.4751461988304093,0.9621174189636132,0.47130160243061725,0.25341548525942076,0.053848743972602156
YMR304W,0.8792569659442724,1.162374123932586,0.3523781579754012,0.3749700658302287,0.12493441834125713
YMR305C,0.6679907315458458,1.216053902199413,0.004174965103923487,0.18200078057020933,0.015392045215490324
YMR306W,0.27368421052631575,0.8733049279526359,0.0002871801750894038,0.07653120894012364,0.02930041863601412
YMR307W,0.24937343358395989,0.7953116288862793,0.00023398097855695647,0.18607715332080918,0.027039120943635978
YMR308C,1.2471620227038183,1.4729295772598991,0.13678472881607817,0.30514572864449674,0.04937660495665164
YMR309C,1.2982456140350878,1.456319133611154,0.12088151796339733,0.4225301628357812,0.08556342770295448
YMR311C,0.4890350877192982,0.935706854737923,0.0035386290403867384,0.15935792003652277,0.0443230748091859
YMR313C,0.728744939271255,1.1668451360960541,0.007448745743350272,0.23329576572763983,0.022087110400185954
YMR314W,0.7438596491228069,1.1709728867623603,0.005878051088835933,0.25299821183668725,0.03188574274713677
YMR315W,0.35526315789473684,0.8403577124629755,0.0005717237082972983,0.05492897720491957,0.029059316067759557
YMR316W,0.5964912280701754,1.0892969784458602,0.002404925673525176,0.18946115564407934,0.01654265349567521
YMR317W,0.3669590643274854,0.9362436267410844,0.0004658328031620133,0.21097499255255492,0.02956233653132897
YMR319C,0.6212590299277605,1.1487483223085035,0.27315388829444476,0.31906007929605384,0.08047523906147601
YMR322C,0.8293460925039872,1.1364096868947449,0.13763634783684126,0.1271638758148631,0.04279033668139644
YMR323W,0.49923722349351635,0.9264912597149438,0.02472727487530406,0.17552445144495096,0.0387774902049127
YNL001W,0.4859649122807017,1.0021137069238881,0.001032611714323587,0.16173887038138668,0.05779457976737771
YNL002C,1.482829413960433,1.5893482741660518,0.01677833753889405,0.2853444660249306,0.0434006835376156
YNL004W,1.2894736842105263,1.4525590517389364,0.0683610548092347,0.4189742002088674,0.0829217121016846
YNL005C,0.9070175438596491,1.2808607807579846,0.029480475077848813,0.25075875199868597,0.038251366791275755
YNL006W,1.1979949874686717,1.4288158918587621,0.14976967337897962,0.4672408592887546,0.09508925573226126
YNL007C,0.5370813397129186,0.9607485916208839,0.18266547473726563,0.36401557708475313,0.09455034782646848
YNL008C,0.4730576441102757,0.8845625128925401,0.04918591640514868,0.05719281708636154,0.02436541532289549
YNL009W,0.5670426065162907,1.0217438192820196,0.01739349566185363,0.09496863535924735,0.022731288728339415
YNL010W,0.662280701754386,1.1463214194907558,0.003388991143261222,0.2960005575441317,0.04671413341232858
YNL014W,0.6710526315789473,1.0836796383941405,0.06989755403889078,0.37903100726232797,0.053291838028467944
YNL015W,0.6517709367759019,1.0878147465266137,0.006386432714457629,0.2246136668156333,0.017422697470812903
YNL016W,0.9969040247678018,1.2628667347700242,0.5263977658185384,0.5115157168800447,0.15062468480133412
YNL019C,0.5103668261562998,0.9082614201155357,0.001530952152726873,0.10983203252976942,0.028858931363036182
YNL020C,0.8376007586533902,1.1786353095382134,0.029300039983527967,0.22376364682295,0.03205527560691361
YNL021W,0.37203302373581015,0.7780352195467728,0.11792639587215076,0.2513092700701041,0.055986211515717345
YNL022C,0.7296650717703348,1.0994892510658572,0.00711085251108444,0.17523266739102278,0.019854084668065933
YNL023C,0.9508771929824562,1.3185755163309343,0.000830981507111102,0.43227842260115695,0.1527482893768113
YNL024C,0.6242690058479532,0.9920647315618423,0.2115348461017341,0.17642382280421198,0.05283307856997
YNL025C,0.9403508771929825,1.3107035508351297,0.006213571821649064,0.15201417784533905,0.022592015215761558
YNL027W,0.5733652312599681,0.9853477030392712,0.12502710571146888,0.1627844684092217,0.035464580863394234
YNL029C,0.40350877192982454,0.7626231353785533,0.0006661126243265808,0.049587965059497745,0.03308875048892977
YNL030W,0.9777641778865769,1.2976517506847287,0.08970538564484877,0.3234017415235935,0.05650007007062838
YNL031C,1.2568339453284374,1.4252229532163743,0.33110737605016144,0.48048595141770395,0.10073320111595885
YNL032W,0.9122807017543859,1.2345168826589084,0.3671373524513074,0.577308932569794,0.23584181781157068
YNL033W,0.662280701754386,1.1463214194907558,0.003388991143261222,0.2960005575441317,0.04671413341232858
YNL034W,0.583859649122807,1.009537100326574,0.002285058861448065,0.2165429212267086,0.020994342797168372
YNL037C,0.7335258878904578,1.1540861921928567,0.06780034021244662,0.15392489597627707,0.03114669480382127
YNL039W,0.6591478696741854,1.143763706140351,0.004340924476376978,0.09408987369050859,0.017861606220434544
YNL041C,0.6368421052631579,1.1113375045745484,0.017645395705586812,0.15697800640902465,0.01814307247550672
YNL042W,0.3333333333333333,0.9070846324476088,0.0004847253447286076,0.21542955405426642,0.02623175374122295
YNL044W,0.7868421052631579,1.1775444011262723,0.04912131310606914,0.3538726068189765,0.0371624879319808
YNL045W,0.6350877192982456,1.0580945928699905,0.0027661414991640614,0.20150920812140136,0.031308877900158474
YNL046W,0.6679907315458458,1.216053902199413,0.004174965103923487,0.18200078057020933,0.015392045215490324
YNL047C,0.7659958720330238,1.1938433648959963,0.061199096521740555,0.34523441130296695,0.06896915835540646
YNL048W,0.7643540669856459,1.246251646148447,0.007626930316123296,0.14611047363011193,0.01469862262508563
YNL049C,1.064327485380117,1.3609597217896812,0.03947115559854628,0.38829399364154454,0.10394656594534582
YNL051W,0.6035087719298246,0.9931109035893266,0.0026773751717001576,0.0912458867127744,0.014164306242757496
YNL052W,0.6807128580946036,1.0846681751400444,0.0113777680879286,0.20924302700897485,0.019133775680647926
YNL053W,0.6077694235588973,1.049437890703771,0.29833728867745923,0.18806046523605757,0.05550623407707893
YNL054W-A,0.6506791171477079,1.104774790484672,0.0036888845895365068,0.1544298116700667,0.018383682015175352
YNL055C,0.7623281175912755,1.0967022056749591,0.12684062961270084,0.1351566053999441,0.041705985323870494
YNL056W,0.5789473684210527,1.1133047614467872,0.00047068578464077974,0.4238915332581396,0.12250363603004524
YNL058C,0.3014354066985646,0.9640684565820683,0.0002781134920809894,0.27658772059126024,0.04955365622884897
YNL059C,1.0739348370927317,1.353837877522088,0.010298445190673433,0.31304160163122896,0.04820665897044252
YNL061W,1.5253826054497948,1.6154666403788887,0.030175586977162213,0.2887638732573599,0.045496273313412855
YNL062C,0.756578947368421,1.2090464063384267,0.06061503324039088,0.1406681304464624,0.030175428831827958
YNL064C,0.8872180451127819,1.2916345182327547,0.8099728952111536,0.6671599205425253,0.26813407068847833
YNL065W,0.7069377990430621,1.0597738427617265,0.0039644776820830716,0.13144697495351607,0.014543281271294405
YNL066W,0.39792663476874,1.0116300115272154,0.0004548337845667982,0.2865449805443266,0.05034010789518628
YNL067W,0.7532894736842105,1.139842555105713,0.0026925643969388092,0.35281560730582745,0.05509726482587611
YNL068C,0.7549019607843137,1.2411125171119564,0.11853002772920664,0.20395766172131824,0.03486860626615516
YNL069C,1.3306636155606406,1.5130234745819364,0.005025390660215514,0.23782736975586866,0.04353157730244473
YNL071W,0.8208502024291497,1.1706361601332709,0.02187861150601051,0.32062425994584365,0.07389216402551721
YNL073W,0.37969924812030076,0.8507252506265663,0.14315310711670085,0.17918089996130285,0.07664632762794536
YNL074C,0.747453310696095,1.2220587411019561,0.08526543348866603,0.26880661519212173,0.04106282008719743
YNL075W,1.097165991902834,1.4091031883407363,0.008359540113095535,0.1880122813080286,0.025691661138822007
YNL076W,0.8408521303258145,1.2204653337769102,0.015995422938062505,0.21774091128244608,0.038532513940789055
YNL077W,0.6177944862155389,1.1093091070086254,0.0023314943830011732,0.1903858906887167,0.024820182313020786
YNL078W,0.9135964912280701,1.260957528501388,0.06222000315644343,0.3777001800070369,0.04427709521526055
YNL079C,0.554093567251462,1.0075859925004742,0.11264366637215732,0.13929482693207548,0.057685858663646575
YNL080C,0.662280701754386,1.1463214194907558,0.003388991143261222,0.2960005575441317,0.04671413341232858
YNL081C,0.5858395989974937,1.1286111467482198,0.0012252405864614476,0.10649345886837025,0.013497247488561848
YNL082W,0.6896929824561403,1.1169461081139835,0.0031294108194701792,0.17955521678694808,0.028332726688978273
YNL084C,0.8376007586533902,1.138764619883041,0.009342378359199679,0.2209705758326606,0.031474097575184615
YNL085W,0.7893551446183025,1.1378133167860702,0.13474853752060875,0.18166194621468365,0.04869334658201009
YNL086W,0.6907017543859649,0.9763108973635288,0.08566447065185724,0.35988981654284335,0.05385155861646256
YNL088W,0.963157894736842,1.3526130667578036,0.03147071345312303,0.2369791452579953,0.03492544269829703
YNL090W,0.7635964912280702,1.0970919822829006,0.023119150878825462,0.11361422303922575,0.02437782187110061
YNL091W,0.8262483130904184,1.2009488327763103,0.15345243938152142,0.23784309200929155,0.05132781940614607
YNL092W,0.6337719298245614,0.9974191527696602,0.0979081484518634,0.21075100956167603,0.05738960214538206
YNL093W,0.7201754385964912,1.0975444011262725,0.024293264239152193,0.25958781779164813,0.028565819472892218
YNL094W,0.7299498746867167,1.0577063652721548,0.013625687410447479,0.199406690837813,0.03419083629447156
YNL095C,0.531328320802005,0.9961027936409939,0.0020936720286966653,0.08612570450819862,0.014635167412994171
YNL096C,1.2437070938215102,1.4563208551674527,0.004263184196130259,0.22101626676374414,0.041258966134326905
YNL097C,0.6625386996904025,1.1592097615442265,0.0009178596447567389,0.2328005377521101,0.0455967646068325
YNL098C,0.7160087719298245,1.1243215081903655,0.5466235192871468,0.3963693126342642,0.12829606462677395
YNL099C,0.9122807017543859,1.3178502159922418,0.5671373524513075,0.5855926073077078,0.23489021885224667
YNL101W,0.8704146730462519,1.2806425678714668,0.010447591754324253,0.2024034102823346,0.01961530332620965
YNL102W,0.8382292941656466,1.1876913875598087,0.05958020988615377,0.1905747183210919,0.03231655266631283
YNL103W,0.4780701754385964,0.9500897805872383,0.21615210731296594,0.17382384154198305,0.08108543102007389
YNL104C,0.531328320802005,1.1063117544537802,0.28599324331344067,0.1883939284433603,0.11493616066683889
YNL106C,0.7271929824561403,1.1017022056749592,0.012159005778096473,0.1156465122284569,0.02836816834715453
YNL107W,1.0382205513784462,1.3396964633806738,0.05066755579787928,0.23920452800900704,0.049693516046213776
YNL110C,0.5739348370927319,0.9665130309230479,0.16038120384396648,0.16818043227006496,0.09201350184483446
YNL112W,0.8383458646616541,1.2566053296557147,0.013789908112131198,0.31689002318643517,0.05733389912993182
YNL113W,1.3734335839598997,1.5297931179050566,0.10889976242014783,0.34455223010242525,0.06239707663252357
YNL116W,0.5289473684210526,0.9910544831736333,0.19100199008265142,0.3056107089036186,0.09095074960787876
YNL117W,0.6783625730994152,1.119977427543217,0.0042963146422784594,0.2506051628952355,0.022455731977692135
YNL118C,1.0660818713450293,1.3295431787230634,0.1552950436628291,0.3275144624065693,0.05889015072731684
YNL119W,0.3521303258145363,0.86232670837934,0.25437350079240134,0.15473969722252395,0.03014172581575343
YNL121C,0.7236842105263157,1.2274715946193027,0.8266029696487737,0.5650053853780354,0.20818348900575165
YNL123W,0.9228586171310629,1.3721481211063524,0.009094843129718347,0.2575321160675207,0.03835326155126231
YNL124W,0.8850877192982457,1.2059881387272808,0.7006401850041083,0.6398887514998629,0.28915162054244936
YNL125C,0.5558213716108453,0.9931878907037709,0.09244004306181779,0.2154641532822548,0.047810483732562456
YNL126W,0.7254004576659039,1.0736048598074472,0.31261188666909806,0.5277194956106448,0.08887561424804206
YNL127W,0.8472886762360446,1.1580373146488512,0.01795744841358873,0.35443803517781886,0.05421005896363467
YNL128W,0.4201754385964912,0.8401009449842161,0.2689730338304354,0.26867324035402335,0.048522038721988195
YNL130C,0.7946570972886762,1.2516638482039903,0.027169467077522255,0.13050200671201898,0.017992630132120706
YNL131W,0.706029313790806,1.086468129571578,0.04036967895901307,0.22891044123969562,0.023711359994779357
YNL132W,1.4433198380566803,1.557227891616571,0.013157561884279044,0.2759643467983111,0.03734336117524405
YNL133C,0.583859649122807,1.009537100326574,0.002285058861448065,0.2165429212267086,0.020994342797168372
YNL135C,0.8157894736842104,1.2376346553743698,0.36119494680528536,0.45435473960935474,0.12490485348091292
YNL136W,0.5733652312599681,0.9098630573024381,0.0038149844993476765,0.09580637689892581,0.0384085436835751
YNL137C,1.1096491228070176,1.390239053724964,0.020265205823195114,0.25525862892638135,0.036222620791026804
YNL138W,0.9457088667614983,1.2158479532163744,0.1458668523836737,0.29447417370631623,0.05172799414386799
YNL139C,1.1842105263157894,1.407320956500841,0.03613465547757222,0.3763491065610673,0.0694270272947041
YNL145W,0.9327485380116959,1.2631180579501164,0.011631095377668661,0.29612547164838804,0.03564267558789693
YNL147W,0.9327485380116959,1.2684931176730023,0.024945844601508792,0.2735912246037569,0.0365914898454947
YNL149C,0.4331983805668016,0.9675578368999421,0.0010279289159550265,0.16184923159259326,0.02015388252999212
YNL151C,1.1234335839598997,1.3891905354086436,0.0045845080532938886,0.2980778063273912,0.04400420854814554
YNL152W,0.7287814129919392,1.0932838047499702,0.004159966694076405,0.10734346614860482,0.01666587308463658
YNL154C,1.3289473684210527,1.4518769750463116,0.8670253547796248,0.7563338417465546,0.3309280878270694
YNL155W,0.6027568922305764,1.0935386910768914,0.002738089339780643,0.18459365252270393,0.023568715274635776
YNL156C,0.6679907315458458,1.216053902199413,0.004174965103923487,0.18200078057020933,0.015392045215490324
YNL157W,0.8771929824561403,1.2600355390082925,0.08090718859724795,0.37035418515282026,0.07458221361623298
YNL160W,0.6603551561831408,1.1294640322489071,0.0032271694807393127,0.1306993346748329,0.013056592924533643
YNL161W,0.8075834748160724,1.107259190971058,0.12833915080023492,0.318724921145634,0.05856733252219673
YNL162W,0.413312693498452,0.8685823934837091,0.32380268803333645,0.17277789604375396,0.08666074098956585
YNL165W,0.7449874686716791,1.2082218257508177,0.007216113590565497,0.22626331117485743,0.022302598721711066
YNL166C,0.7635964912280702,1.1347893042023227,0.004687198216103567,0.20966375179889185,0.02050010077031123
YNL168C,0.5954790823211875,1.0734978523841534,0.002683208612290652,0.10216122769351621,0.01510477465572913
YNL172W,1.056140350877193,1.3600125313283207,0.2506197218808735,0.34398094062709905,0.08584002642234392
YNL175C,1.1424038820455393,1.4137931797481227,0.010226689465790601,0.19807731912948523,0.03114063583236644
YNL176C,0.7095141700404858,1.150845136096054,0.005106918324123472,0.1964883388302735,0.01770312799039484
YNL177C,0.4403508771929824,1.083058582955787,0.0060508840387344205,0.08917140825633388,0.014988179602079989
YNL178W,1.3230994152046782,1.536632073140598,0.24320099149496596,0.5001133650454374,0.16372857781398548
YNL180C,0.41959064327485374,0.8819035152202978,0.0007133671364996112,0.24384720955058184,0.03118236121106754
YNL182C,1.0312738367658276,1.332327237863484,0.003747440743698877,0.30958490663536836,0.05192031871841537
YNL183C,0.8051378446115287,1.2049054560330925,0.003958385901025471,0.2619942010971147,0.0308448006078893
YNL186W,0.5877192982456141,0.9307181463760411,0.3890968758252477,0.5989633822275787,0.13477500047104596
YNL187W,0.49614035087719294,0.8650250626566416,0.0014504820636114992,0.1600515221276871,0.02428014210089457
YNL189W,1.2183447749809306,1.4362242411584516,0.1344096243216622,0.29398893297863,0.060236472700233294
YNL191W,0.3521303258145363,0.7712792474688653,0.0004052468241473772,0.06173025887031541,0.03248163112665736
YNL194C,0.7456140350877193,1.1156700784945874,0.03369202144629153,0.20857146532305654,0.07884835153414914
YNL196C,0.43301435406698563,0.955914204264952,0.0006962320009782491,0.18937215579424074,0.04864314155395637
YNL197C,1.5359152598477324,1.6368815094676985,0.985669885278089,0.7793771240537929,0.3732848272321282
YNL199C,0.4138755980861244,0.9041559981033664,0.0007159175360117056,0.1934068127593758,0.026452874405856693
YNL201C,0.8596491228070176,1.1266598382183002,0.15544829593971682,0.4266156330138746,0.08405679451024209
YNL206C,0.6087719298245614,1.0322883931183526,0.0020721641818900603,0.09954044240837143,0.026501014376614375
YNL207W,0.7659958720330238,1.2099418497444812,0.008666416783178463,0.38721743922256757,0.06707752023584547
YNL209W,0.9342105263157894,1.218086646540594,0.3734015140233287,0.4551622142413822,0.15366095824255047
YNL211C,0.6177944862155389,1.1093091070086254,0.0023314943830011732,0.1903858906887167,0.024820182313020786
YNL212W,0.967304625199362,1.3175237931429882,0.04977735673946997,0.2848095956857954,0.05392063021410153
YNL214W,0.8567755595886267,1.2572603303207086,0.020015328726547238,0.33525857321022207,0.051695507210713046
YNL215W,0.931077694235589,1.2889028125870232,0.0062063145112411676,0.25814246137335883,0.03664574517863847
YNL216W,0.8914473684210527,1.2806385762742325,0.019355837529069053,0.15691132105443428,0.021416720658840524
YNL217W,0.5797448165869218,1.0116300115272154,0.34590937923911225,0.17768497964662167,0.1384409552984198
YNL219C,0.5096899224806202,1.0969299839158269,0.01843811606460856,0.21374146093185115,0.024352497960717607
YNL220W,0.49614035087719294,0.8322939812217109,0.0014504820636114992,0.11257013706607807,0.0266288331529137
YNL221C,0.7154282765737874,0.9791434468524252,0.04503013203761908,0.3482460901982703,0.06708429171908446
YNL222W,1.2721052631578948,1.4437718165966271,0.10099705216884065,0.31582602205473487,0.06129179918243638
YNL225C,0.8869468447237496,1.2041692096570755,0.0124044122816008,0.14754072766162696,0.022591840367950748
YNL227C,0.6491228070175439,1.1559349475617418,0.0012597710412775096,0.22416742494765057,0.0668139602174631
YNL229C,0.8098086124401914,1.0841707515086818,0.7099382020099929,0.679903127043681,0.2128917328788928
YNL230C,1.060391363022942,1.2936875771518348,0.29141361711856123,0.4165094175588969,0.12701911933004503
YNL232W,1.2183447749809306,1.4144439381281488,0.010924544744174338,0.32518412887255743,0.05320367338333535
YNL233W,0.3695175438596491,0.9363791754068141,0.00040251992651621835,0.15079533224955075,0.027604557631817198
YNL236W,1.4403508771929825,1.567113807245386,0.016962026696825408,0.2714899230631874,0.041767335655752164
YNL238W,0.41040100250626566,0.9340491324219728,0.1431078853937057,0.14051502423875176,0.060839292752119675
YNL243W,0.9727358937885253,1.2338674337358548,0.06805800790816255,0.3734995165227658,0.048885234356400915
YNL244C,0.8066188197767145,1.1825759500101605,0.025057066652908896,0.24301232533783773,0.02866348680479989
YNL245C,0.8759830611010284,1.3150752593735051,0.006939092842590603,0.1347944000520861,0.014462722974881199
YNL246W,0.7917176662586699,1.1921234634204558,0.05090614501836564,0.20965921121109007,0.02908898773308395
YNL248C,1.0162907268170425,1.314959358314264,0.01646462710882697,0.2273786126779197,0.039217479722462104
YNL249C,0.44183829138062547,0.9140334425590693,0.4669924572889316,0.09022342012863521,0.05590943036413181
YNL250W,0.8421707253207645,1.2262006309212334,0.020925910247226148,0.1619863849812347,0.0179413428899359
YNL251C,1.0444317315026697,1.3390958627800733,0.027389544220793007,0.22208265721776943,0.04388028930349894
YNL252C,0.8847953216374269,1.2808607807579846,0.013392382302941397,0.250551602947811,0.03631968872453914
YNL255C,0.7727272727272727,1.164718782249742,0.001906408700324564,0.4085149039907323,0.08473357105434777
YNL258C,0.6629997123957434,1.0611765512201075,0.005313353584485516,0.11471695400755842,0.020590264417733355
YNL261W,0.8847409220726234,1.1966469222885392,0.039597957830439616,0.2276544142550227,0.03574077276217882
YNL262W,0.8149734802121583,1.1921234634204558,0.06237993166420373,0.15263693094560626,0.029585371330611336
YNL263C,0.8868421052631579,1.2147857804366173,0.1432720307881287,0.43860225360821403,0.05125266846459943
YNL264C,0.5526315789473684,0.9924983223085035,0.0011995741687372086,0.23527819923953894,0.09494393783160061
YNL265C,0.8520733652312599,1.1907127969819589,0.05007468469378275,0.32787393941986787,0.03534148388329753
YNL268W,0.7368421052631579,1.2321370353875396,0.005160264765365429,0.1066370298711485,0.011839278086636283
YNL271C,0.8370927318295739,1.168817476383266,0.2898602553116821,0.2657585897924078,0.07241358799998442
YNL272C,0.41700404858299595,1.073615192804346,0.00031857860029939296,0.10263408122693851,0.027514049958321088
YNL273W,0.8382292941656466,1.2207392575642004,0.016121226240838643,0.25849799892817965,0.02926430140590819
YNL277W,0.7211779448621554,1.055771735006716,0.0050189420390180485,0.12103087655172329,0.01636949230997656
YNL279W,0.7188995215311004,1.1951680548171777,0.007518055332818502,0.10248251938805825,0.012840427950827848
YNL281W,0.5737874097007224,1.0410756542519088,0.04530726919581745,0.2527645316739001,0.05138474122969046
YNL283C,0.9649122807017543,1.3387224012411982,0.008273810359032362,0.2092317401493153,0.023952468427603527
YNL284C,0.795906432748538,1.2407270014937706,0.028819777643907425,0.21013498658598162,0.033310896208127105
YNL284C-A,0.747453310696095,1.1847453082661352,0.0367908578850582,0.3186269549687623,0.03908719343134074
YNL286W,0.852994555353902,1.2764472207454665,0.007383797581788172,0.11565107889257953,0.013847293186113215
YNL287W,1.1008771929824561,1.3240587009057871,0.06542786832467809,0.4264472956205391,0.07816315507593807
YNL288W,1.0954790823211877,1.3578115778743496,0.09476914831361496,0.4043766046056359,0.07582997496292646
YNL289W,0.7875667429443173,1.1485247932831353,0.462485227442475,0.20918157504539187,0.06621728838959812
YNL290W,0.8843700159489634,1.1848437808003154,0.12530571860349785,0.43856225412127864,0.09136129704350461
YNL292W,0.6528822055137844,0.9682158012462909,0.002789612191009502,0.10464925612753417,0.03047776215193658
YNL293W,0.8013784461152882,1.168817476383266,0.14160187788663794,0.35408057916182906,0.054421541309051226
YNL298W,0.8635964912280701,1.2315457637955056,0.051220059131464976,0.2892985164140258,0.03750787623939996
YNL299W,0.6966056445461479,1.1209830130882763,0.0038213630115459655,0.0884023665865832,0.019089561597542635
YNL300W,0.6679907315458458,1.216053902199413,0.004174965103923487,0.18200078057020933,0.015392045215490324
YNL301C,1.1567505720823799,1.4068185683770302,0.003289468405815545,0.20514961480711735,0.03891928068800588
YNL302C,0.7437070938215102,1.224278885837348,0.0022788751019974613,0.11805306715585995,0.028090470740584808
YNL304W,0.6368421052631579,1.0633980596628578,0.0035873119837692823,0.1992359239576303,0.01712629658982992
YNL306W,1.1096491228070176,1.390239053724964,0.01983369553279066,0.25400123272626757,0.03626650676145983
YNL307C,1.0989974937343359,1.3457268170426064,0.892151952875063,0.7209957915092551,0.27482700582916986
YNL308C,0.989766081871345,1.279489215997741,0.015423213717188224,0.3866186288105086,0.10571099575767305
YNL309W,0.696078431372549,1.20781835338301,0.004448031294269025,0.16598332318364156,0.017511601919866525
YNL311C,0.7091356439880188,1.177057953734766,0.0032271694807393127,0.23241663881066388,0.02113824535053644
YNL313C,0.8931958274063537,1.3151674641148325,0.007148096281676416,0.18269427735332655,0.023589454917653224
YNL314W,0.769423558897243,1.190333507034914,0.017450449393088964,0.14287310853447155,0.02998688807106039
YNL316C,0.4265350877192982,0.9728126061293887,0.0007608512626089609,0.15883128466125604,0.028012964839045952
YNL317W,1.2321052631578948,1.4227634132352827,0.044131598327580346,0.3204050704655994,0.05534535115703905
YNL325C,0.7532894736842105,1.1056545209176787,0.1276925643969388,0.14991117164233325,0.06924663505747548
YNL326C,0.5728274173806609,1.029118854611743,0.002383498344407169,0.11964564431679785,0.01486424246300226
YNL329C,0.7188445251058682,1.1675117809976912,0.002182682445625101,0.26304003558634137,0.036640437678020915
YNL330C,0.8978328173374612,1.264668818616187,0.07117929755325349,0.33342547801355776,0.07553399668945765
YNL333W,0.8520733652312599,1.247044814479025,0.13878152049364187,0.2078363186963278,0.037907710830404936
YNR002C,0.7294926505452821,1.0085203670094778,0.057926860277014935,0.08933025958562867,0.02981996085754152
YNR003C,1.2305764411027567,1.4431058114035087,0.026968893906400563,0.3189815197121687,0.051766793640577735
YNR004W,0.5504385964912281,0.8810414100129624,0.0018936556982402071,0.07568558537459753,0.02787779119941046
YNR006W,0.6375438596491227,1.0572474857014331,0.0032962843470449917,0.19089895533946982,0.03024196946063501
YNR007C,0.48717948717948717,1.0041452009653764,0.0008150294528699447,0.3315096834006008,0.05830463947905856
YNR010W,1.2736842105263158,1.4654877909852235,0.006885734433600296,0.24220890331360856,0.03478484688817185
YNR011C,0.9219600725952812,1.3258173262953472,0.008279921969741866,0.1462824621866769,0.016505094763986233
YNR012W,0.5921052631578948,0.9353186961486557,0.08522698903157354,0.09437429967445121,0.04636545864560598
YNR013C,0.48684210526315785,0.9430836860438239,0.001411246041515561,0.22969694226373738,0.030055889144400248
YNR016C,0.7532894736842105,1.211527142919333,0.18324811995249432,0.20961462710840395,0.06741189051715381
YNR017W,0.8326115922718187,1.199160928763233,0.21840988009546375,0.37122731309493123,0.04330571357631068
YNR019W,0.6472431077694236,1.0909220288586847,0.111714609752843,0.3723610956676543,0.06674320140490031
YNR022C,0.7521929824561403,1.2267022056749592,0.04479607748613684,0.23430463913768176,0.04496081500017112
YNR023W,0.9087719298245615,1.2242075850375445,0.009747602778381288,0.38885496685474885,0.06608470127781246
YNR024W,1.1748665141113652,1.393944829393746,0.04688019660295418,0.285060704287246,0.05204126200375418
YNR027W,0.49760765550239233,1.0916345182327545,0.18263259478712435,0.31171018777318393,0.09366184978596206
YNR031C,0.6188197767145135,1.0061958432903966,0.0016504823348455122,0.4234661369859398,0.04553599987601129
YNR032W,0.6929824561403508,1.1266598382183002,0.05196245715976038,0.27211364195145293,0.04563577254987219
YNR033W,0.354881769641495,0.8374016085442275,0.0005892952335956542,0.055300570153441385,0.023727969829181777
YNR034W,0.7006102212051869,1.0808777344596059,0.004975346019550098,0.261998133001556,0.037943788347578555
YNR035C,0.9997629208155524,1.2466812865497077,0.056761171611326273,0.4147240102142482,0.05234903831591181
YNR036C,0.7048872180451127,1.2078066212925316,0.0076648949951237414,0.13641275722922303,0.01933850855678387
YNR037C,0.9191729323308271,1.296489053724964,0.0026120629488935667,0.20927635193871896,0.02752787498462717
YNR038W,0.531328320802005,1.0053502159922418,0.00027895759915497176,0.3141367066008848,0.0907319079411958
YNR039C,0.7057265806024495,1.233903527525674,0.04191081416052726,0.20130299288954334,0.03073192792274404
YNR043W,0.4138755980861244,0.8580136760059882,0.0007159175360117056,0.09979318192282292,0.027219148405457607
YNR046W,0.6210526315789473,1.0260340096050182,0.19651637029430263,0.18212169467278655,0.092811375209196
YNR047W,0.7440884820747521,1.1669321562283133,0.2257922103146753,0.3027371498342648,0.04995833029414025
YNR049C,0.5810324992809893,1.0335343314766607,0.004431602844851155,0.08122008789463357,0.012885639579345912
YNR050C,0.7549707602339181,1.1757733374532222,0.006618523774187969,0.11997735674412727,0.016052296983985317
YNR051C,1.530701754385965,1.6786918497444812,1.00233963857316,0.7759986445227991,0.47698137375352534
YNR052C,1.057017543859649,1.341144911207683,0.10576999362215257,0.3829385237476173,0.07140939020864881
YNR053C,1.2051868802440886,1.4294556162418623,0.0440793310755892,0.362224588005377,0.06899265538030028
YNR054C,1.1163967611336032,1.4157426163284788,0.012170857595445131,0.18470609806479116,0.026696383758167914
YNR064C,0.3669590643274854,0.9362436267410844,0.0004658328031620133,0.21097499255255492,0.02956233653132897
YNR065C,0.5370813397129186,0.9392432152767978,0.3281200201918111,0.16674291424031423,0.09245846151859384
YNR068C,0.25087719298245614,0.7598219405000948,0.00016481688624811014,0.0362861456656287,0.038298910455296764
YOL001W,0.6140350877192982,1.0536206869374696,0.1327052957070534,0.3179649791647352,0.07779833826455781
YOL003C,0.7643540669856459,1.2024291004077425,0.007659379295967707,0.13663365166154964,0.014690522288807715
YOL004W,0.8390092879256965,1.2404522943996628,0.15786230408920116,0.28035911602022545,0.07488977577450581
YOL005C,1.2604697226938313,1.4604129661337901,0.041014203028585786,0.3875245972088282,0.06491610968654925
YOL006C,0.7684618523051816,1.162871762740184,0.0500869787676385,0.18115529906475034,0.023720413681042742
YOL010W,1.0202429149797572,1.3665001920860544,0.010196833884453235,0.15920754387530633,0.02342981167597122
YOL012C,0.8596491228070176,1.2774742411584517,0.003854756604127705,0.2211706512612659,0.0315945022249775
YOL013C,0.8170426065162907,1.1910713471001135,0.2050037249387495,0.288115003958427,0.06283939492849763
YOL016C,0.706140350877193,1.1381661353870973,0.036306896652860465,0.26223116566298843,0.029519193382511272
YOL017W,0.5363408521303258,0.8648225060883863,0.001633991974162535,0.06601287010101975,0.041337090600122944
YOL018C,0.7535087719298246,1.117124820706692,0.07346075592735052,0.2248025414255806,0.036951374379176526
YOL021C,1.2618230358504958,1.4362242411584516,0.013712957700230744,0.3390665313398071,0.05621417998531962
YOL025W,0.7579161317928969,1.1497731267604983,0.005666193870983215,0.20852066919290319,0.030217497065569202
YOL027C,0.9736842105263158,1.3262580064830793,0.1455956000455866,0.2411175672138011,0.04844267855321611
YOL028C,0.5354251012145749,0.9671671169233194,0.15487733064788414,0.3405731874812627,0.08066173522609453
YOL029C,0.6896929824561403,1.1267022056749592,0.0031294108194701792,0.1701252286106065,0.029937497562486814
YOL034W,0.8026315789473684,1.2287189913784196,0.29929566647740213,0.48919928540394414,0.11068729420571659
YOL038W,0.7724310776942355,1.1778195221301226,0.011857776312258636,0.2657257822040589,0.03551700529997525
YOL039W,0.7176113360323886,1.200571582016265,0.10277046016077783,0.36936689147993335,0.07483368294486749
YOL040C,1.1784897025171626,1.418595322089268,0.0047272065312873365,0.20623819832605123,0.0396307040906162
YOL041C,0.983468286099865,1.3246399581042159,0.08253083323577741,0.45565428275727715,0.10288090333168189
YOL044W,0.8912583182093163,1.2444057203916308,0.036723107811173626,0.34062371474742775,0.05555739707997763
YOL045W,0.4138755980861244,0.8145263684737368,0.0007159175360117056,0.07125440413755149,0.029212192737985674
YOL049W,0.8154080854309687,1.292132083806639,0.006139736305822918,0.2443403736548997,0.02754397196940048
YOL051W,1.3403508771929824,1.5030112431428222,0.008742397830778265,0.25279182645662956,0.03748950823101248
YOL052C-A,0.7393025246041934,1.2175075895036338,0.005163661045510453,0.20622276356260338,0.017029479476739887
YOL053W,0.5363408521303258,0.9351521764180566,0.001633991974162535,0.145408248304272,0.03474286074855919
YOL054W,0.8272453521864361,1.176171781177487,0.008852024510173742,0.13284429200274162,0.016374063255479507
YOL058W,0.38847117794486213,1.0345168826589086,0.00027895759915497176,0.17555250102366707,0.05821145229071625
YOL059W,0.5080091533180777,0.9379638341664216,0.16702558890888727,0.07545731266711125,0.04126187203985429
YOL060C,0.7478070175438596,1.2243730319388213,0.003880122804341954,0.33966409682309356,0.07189293903403184
YOL062C,0.5949656750572082,0.969532461617402,0.08795063318224856,0.4349860067102431,0.06039928768049019
YOL065C,0.4407894736842105,0.8863378779646722,0.0009515818121015821,0.06763842410142751,0.02248101795027163
YOL066C,0.8154080854309687,1.292132083806639,0.006139736305822918,0.2443403736548997,0.02754397196940048
YOL067C,0.4225146198830409,1.0400897805872382,0.11811289162669142,0.3188844784097738,0.04980376227408373
YOL068C,0.861485108119135,1.1876913875598087,0.013477048951395818,0.236933437981582,0.03598650121172198
YOL069W,1.1257528148730034,1.3827011352478245,0.12210594804118713,0.35265007137864907,0.048181896256053104
YOL070C,0.3961988304093567,0.9024167101558525,0.00047536263733172245,0.2895438492080593,0.060678325002248595
YOL072W,0.8497807017543859,1.2663783267198652,0.006789833360598136,0.139386255340577,0.018194626602962533
YOL076W,0.48245614035087714,0.8953288869556811,0.08428491514543492,0.13660067508813348,0.036934254093223366
YOL077C,1.4402762224710712,1.5648882169191094,0.013078154604281206,0.2799708943198401,0.041653368804659724
YOL078W,0.8248194014447885,1.2099418497444812,0.06242458671781898,0.410375297146939,0.08287119055792863
YOL081W,0.5239234449760766,1.00848290199494,0.0006962320009782491,0.38450872246311657,0.07232206891618734
YOL082W,0.8015350877192982,1.1609003804240596,0.3299275179292756,0.497408180889066,0.1386881009299256
YOL083W,0.7082740635372213,1.0299808941995492,0.15934813712020837,0.09766957934008334,0.03766391516430812
YOL086C,0.9381977671451356,1.2235135051250419,0.11989347534961567,0.38293384021817733,0.07227641558016488
YOL087C,0.8399122807017543,1.239684704210767,0.06526479169449716,0.20880937767736374,0.03774379737822709
YOL088C,0.4398496240601504,0.8266595912687243,0.42404350478808084,0.09848413163464687,0.1157029669158304
YOL090W,0.7938596491228069,1.2105731734168947,0.016099005752579207,0.2214261975273148,0.0343898759417289
YOL091W,0.9615737103953914,1.3063478588945483,0.07751526163335408,0.22103883607000918,0.029808706736243473
YOL092W,0.696078431372549,1.20781835338301,0.004448031294269025,0.16598332318364156,0.017511601919866525
YOL094C,0.9298245614035088,1.1989463449028794,0.09283818613596538,0.4617363329041627,0.09779778560182269
YOL096C,0.38784461152882205,0.7712792474688653,0.0056962521151526675,0.09081787997626711,0.03937001872488746
YOL098C,0.7200956937799042,1.1920579146730463,0.10696610663498592,0.39160470931048347,0.0870607928747528
YOL100W,0.6907894736842105,1.116450742240216,0.0026925643969388092,0.2822922181437088,0.04062833055943593
YOL101C,0.7393025246041934,1.2175075895036338,0.005163661045510453,0.20622276356260338,0.017029479476739887
YOL103W-A,0.6517709367759019,1.0409713121831794,0.007140033250351344,0.13687979723809027,0.017966424043328204
YOL105C,0.8771929824561403,1.311579544098341,0.0056490141722061,0.18283316129713145,0.019068608950398656
YOL107W,0.5103668261562998,0.9827712240371043,0.001530952152726873,0.20316273108915942,0.02641306909641944
YOL108C,0.7558479532163742,1.1043754948729525,0.5266096236528353,0.5963071556768709,0.18497501250161608
YOL111C,0.5870445344129555,1.0208911702332755,0.05743818532621142,0.43088438015256886,0.05919643424068922
YOL113W,0.9342105263157894,1.2073835715847625,0.30471799273204303,0.348262721984205,0.07474277553080215
YOL115W,0.8270404271548436,1.2402015138857245,0.005889776119041804,0.1337211894759362,0.02847006157864665
YOL120C,1.1377192982456141,1.4328144632137372,0.0009405462426145481,0.4357902178447026,0.15869913555879175
YOL123W,0.4298245614035088,1.1190697382588914,0.23958885228879195,0.21507252861403636,0.08379573147488008
YOL125W,0.6783625730994152,1.0268940403421827,0.007418007763971581,0.11509205103672122,0.02343183549155651
YOL126C,0.8765664160401002,1.237117132765908,0.03526350053947344,0.29138568648228597,0.04372598076397826
YOL127W,0.5526315789473684,1.0594167969428523,0.00029967098386599717,0.39903717953992623,0.1775794692100129
YOL128C,0.7771929824561403,1.104060696240997,0.11593708718638684,0.12310115472649105,0.054535716134770554
YOL129W,0.642594859241126,1.102402412475726,0.003729181085438747,0.22939595405344387,0.024100220709009537
YOL132W,0.7946570972886762,1.2571981300051474,0.011070598524200653,0.15210985842978247,0.016740280621464553
YOL133W,1.1481600342319211,1.3821994306153735,0.3471763300762414,0.47772434584978457,0.11017393804564252
YOL135C,1.473684210526316,1.5909233310549098,0.00966019509505786,0.28513045157262884,0.042521790800390216
YOL137W,0.7636927685066325,1.237321531753241,0.005163661045510453,0.23727195548016497,0.02537703279397959
YOL139C,0.9868421052631577,1.2936295657175725,0.14143710137821186,0.3375877252134778,0.07788102941236039
YOL142W,1.2183447749809306,1.4144439381281488,0.008121881485091562,0.3293615845000284,0.052885658130784365
YOL144W,0.6741854636591478,1.1511835493255753,0.00027895759915497176,0.4546395525050215,0.12816167218634847
YOL145C,1.0964912280701753,1.4071585213032582,0.007709289691699284,0.3316862574022942,0.04733067265290132
YOL146W,0.7917176662586699,1.1833479532163742,0.0039920903838884265,0.22884772340166604,0.022738051064499384
YOL147C,0.7533272837265578,1.2088665047053562,0.013113062957286401,0.26516154406068415,0.04120993504130678
YOL148C,1.2456140350877192,1.4444387400743963,0.029215516304753386,0.3004149272961265,0.04050688936764273
YOL149W,1.1105263157894738,1.3436078763320647,0.08463140875676992,0.36914731119472993,0.0583208994421579
YOR001W,1.2618230358504958,1.4594097250294196,0.02777552008295123,0.33162096472445335,0.05689144002041881
YOR005C,0.6453634085213033,1.0742053386153556,0.3746669181296808,0.24844867534643364,0.11911411576755583
YOR007C,0.6255060728744939,1.069167032302241,0.1651304930185191,0.46605086530708845,0.0707263729375133
YOR009W,0.5508771929824561,0.9268704472065104,0.2008038031522175,0.15956261217025433,0.10728541019087084
YOR011W,0.7393025246041934,1.2175075895036338,0.005163661045510453,0.20622276356260338,0.017029479476739887
YOR014W,0.7485380116959064,1.1266598382183002,0.11895592121204795,0.21777488359769884,0.06376237767434044
YOR016C,0.976475279106858,1.3019411350587653,0.024165843599308102,0.22609107069637385,0.025247044941427703
YOR017W,0.8296221322537112,1.2398573494085636,0.07612057682552097,0.2962577939313922,0.07511180081059161
YOR018W,0.8220551378446115,1.2412415282896463,0.19543235918388072,0.2666887574626945,0.06209680056343064
YOR020C,0.6542200094831674,1.0275152138050405,0.003191980964052213,0.09890099799198555,0.015486827824445513
YOR023C,0.8706140350877193,1.2618095089014756,0.007756365360713781,0.13572871591669664,0.019902375916666507
YOR027W,0.9396929824561403,1.2784263436059935,0.13229607748613684,0.44984523343219485,0.0886674176735859
YOR028C,0.7053429027113238,1.0343955215374767,0.30650434685893335,0.23513402413618273,0.089315226268387
YOR033C,0.7393025246041934,1.2175075895036338,0.005163661045510453,0.20622276356260338,0.017029479476739887
YOR034C,0.6201754385964913,1.0116805267807227,0.003502209471110728,0.12140735467300309,0.015657781198639784
YOR036W,0.6466062697727926,1.1076330775581653,0.04020812084958313,0.14620270419910195,0.01978784163589431
YOR038C,0.9087719298245615,1.2091925700225294,0.20799321681346902,0.2497050229463614,0.07104154920522827
YOR039W,1.2964912280701753,1.4889767031214398,0.05510483794931652,0.3847991846826448,0.07157876669446284
YOR042W,0.6491228070175439,1.1446032246556843,0.15176481187551666,0.2512782113168498,0.033480877263352346
YOR043W,0.551487414187643,1.0420114532140405,0.2539821106480177,0.18675797087751173,0.04975076456660434
YOR046C,0.5684885290148448,1.1646985211847518,0.0007446747072681871,0.19728247413690764,0.04570523019871592
YOR047C,0.7769423558897243,1.0808315379091002,0.3541548962081866,0.3087464500694691,0.11476473133384688
YOR049C,0.5909090909090909,1.0575759251068848,0.001906408700324564,0.12005579837348607,0.0448140075072843
YOR054C,0.863157894736842,1.2910294890451937,0.005502492657316043,0.17133903194640548,0.022913745357182703
YOR056C,0.9535087719298245,1.3110788283930768,0.10012074112813063,0.3285912543115473,0.08005044429296168
YOR057W,0.5502392344497608,0.9343520765347391,0.334049250869345,0.18736385731888205,0.08752310670123498
YOR058C,0.6823308270676691,1.1202927068426352,0.0025965939432820956,0.29244363003029794,0.05092657404933422
YOR061W,1.563157894736842,1.6404918546365916,0.191258907379248,0.45578077541584666,0.10524729584366496
YOR063W,0.8114035087719298,1.1615183520158097,0.0008143859600854421,0.5356536249074828,0.19478367102569247
YOR064C,0.5087719298245614,0.8252200346033596,0.4100228377705254,0.3816170534403208,0.055324237039147815
YOR069W,0.6658506731946144,1.1154353484223818,0.030952701996667303,0.19982381488006562,0.02877154342506967
YOR070C,0.6201754385964913,1.0308777344596058,0.003315269342154542,0.12927093728773828,0.015520510817022774
YOR071C,0.7393025246041934,1.1046473744498704,0.005163661045510453,0.12221549722664585,0.017361728249270566
YOR076C,1.2183447749809306,1.3746170983013088,0.019175113345533457,0.3132561611413606,0.05355048066412104
YOR078W,1.174089068825911,1.4225346748446754,0.008228524318251438,0.21222319846844567,0.02817357874765912
YOR079C,0.7113237639553428,1.1083259495540196,0.007449649797838807,0.09341172529348754,0.01248373547684351
YOR080W,0.8382292941656466,1.2311257309941521,0.08500830420467825,0.2361960500759624,0.03241552614540299
YOR083W,0.41929824561403506,1.0857325864165364,0.04278534901972072,0.28311111533151373,0.07293558000478945
YOR085W,0.5087719298245614,1.0372792815125833,0.11242540928397045,0.2506337442065203,0.055348730227035126
YOR089C,0.6701754385964912,1.065642560635475,0.011658455716315904,0.2025523955723963,0.022193678007084675
YOR090C,0.5900809716599189,1.0039694934666041,0.0022204918478908524,0.10793416118608602,0.03125637299337181
YOR091W,0.6885964912280701,1.1564444600598067,0.0025037494129137817,0.32435769009139553,0.04695222564240359
YOR093C,0.6798245614035087,1.0892408112960617,0.35625940259099653,0.3671145015055301,0.06609819150906218
YOR094W,0.7479757085020242,1.0718327904170417,0.11822909026982482,0.1058020163538394,0.03867735891354584
YOR095C,0.7384370015948962,1.1907127969819589,0.007615206187792618,0.1678946728652213,0.017100243961448935
YOR096W,1.0868421052631578,1.3407230971677802,0.027535707114525187,0.40342379617668533,0.09330965480142064
YOR097C,0.45864661654135336,1.0291345182327545,0.0004947266289623725,0.290390590995189,0.07850842907869321
YOR098C,1.0510835913312693,1.3916870444044631,0.01775315022945327,0.24127878470624828,0.030046916204074348
YOR100C,0.46228070175438596,1.0374941116566054,0.22909722817788952,0.3412503879210358,0.06098532569392492
YOR101W,0.354881769641495,0.8091373996348573,0.0005892952335956542,0.0470140441549165,0.02515162544731174
YOR106W,0.8597210238711532,1.1869434223857516,0.08132227241901385,0.3671183555355179,0.04153722631211827
YOR109W,0.6375438596491227,1.0892987677527153,0.0028518399026005474,0.2358209381123874,0.02925596917300545
YOR110W,1.0511695906432748,1.4419769447599815,0.09986058531834112,0.3202180816353671,0.08323760108305346
YOR112W,0.8942208462332302,1.3384455786982308,0.012608612106450123,0.14560058727260772,0.018648533836614786
YOR113W,0.5758145363408521,1.0000129379495937,0.001824499862733104,0.2691360441854658,0.04001551267456358
YOR116C,1.1591478696741855,1.4062637061403507,0.06985753084265654,0.29895240687348623,0.04892851764801711
YOR117W,1.5921052631578947,1.7084776989495682,0.8846901559113282,0.7094125127250842,0.3768163036385516
YOR123C,1.0298245614035086,1.3731962571523146,0.006364561622833284,0.2923338786367838,0.04019662978368173
YOR124C,0.7543859649122807,1.110587879387142,0.12232635085810825,0.31448629589556604,0.06173077310256874
YOR127W,0.7558084400189663,1.1891769466957436,0.004159966694076405,0.2062617626438248,0.020113976802324282
YOR128C,0.5354251012145749,0.9328889363036754,0.15487733064788414,0.18659071704238317,0.08159001348383059
YOR132W,0.6701754385964912,1.0897012638713706,0.013070832938039283,0.20421541181144984,0.022230347994643927
YOR133W,1.2175201517306782,1.4385007974481658,0.05588970291353296,0.339405683079697,0.0542620172910816
YOR134W,0.6783625730994152,1.119977427543217,0.0042963146422784594,0.2506051628952355,0.022455731977692135
YOR136W,0.9742769084874348,1.3218341307814991,0.013237265393291349,0.20145047130034868,0.03162330278073819
YOR140W,0.4013157894736842,0.9990689639700273,0.0004229661745233375,0.3229859689179538,0.06772944561890851
YOR141C,1.0025062656641603,1.3261698933323647,0.006657729645195984,0.28733681687846585,0.042435396394470803
YOR145C,1.097165991902834,1.4026113031971656,0.00861607816480825,0.18513496088831483,0.02574822479711697
YOR151C,1.3249858517260895,1.4939627496835737,0.13136913483513046,0.3742972102721987,0.07551371311574787
YOR153W,0.9122807017543859,1.306458250297802,0.00661574452206699,0.18615909886173598,0.020949096031367753
YOR155C,0.6885964912280701,1.1459239727951336,0.0025037494129137817,0.31911855067835637,0.04810509059329116
YOR156C,0.7918660287081339,1.2337804739120528,0.0038859744299898553,0.14988145857656904,0.01998399721002179
YOR157C,0.801002506265664,1.1921081524628434,0.06817242338320822,0.2583510835016939,0.042247601276318075
YOR158W,1.0620300751879699,1.364376984759447,0.006730735440659447,0.24698086372778363,0.03368403456920072
YOR159C,1.117362371445856,1.417053281351527,0.018541336389706585,0.22958818468072928,0.024629260639210206
YOR160W,1.0118679050567596,1.3801420528934276,0.025670525747176258,0.2061969602252214,0.028019641574105456
YOR162C,0.7400318979266348,1.216837294287153,0.0029941255406543705,0.15919484131609618,0.023555823371673883
YOR164C,0.5870445344129555,1.0208911702332755,0.05743818532621142,0.43088438015256886,0.05919643424068922
YOR165W,0.2969924812030075,0.8981946136234189,0.28594826669284273,0.3548537598455854,0.04444834107452503
YOR168W,0.6012759170653907,0.9931878907037709,0.17902012964190436,0.22821279041055764,0.06891039054038858
YOR173W,0.6710526315789473,1.0291267261710066,0.05137903552037226,0.29702677987874715,0.055256323108956534
YOR174W,1.5403508771929824,1.6428713830029618,0.0520946068512909,0.292713538118522,0.046932246461249494
YOR176W,0.49614035087719294,0.9116842638511171,0.0014504820636114992,0.25988864887075946,0.023300760542844363
YOR177C,0.8421707253207645,1.2185881479641056,0.008440025486776274,0.14114038596885708,0.017348032625275817
YOR178C,0.8271929824561404,1.2028926818654353,0.019044856609945773,0.3355653285419274,0.04857120265436929
YOR181W,0.9186818397344714,1.1938241436925647,0.044162804846292834,0.325743139952662,0.04232817196327199
YOR184W,0.7024656235182551,1.0591330771833163,0.0038728062229608767,0.10448944572640156,0.014039498560846745
YOR185C,0.9530443756449949,1.2829551200440628,0.02141534914007503,0.14184032835399624,0.02548547477325349
YOR187W,0.5361403508771929,0.8729995443153338,0.0814504820636115,0.1933052478158847,0.04484923485594633
YOR188W,0.6585213032581453,1.0354841430499326,0.0030436768284368997,0.12088141694470243,0.01937441959076086
YOR189W,1.0382205513784462,1.3396964633806738,0.007539563860363532,0.3019159535253098,0.04522068546294953
YOR191W,0.868421052631579,1.2374022573138492,0.006198704488989655,0.19008474669680836,0.03149615867784551
YOR192C,0.26425438596491224,0.8119968346704839,0.0002457745938866645,0.06659184306130989,0.0375165798558302
YOR192C-C,0.8019783501306458,1.2540416560725485,0.007038195233124305,0.10353452885497226,0.01881635099422415
YOR194C,0.5737874097007224,0.9664815340237385,0.0014089725572177876,0.16542711078936717,0.04042243261611139
YOR197W,0.7372408293460925,1.1810326961776547,0.00634867190781933,0.1877875696101003,0.03018027629231418
YOR198C,0.533625730994152,0.9407994624241763,0.0013715976343064739,0.12641756844777538,0.03363820930271397
YOR201C,0.6238596491228069,1.0369744517075872,0.002285058861448065,0.2936615883707436,0.03265918436373849
YOR202W,0.8019783501306458,1.2540416560725485,0.007038195233124305,0.10353452885497226,0.01881635099422415
YOR204W,0.8204334365325077,1.1488820604405223,0.08522129523030311,0.43586806247682564,0.092878444272832
YOR206W,1.5253826054497948,1.6154666403788887,0.028611267111339572,0.29143797020879714,0.04540573181328452
YOR207C,1.1591478696741855,1.4062637061403507,0.01980133552502332,0.3007098915738344,0.04729821604194994
YOR209C,0.8596491228070174,1.2824466510112251,0.00628080836095343,0.14540702945239586,0.018356945062063267
YOR210W,1.3377192982456139,1.4840414839181286,0.10902633015261756,0.3309306714407948,0.062344904965109964
YOR212W,0.967304625199362,1.3026789888244998,0.025695630385016356,0.2913856011851742,0.05361516195237911
YOR213C,0.5861937452326468,0.998757702949129,0.1176126503693752,0.4423635959201746,0.061380504604276104
YOR215C,0.6329030122476,0.9972461019658225,0.0029673191719768875,0.11088466388331593,0.013172448050049652
YOR219C,0.3961988304093567,0.8456940210802222,0.00047536263733172245,0.2345057276666953,0.06356972180073032
YOR224C,1.3020050125313283,1.4840414839181286,0.0325701467532183,0.34001068135868556,0.055668058135835
YOR226C,0.5388471177944862,1.0050938329910675,0.0017739438272341634,0.18264928216139442,0.02352823212005883
YOR227W,0.5964912280701754,1.027979183734968,0.002404925673525176,0.13762315244186518,0.016042762780211977
YOR229W,0.6914344685242517,1.0504887218045114,0.0014089725572177876,0.403648840133475,0.05919218627341945
YOR230W,0.6914344685242517,1.0504887218045114,0.0014089725572177876,0.403648840133475,0.05919218627341945
YOR232W,0.655396402398401,1.062737788635667,0.01765961760156571,0.14745274949189568,0.016668770844313167
YOR233W,0.8433014354066984,1.1281518789076916,0.032514549761327505,0.3502127857987176,0.04357328596813504
YOR239W,0.7687969924812029,1.2276550241313844,0.01534384164655754,0.25864623069397236,0.02780628828719141
YOR243C,0.843984962406015,1.2182707140429314,0.09977043471154519,0.25037617649180144,0.050717342998335684
YOR244W,1.1859649122807019,1.4508316556418368,0.9343659450476569,0.742521569008873,0.3734447261839256
YOR250C,0.8721052631578947,1.2519559598191337,0.008811312281487843,0.16408167179072475,0.03157856892231525
YOR251C,0.42355889724310775,0.9294984255510571,0.3469660933849939,0.37649997461297485,0.051739573419992475
YOR252W,0.5687134502923976,0.8751816146787255,0.0023845193043484755,0.08033747929305793,0.03511851584631948
YOR254C,0.7870813397129186,1.2054019729458325,0.008891977317024936,0.14261743474956737,0.01595061976869187
YOR257W,0.9122807017543859,1.3149475062968903,0.006364483367229055,0.1664448414408033,0.021506299559365682
YOR259C,1.3596491228070176,1.5184151248588487,0.025290936775106614,0.33801068595877326,0.049544177771137635
YOR260W,0.8293460925039872,1.1907127969819589,0.005060590261083665,0.3271102911547779,0.029679784185819916
YOR261C,1.280701754385965,1.4455017893935462,0.031986016225604014,0.299735223567448,0.0454317530462357
YOR266W,0.26425438596491224,0.9348846994938326,0.0002457745938866645,0.2526597900859914,0.03449844600526355
YOR267C,1.2700634565136244,1.4716342486651413,0.01394196608154932,0.23032490704226738,0.03593492089778573
YOR270C,0.9615009746588694,1.283096196582107,0.3575757791720247,0.31637533941979273,0.07650833304821694
YOR272W,1.482829413960433,1.5893482741660518,0.058488538791293676,0.2829425233900546,0.045933257310261814
YOR273C,0.9649122807017543,1.3387224012411982,0.012027578646793012,0.20438453567174963,0.02432172927821491
YOR275C,0.3607017543859649,0.9893344911248276,0.0005302006513873764,0.15763842713963475,0.022566046206279063
YOR281C,0.967304625199362,1.2885764247219358,0.012878685425214255,0.30760977720257715,0.05134384545316243
YOR285W,0.30877192982456136,0.8461356051825418,0.00039533409600053495,0.044986890947522756,0.02207083348562101
YOR287C,0.8964912280701753,1.3071585213032582,0.005502492657316043,0.21594954411320333,0.02586379243259509
YOR289W,0.45411605937921723,0.9164679345608713,0.0007462000264568456,0.11386430659359972,0.03410914289245771
YOR290C,1.0587719298245615,1.3583072018957822,0.16676514663803044,0.4454862303195821,0.08778591842139019
YOR293W,0.45964912280701753,0.910568974978992,0.0005476947157027815,0.11855364538756781,0.054509135329828075
YOR294W,0.5789473684210527,1.1133047614467872,0.3338040191179741,0.25876219859449506,0.1414188644208698
YOR298C-A,0.5380116959064327,0.9620742398467592,0.0017178226222788356,0.11240508170203292,0.028996195324982127
YOR299W,0.8350877192982457,1.2362916578595082,0.09980457090601454,0.4454852693348585,0.07294832431853245
YOR301W,0.6804511278195489,0.9125578368999421,0.14761570823086884,0.41100425699772625,0.09669419948176489
YOR304W,0.9433811802232854,1.3127278423331055,0.030119358049737116,0.16875129905633618,0.03244660049976254
YOR308C,1.0254083484573502,1.3740903183885642,0.01363180296413942,0.19087588771926783,0.020742317636272607
YOR310C,1.3856275303643724,1.5371622925426756,0.027595965039477904,0.2503397883047282,0.036451139657243226
YOR311C,0.40350877192982454,0.7626231353785533,0.0006661126243265808,0.049587965059497745,0.03308875048892977
YOR312C,1.1567505720823799,1.4068185683770302,0.003065526429783668,0.20501882992741227,0.03892015936791125
YOR319W,0.9334543254688445,1.3230868009045995,0.008655293091276514,0.1519796074656389,0.01713170834097097
YOR324C,0.6596491228070176,1.107538671948689,0.2672143613823694,0.3759332174005613,0.12396788009713382
YOR326W,1.0801327643432908,1.3560239885427854,0.14445025698436667,0.4708428069369266,0.09161196860220927
YOR327C,0.7449669255104975,1.1490646345069637,0.17987036721406474,0.13672625045704606,0.0444236097770032
YOR332W,0.9244639376218323,1.202739053724964,0.07056218631047859,0.35586544263596975,0.06011991589310583
YOR334W,0.7339181286549707,1.1381661353870973,0.21540742575338956,0.17697910404734507,0.05087257339460034
YOR335C,0.7384370015948962,1.1709357383699488,0.004443958830498747,0.16940356031972725,0.01671544613562154
YOR340C,1.0162907268170425,1.314959358314264,0.006919932037816109,0.22538956621786105,0.03846648335197438
YOR341W,1.0162907268170425,1.314959358314264,0.006919932037816109,0.22538956621786105,0.03846648335197438
YOR344C,0.3669590643274854,0.9362436267410844,0.0004658328031620133,0.21097499255255492,0.02956233653132897
YOR347C,0.6047634910059959,0.9709361707103656,0.002908309725613928,0.08607949230229614,0.00868977230720458
YOR348C,0.551487414187643,0.9339287464471233,0.31324707586999556,0.1435308388232222,0.05856023136969021
YOR351C,0.811969439728353,1.1144638043930954,0.19353889837503416,0.19012357097925614,0.06745601501644174
YOR355W,0.684885290148448,1.1793597444698702,0.564848764129021,0.3294187872993054,0.10418096543295234
YOR357C,0.6535087719298246,1.079710006221814,0.009011425286366993,0.17374761100490826,0.02013115617559593
YOR358W,0.6340852130325814,1.0570579530034399,0.013678705731996069,0.2970859513250934,0.05410078457697318
YOR359W,0.8588863463005338,1.3023271192676318,0.006139736305822918,0.284409236560742,0.04297567104575951
YOR361C,1.1732456140350878,1.3776950549870755,0.16185975269163208,0.3566088616415493,0.07506601788097814
YOR362C,0.7724310776942355,1.1778195221301226,0.005205782181272907,0.27628989631947554,0.03502730194183735
YOR370C,0.6868421052631579,1.0546872582691296,0.06968122942939359,0.16525684797523066,0.0271612355355957
YOR373W,0.8869468447237496,1.2262006309212334,0.013403300009767218,0.16295959193231474,0.02225572199916724
YOR375C,0.5891812865497076,0.9454077573550519,0.0013715976343064739,0.18728146303039195,0.05024470635154895
YOR377W,0.7393025246041934,1.2175075895036338,0.005163661045510453,0.20622276356260338,0.017029479476739887
YOR380W,0.8588863463005338,1.3240765282510834,0.006139736305822918,0.28868609037868953,0.04318836087357972
YOR386W,0.7838915470494418,1.178622670585183,0.004615906205311298,0.2989590344148896,0.040905264151436506
YPL001W,0.8382292941656466,1.2592303061575507,0.08406425674790596,0.23218881043094464,0.03710288798957133
YPL002C,0.5607017543859649,1.1114133191680784,0.1809455445667313,0.32776538560517227,0.05991105547587637
YPL003W,0.6847454000855798,0.9908994507077986,0.0038369255783002884,0.08994820868469589,0.020528159931352975
YPL004C,1.1907894736842106,1.362064777327935,0.499914786619161,0.5919627033883065,0.16916598587838305
YPL006W,0.5646390566580385,0.9476271830695122,0.0024405368373917047,0.07365275207560483,0.010618669563619697
YPL008W,0.8321052631578947,1.2293110322829017,0.002954543602138518,0.17865198891272088,0.026827358296486695
YPL010W,0.9190590111642742,1.2367571136041997,0.008621399180546604,0.3387286772746837,0.052909009920123734
YPL011C,1.099780701754386,1.381155945084284,0.009891255760931394,0.2574669049899234,0.031673640964105985
YPL012W,0.983468286099865,1.3246399581042159,0.08773535094029508,0.457571187456828,0.10297891015807721
YPL013C,1.0620300751879699,1.364376984759447,0.014872072884195921,0.24308943049548998,0.034124447818608156
YPL014W,0.7254901960784313,1.1261366717013284,0.004448031294269025,0.1708296230765116,0.022923283675590912
YPL016W,0.9587719298245614,1.2400806009105603,0.029923041374872512,0.40438390492197396,0.07364646323910608
YPL018W,1.0063498297983764,1.2955588089750636,0.05817364660799979,0.2618458172664443,0.034767944993645536
YPL022W,0.5289473684210526,1.0508630956138247,0.2862400853207467,0.3789117979042233,0.09018542399034978
YPL023C,0.7412280701754386,1.1674781418251958,0.2071821119860132,0.28000349354983567,0.0772540253391932
YPL026C,0.9342105263157894,1.1855884457674453,0.23140239650898564,0.3386506286441387,0.07328933823290558
YPL028W,0.5394736842105263,0.9699654064739314,0.04819487177250971,0.2477129967519594,0.048335875049289434
YPL029W,0.4557589626239511,0.8260658230826107,0.0010118598555412138,0.06420516994862793,0.02804335325803971
YPL031C,1.641495041952708,1.6975808017553569,0.9606851908512773,0.7817766349823927,0.3508564789781238
YPL037C,1.057017543859649,1.2957960739983805,0.2183324055691799,0.34710098929239275,0.07821689047266975
YPL038W,0.728744939271255,1.1119562472071651,0.02458125203994326,0.18122868333918507,0.022489976656699977
YPL042C,1.5070175438596491,1.6161334150885234,0.08498109078019478,0.27737703035282696,0.04818136473393894
YPL043W,1.2913400522583052,1.4626920873257196,0.009412322307781336,0.24222245736926645,0.036140637941781
YPL045W,0.7613603681334483,1.1354728341504574,0.018677165191185917,0.3241189770748802,0.029209722760727662
YPL047W,0.9956140350877193,1.3291234247590809,0.00747446143643862,0.20993744133966208,0.025829560956765023
YPL048W,1.0745614035087718,1.331282928683939,0.17445019710997842,0.4041525167791724,0.10980206957522332
YPL049C,0.9736842105263157,1.3065295265922983,0.2250901749842429,0.5030752908212578,0.10331695585112918
YPL050C,0.9587719298245614,1.233065506904516,0.21031112431441765,0.43109762674047,0.1163175978912312
YPL051W,0.6350877192982456,1.0728929650490506,0.10276614149916405,0.1418698675426771,0.042506741319834514
YPL055C,0.7938596491228069,1.1882406672134207,0.00861052360892465,0.22318238487757247,0.03399755057949178
YPL058C,1.2982456140350878,1.4812224012411983,0.08024201616885615,0.3069514331715203,0.04395479072335442
YPL059W,0.49760765550239233,1.0916345182327545,0.18263259478712435,0.31171018777318393,0.09366184978596206
YPL061W,0.9202228544333808,1.3151674641148325,0.008396185029765163,0.19841993875274883,0.026102007478742233
YPL069C,0.7384370015948962,1.1907127969819589,0.007615206187792618,0.1678946728652213,0.017100243961448935
YPL070W,0.9429824561403508,1.2873378547720653,0.19131851837947683,0.23692489589345103,0.06301475982357697
YPL076W,1.0749601275917064,1.3636972545287853,0.05257393345573858,0.28566473066709774,0.030618445976562297
YPL077C,0.5975438596491227,1.015097854510706,0.003018506569267214,0.10889516210105066,0.02687927264116463
YPL078C,1.1201754385964913,1.426520698070636,0.46803975177634827,0.5431547746952117,0.16081298616835427
YPL081W,0.8399122807017543,1.2188423247057738,0.00400271439981116,0.21860412590466743,0.034018022748925084
YPL082C,1.4585326953748008,1.5799343200658988,0.17505440664499625,0.33583006172714647,0.06509455569003494
YPL083C,0.576140350877193,0.9298177261335157,0.2281171487302782,0.3531560500166507,0.05951734713183311
YPL084W,0.4807017543859649,1.060267656320288,0.07334236996355671,0.20698166071646384,0.04826854075054198
YPL085W,1.1754385964912282,1.418652029481989,0.07187856300595367,0.4298416765299587,0.12193351689796661
YPL086C,0.8081140350877193,1.2131813957735735,0.013534104390440867,0.105625567811211,0.018689807010645584
YPL087W,0.5370813397129186,1.013317289350872,0.43721092928272015,0.27458001792614894,0.08883581192891755
YPL088W,0.8746130030959752,1.2480618523921745,0.008013524060415339,0.12656820339880748,0.017152142940547524
YPL090C,0.9535087719298245,1.2839049153495985,0.015426863577110223,0.3399562667667992,0.07615947739744111
YPL093W,1.5892123926838373,1.6581421851730775,0.030448343565528335,0.30254999593353776,0.04763995341111277
YPL094C,0.7887596899224806,1.1414434414727626,0.2501610212592692,0.368423237177781,0.08653318027535499
YPL096C-A,1.0087719298245614,1.498905929282367,0.0,0.7087941449284383,0.5006866910357414
YPL106C,1.0430622009569377,1.3773488039470403,0.946268958423488,0.7306708936854143,0.33451654196228897
YPL111W,0.4201754385964912,0.8037136805267762,0.10055198119885647,0.0853242425470166,0.05360871892127604
YPL112C,0.5464307320024199,1.0486897579503163,0.004391611994456128,0.09554665434431865,0.02171329613676022
YPL115C,0.7885964912280701,1.1776241951680548,0.07529682007572543,0.13008115563771194,0.03088519099056974
YPL116W,0.7219502243982048,1.1668094916779128,0.004394517111388896,0.16833145595539423,0.015931472022222885
YPL117C,0.616140350877193,0.966239637555427,0.4481171487302782,0.3437460597996132,0.07253336999403676
YPL118W,1.1334586466165413,1.4038754173613277,0.010479974260420698,0.26227079484294463,0.03680556886711909
YPL119C,0.7027863777089782,1.1488820604405223,0.01659384424991096,0.38403937603296584,0.05813970744274981
YPL120W,0.513157894736842,0.9324789245841877,0.0005717237082972983,0.4148975237036898,0.0574935654952959
YPL122C,0.8761808367071526,1.2836916561961935,0.05181305077564424,0.34458121938369096,0.08977197112873556
YPL124W,0.8570960984550929,1.242309627114381,0.023731142154747153,0.1538648021950346,0.019757058530975747
YPL125W,0.93343653250774,1.3532999476302696,0.020463959411135477,0.1511987906715887,0.022992162074331204
YPL126W,1.5202429149797572,1.6127123132981758,0.027269984131259736,0.28427348399792784,0.0405330317423114
YPL127C,0.6238596491228069,0.9229570137464873,0.038951725528114725,0.09125389846760301,0.038047856494688094
YPL128C,0.779711375212224,1.164915883959099,0.11377136125265833,0.26396717413353665,0.05211605178462239
YPL129W,1.2403508771929825,1.431454892516704,0.005810360360398511,0.23376634058447734,0.03340816877160126
YPL131W,1.118230358504958,1.3871762044771567,0.03871669853904362,0.3214189356110164,0.061986466749391185
YPL133C,0.6090225563909775,1.1593527086948139,0.27560921556635337,0.3072546624853592,0.10871920725881265
YPL139C,1.0743034055727554,1.383549937497306,0.09080464769330951,0.40167952418480235,0.09595919605654828
YPL140C,0.8013784461152882,1.1833894253814443,0.14925178970321643,0.3345176519814614,0.05017707235676992
YPL141C,0.8740031897926634,1.1383267795926597,0.6617041123258871,0.5569013309550264,0.1729939796699891
YPL143W,1.337719298245614,1.599481129880404,0.06760721290928122,0.4916641495829406,0.19379664240661096
YPL144W,0.801002506265664,1.2072498353527417,0.029540464873646505,0.2417819494893324,0.040440753175458866
YPL145C,0.5444862155388471,1.089587246034951,0.010231800447548404,0.15078418769980786,0.021723151324422277
YPL146C,0.7537593984962406,1.1344056100684416,0.00809109943778759,0.3694048972240286,0.07003561820510444
YPL147W,0.5728274173806609,0.9975553606063599,0.005927241423033969,0.08741115198761708,0.018012062775203307
YPL150W,1.093984962406015,1.374963755964982,0.5713791134306203,0.5886538478460029,0.18692133773479824
YPL151C,1.220810647307925,1.4540745579472718,0.024517758134092623,0.24922621760843258,0.029470221658799672
YPL152W,0.6374269005847952,1.0679641860443871,0.001853524697886747,0.16748363393194576,0.03611578915014455
YPL153C,1.0055178268251272,1.2141222331654482,0.19361583458100268,0.47772862534795807,0.1009940510625937
YPL160W,0.47017543859649125,0.8495976211475589,0.48476250751464595,0.1267771713982071,0.07138968495306862
YPL161C,0.8885964912280702,1.2054019729458325,0.13519121343165721,0.22190065858965075,0.04774341633914163
YPL162C,0.7393025246041934,1.1046473744498704,0.005163661045510453,0.12221549722664585,0.017361728249270566
YPL164C,0.6359649122807016,1.020730174345521,0.0025037494129137817,0.1457129698387909,0.030772579215187053
YPL169C,1.1687306501547987,1.3976477737172261,0.02720351907407199,0.30426082180301417,0.03885704587710922
YPL174C,0.5175438596491228,1.0485543348662918,0.3906410073624386,0.5143109669490394,0.11321024846262791
YPL176C,0.5964912280701754,1.0892969784458602,0.002404925673525176,0.18946115564407934,0.01654265349567521
YPL178W,0.9868421052631577,1.2659979867702043,0.11104027598138645,0.36442698904842463,0.0747387423791094
YPL189W,0.7113237639553428,1.19804362121662,0.007369883728852035,0.10366132987212527,0.012373219922503611
YPL190C,0.843984962406015,1.22937007979346,0.0037386886797991415,0.28321752668838396,0.04520247796066687
YPL193W,0.7167919799498746,1.2265651502493609,0.07432800763293429,0.13668547793470684,0.026405561602407743
YPL194W,0.49923722349351635,0.8724708120774749,0.08796838159467164,0.08177361928287193,0.047157043502296624
YPL195W,0.7449669255104975,1.0754784542328855,0.03758050353436031,0.2800277252899921,0.02895864879657004
YPL198W,1.162280701754386,0.5406803491983547,6.629465393641192e-05,1.0203020624665606,1.0017833145106672
YPL201C,0.591130604288499,1.062114053724964,0.0015518161305177578,0.16965164644682101,0.02410851322883313
YPL203W,1.1636955291454443,1.4154419796734419,0.09851718988641134,0.3370017440065094,0.06038986958357014
YPL204W,1.1271929824561404,1.3718634959975398,0.4464007463342565,0.47830820007896907,0.1164870732085859
YPL207W,0.8114035087719298,1.2553256865611742,0.028514106102295222,0.2674381338076919,0.039042865253584844
YPL208W,0.6706388613042038,1.0062456774575446,0.0029673191719768875,0.15493871877607113,0.02189579942439773
YPL209C,0.9983552631578947,1.2902958807677503,0.3442262330857002,0.24191089232628676,0.08862601583993772
YPL210C,0.7923976608187133,1.1108079946768519,0.06345181156351104,0.4429748931148903,0.08127799060339502
YPL211W,1.4615528182157522,1.5769209870163956,0.015236430804591809,0.2820268152934327,0.0425586140496345
YPL213W,1.2552934059286147,1.472089777701892,0.019389903686374197,0.2724239440120301,0.029632128000998445
YPL217C,1.4433198380566803,1.557227891616571,0.018752057708000088,0.2708137582551307,0.03763928102524205
YPL220W,0.41666666666666663,0.8692805691811392,0.00040745268422446386,0.1826978174506494,0.0949604126200311
YPL221W,1.0,1.344479976998774,0.01081723347382307,0.22065918653217179,0.02583402212587939
YPL222W,0.4859649122807017,1.0936887984989796,0.001032611714323587,0.29176873969937234,0.05553889861480269
YPL226W,0.6350877192982456,1.0653514869193372,0.0027661414991640614,0.15550746860970677,0.03618775252182136
YPL227C,0.8704146730462519,1.2516638482039903,0.01266984641944527,0.18271754180719602,0.019851887838590855
YPL232W,0.6629997123957434,1.1135168489591782,0.04633435186645097,0.14716301894992675,0.022702105741456167
YPL234C,0.7567783094098883,1.1786790474887299,0.007824992455479416,0.12322816050916077,0.014411850173329386
YPL235W,1.5025062656641603,1.6207000476100646,0.2080098754417862,0.4296888651642793,0.08803795652774599
YPL237W,0.8975279106858054,1.2035283309625415,0.009324156152556533,0.39759899476454313,0.04050337893352035
YPL240C,1.4466195977749252,1.5502322801102477,0.9155295147040471,0.7623300176941972,0.28832060333303955
YPL243W,0.7923976608187133,1.2243215081903656,0.526414774526474,0.43662314221985354,0.08751452205658837
YPL246C,1.0099681020733653,1.27705015389724,0.032008798217296276,0.37535359298835996,0.06555514741582885
YPL248C,1.0789473684210527,1.347514229356782,0.019169151432970023,0.22908624348293194,0.03121302607073815
YPL249C,0.7675438596491228,1.1943712315208312,0.09309848372029841,0.44270490925484823,0.08965777861987542
YPL249C-A,1.1377192982456141,1.4328144632137372,0.0009405462426145481,0.4357902178447026,0.15869913555879175
YPL253C,0.3175438596491228,0.905697192009149,0.13349815021958147,0.17176897680409484,0.05846582057779246
YPL256C,0.8431372549019607,1.2635104090750657,0.027947734205736638,0.3209753042726875,0.05115387645030233
YPL258C,0.5037593984962405,0.9688037401195295,0.0014576934283114158,0.1543450543447823,0.027349388927422776
YPL259C,0.6375438596491227,1.0572474857014331,0.0021851732359338804,0.23252482936348098,0.029033290088983962
YPL262W,0.5921052631578947,1.078492538256877,0.3990720647549658,0.38291572145271524,0.0678777528618124
YPL264C,0.923444976076555,1.3064120739559335,0.016504323564225352,0.22094980867251837,0.022337872423261795
YPL266W,1.097165991902834,1.3962620968479593,0.008495921576598923,0.18522127059165955,0.025719129959434955
YPL269W,0.7549019607843137,1.2205811161457727,0.004893664092843,0.22958743318434177,0.0308540266712792
YPR010C,0.9805764411027569,1.3020083869914147,0.005905299414136356,0.22472048425958913,0.03575956395628405
YPR016C,1.482829413960433,1.5769209870163956,0.10051980353626556,0.2737371500117575,0.04862502328983541
YPR019W,1.1172990616075071,1.3423890491067851,0.235475663942254,0.4224860108084714,0.06472358820169499
YPR020W,0.47017543859649125,1.080992242786083,0.0031274710745937987,0.17336716864464516,0.036649452891516054
YPR025C,0.7992577597840755,1.249481129880404,0.012283136245729727,0.34187926839951194,0.07654339627622274
YPR032W,0.6138193845268909,1.0375181350294298,0.03728310774553638,0.08458968026287103,0.01921041997315712
YPR034W,1.2161084529505581,1.4072498616671547,0.015934369976110283,0.3151939753569517,0.04502539397296201
YPR041W,1.0899122807017543,1.3444310217230422,0.03765601761833177,0.3430202759160987,0.061425997590476164
YPR048W,0.5502392344497608,1.0182300721774404,0.6067765235966178,0.45219147746732274,0.08391618829481651
YPR049C,0.641025641025641,1.1395618676320431,0.4110714397092802,0.3268035883014801,0.12178243143496043
YPR052C,0.8508771929824561,1.1598453576007755,0.756359358707773,0.680686900806087,0.23389754942098984
YPR054W,0.6174217188540972,1.0418110322829017,0.002908309725613928,0.12049905144019732,0.01046957344094947
YPR056W,1.0300269905533064,1.364187012233345,0.08365065761325108,0.4316579205871623,0.10965838502442875
YPR057W,0.8874773139745916,1.2764472207454665,0.006933484978121472,0.13525491697856673,0.014836750310061469
YPR067W,0.8859649122807017,1.3094167969428523,0.6669663376505326,0.6287897767862257,0.32670267376498213
YPR070W,1.2736842105263158,1.4654877909852235,0.006289610926726282,0.2430025682893234,0.034771261146098714
YPR079W,0.8289473684210527,1.13044840361774,0.18520717296144304,0.22146306137142935,0.1155308755417827
YPR080W,1.0850877192982455,1.2689713964215996,0.6071938775058475,0.439558606765881,0.1494466799355599
YPR081C,0.728744939271255,1.1119562472071651,0.02458125203994326,0.18122868333918507,0.022489976656699977
YPR082C,1.0943738656987296,1.4056807323319191,0.007727530101313252,0.2310339333691647,0.022821259491900215
YPR093C,0.905631013016412,1.2997271607111425,0.0048757059223467425,0.23524232913054516,0.03157885855011786
YPR100W,0.37368421052631573,1.0672764927056115,0.0006973486851990661,0.07002164401750399,0.010332399070224811
YPR101W,1.1863278886872353,1.4412199480181935,0.022069950038500263,0.2425699174016954,0.02778204814192666
YPR105C,0.7368421052631579,1.1085033052358615,0.09670725286242786,0.1510714573469772,0.03728571154302192
YPR106W,0.7002923976608186,1.0463895245359776,0.3150970878303849,0.2546333272565932,0.10740458440736736
YPR110C,1.3734335839598997,1.5297931179050566,0.07512483033141652,0.34495452549893996,0.06155624061583664
YPR111W,0.6542200094831674,1.0203529993257527,0.003191980964052213,0.09882718546686045,0.015232358071536785
YPR112C,0.9240890688259109,1.3200716206574832,0.008143579097559611,0.13405052679980858,0.020004100123455836
YPR120C,0.8431372549019607,1.2796088939235506,0.02765064567335399,0.3254779970891391,0.05225953646551757
YPR125W,0.9906015037593985,1.3176584085636738,0.03842384926287651,0.209150610608043,0.033717049296232225
YPR129W,0.8660818713450292,1.215164093755743,0.020375793440548542,0.20138115229764197,0.029869025981977403
YPR135W,0.861485108119135,1.201264619883041,0.015721217730201496,0.2776941159816694,0.03125343148619372
YPR137W,1.4048582995951417,1.5371622925426756,0.019451758264344886,0.2619770693746216,0.0365442430045067
YPR144C,1.3856275303643724,1.5275362281220906,0.012047081304947336,0.2629252594382373,0.035360493294640485
YPR154W,1.0175438596491229,1.218086646540594,0.4794621200839348,0.47913913617888015,0.1849550193716089
YPR156C,0.9649122807017543,1.327545930652963,0.01700883085613364,0.2107437264462389,0.024718177701971898
YPR161C,0.9271929824561402,1.2530179951486433,0.23107661435087745,0.23765087286021175,0.06532106593772691
YPR162C,0.7917176662586699,1.1372765246449457,0.015221889818125082,0.15721208908357076,0.023749120319521647
YPR178W,1.1288566243194191,1.413212221748878,0.010365845204537606,0.23346262881522728,0.02444313868900324
YPR187W,1.3377192982456139,1.5062637061403508,0.04646052510315241,0.3413687520041148,0.058465055774446544
YLR395C,0.6047634910059959,0.9753695908414602,0.002908309725613928,0.09589505091444386,0.008433399933595893
YPL172C,0.6174217188540972,0.9771851819427657,0.0035304021198582208,0.09841948985620537,0.011113949436415197
YPR140W,0.49760765550239233,1.0916345182327545,0.18263259478712435,0.31171018777318393,0.09366184978596206
YLR382C,0.47017543859649125,0.7818666100203213,0.19528882330411962,0.0725113069604108,0.07927361694558879
YPL007C,1.125243664717349,1.5062626590456958,0.10047477252673123,0.36035540602298305,0.0891159815993162
YLR189C,0.35146198830409353,1.034097642905738,0.0004667932324213911,0.06120830712720851,0.009101328486693011
YMR261C,0.3961988304093567,0.8456940210802222,0.00047536263733172245,0.2345057276666953,0.06356972180073032
YOL031C,0.33897243107769426,0.8443055426783832,0.00025074253656281716,0.06667907194482453,0.03718762385199735
YOL033W,0.5504385964912281,1.0115091723391318,0.0018936556982402071,0.24385881132121284,0.02380727140118821
YOL097C,0.2956656346749226,0.8011220760233917,0.00027327626863055143,0.08513247605599475,0.034152661179422054
YOR048C,0.523524720893142,0.8866641240783117,0.0020310423856288577,0.07592425644824859,0.025681282876795178
YOR086C,0.35526315789473684,0.9090582774347269,0.0005717237082972983,0.09674957990488275,0.02489796106383133
YPL104W,0.7838915470494418,1.178622670585183,0.004615906205311298,0.2989590344148896,0.040905264151436506
YPL108W,0.6885964912280701,1.1459239727951336,0.10776690730765062,0.2649430764086096,0.0536050800689598
YPL110C,0.7157097288676235,1.0608256282598387,0.004443958830498747,0.09886379054804699,0.014520015802627052
YPL137C,0.40669856459330145,1.049967851566088,0.000814412968942537,0.279638923817529,0.049987480456672485
YPL165C,0.6359649122807016,1.1262857299010767,0.0025037494129137817,0.25197817321287985,0.029580604627977732
YPL167C,0.4557589626239511,0.8673732943469785,0.0010118598555412138,0.07989040235730147,0.025909457636513113
YPL233W,0.9317229641267347,1.2753293403760297,0.01142940275374043,0.2634975321803482,0.024962049668868384
YPR119W,1.0021929824561404,1.2600355390082925,0.21701829970835912,0.37958600269129206,0.1113175597217906
YPR131C,0.4407894736842105,0.8388178304446247,0.0009515818121015821,0.07463650907109157,0.023438377418025756
YPR163C,0.44478844169246645,0.9716649889751703,0.0010950647650330209,0.09229858656743187,0.03044111022595531
YPR201W,0.7492025518341308,1.2224959900398495,0.01042800452178521,0.11568561584426224,0.014640656673630039
YPL186C,0.3736842105263158,0.9381634185186737,0.0029187591224578246,0.27538991654129175,0.05821092423389808
YNL026W,0.6174217188540972,0.9916318208133676,0.002908309725613928,0.09153890464205151,0.011498195873116202
YOL009C,0.4201754385964912,0.7972689973903637,0.0005519811988564753,0.415033386513809,0.044960410896693295
YIR018W,0.4508771929824561,0.9614326591880771,0.0008038031522174791,0.2250453684417551,0.05606373274069714
YOR269W,0.8272453521864361,1.199586446319182,0.012579502003885685,0.13204775899895846,0.016521971180217768
YMR300C,0.45614035087719296,0.9253426736945457,0.30341604785158327,0.16150514754164036,0.08330280159116116
YPL149W,0.5641025641025641,1.0793766824468578,0.15466118329902379,0.3563780210099739,0.08420398798575353
YPL181W,1.0154798761609907,1.3499530995526419,0.04374582416389774,0.39127796248188623,0.08792862947233494
YOR073W,0.6374269005847952,1.0679641860443871,0.001853524697886747,0.1782289714175376,0.035551770660539425
YOR081C,0.8245614035087719,1.179703981315518,0.0055468782066595175,0.29683335573638076,0.05938616460687842
YNL247W,0.744360902255639,1.174967851566088,0.5242586094968678,0.5161544714213029,0.20888849888940877
YOR196C,0.5375939849624061,0.9542245035666088,0.001095561710722298,0.22977135836951143,0.056441569429082426
YPR160W,0.7771929824561403,1.1614848143706114,0.024596235056061067,0.22179725819487917,0.0408681860174365
YNL278W,0.41959064327485374,0.8948905282073107,0.0007133671364996112,0.21890381500360415,0.03167606270767178
YPR072W,0.9416329284750338,1.2689226889854606,0.019256327800794455,0.34566059170960184,0.05506434677454874
YER109C,0.6329030122476,0.9915540627659298,0.0029673191719768875,0.13329875541697436,0.013036617431914132
YLR388W,0.6517709367759019,1.0878147465266137,0.006386432714457629,0.2246136668156333,0.017422697470812903
YNL312W,1.0605263157894735,1.303625282598036,0.10194147745711989,0.41570765709977536,0.077226177230251
YOL143C,0.45614035087719296,0.8681786909341089,0.49189418279976516,0.08829813067850442,0.04716183290078007
YOR276W,0.4593301435406698,0.8636962279884239,0.09162500844510262,0.10663126384584584,0.04978480348595775
YPR132W,0.6517709367759019,1.0878147465266137,0.006386432714457629,0.2246136668156333,0.017422697470812903
YPR145W,0.6517709367759019,1.0878147465266137,0.006386432714457629,0.2246136668156333,0.017422697470812903
YPR181C,1.5087719298245614,1.668652029481989,0.29039708152447224,0.5432440964387997,0.1759864672626586
YNL321W,0.33897243107769426,0.9639636623365029,0.00025074253656281716,0.17277245146954742,0.030557251454713923
YNL323W,0.48182957393483705,1.0125747734476138,0.06893206121788151,0.3103966492495531,0.06809964199681087
YOR104W,0.5532581453634084,1.057833394137269,0.09274158502740532,0.4054384676638708,0.08703419714868821
YPR029C,0.9575438596491228,1.1534013318552794,0.09355818910894977,0.4584870964357184,0.08550602807676096
YPR171W,0.5684885290148448,1.1411477965470707,0.09047641393914423,0.4423897340557743,0.0922528492595524
YOR035C,0.7828354670459934,1.1891769466957436,0.004159966694076405,0.2182762918715019,0.025455397580874894
YNR059W,0.5103668261562998,0.9082614201155357,0.001530952152726873,0.10621317877547035,0.02909787707701679
YPR023C,0.544891640866873,1.0830448869922553,0.0009178596447567389,0.15425551400005597,0.03129444752969852
YPR189W,0.8705186880244089,1.2402015138857245,0.005402390679530155,0.17805542507580505,0.029433383645827364
YNL282W,0.5977812177502579,0.893477153459368,0.000973759488599487,0.2969639846888324,0.0544150889051557
YPR046W,0.9615737103953914,1.2627542653009547,0.036513236246852133,0.24794693101788026,0.029708808791079157
YGR102C,0.4265350877192982,0.8850383114585423,0.0007608512626089609,0.06763542447210415,0.03435071315121494
YPL005W,0.644736842105263,1.0477634132352827,0.0028117772935132477,0.1691488135567118,0.029840060048755723
YGR221C,0.5758145363408521,1.0081430192504068,0.001824499862733104,0.20914096925312375,0.0399745678395688
YPL218W,0.6535087719298246,1.1002289648846617,0.00877097875816394,0.15722203697262563,0.021092049321055312
YOR179C,0.8321052631578947,1.2519559598191337,0.002954543602138518,0.1780890965704316,0.027129832293243377
YPR107C,1.1121052631578947,1.3495033399752094,0.002954543602138518,0.29332504424480693,0.04523286163581425
YLR239C,0.7192982456140351,1.162952867763049,0.33453290750207054,0.4448564776252682,0.16864241646268088
YNL218W,0.7744360902255638,1.1957130730050936,0.09860696235848387,0.20879106242993234,0.05178245924911362
YNL188W,0.5949656750572082,0.9646305008330882,0.004970252940507836,0.41926456958061725,0.050372402589228
YNL224C,0.5438596491228069,1.0284351058524863,0.0005217228805039112,0.3113665445187786,0.1362602021253383
YOR284W,0.7479757085020242,1.1635435487944668,0.04418909517719817,0.24317513818983794,0.028150475489262736
YOR363C,0.49614035087719294,0.8242982456140351,0.0014504820636114992,0.09084285347418229,0.02619750116869329
YPR169W,0.5310391363022942,1.0080817471049164,0.0007462000264568456,0.2953714742306195,0.04909076243074364
YNL192W,0.719298245614035,1.1176091906595758,0.1704690653104382,0.29835672887797715,0.06601936506894684
YPR108W-A,0.6399694889397406,1.0645517700880163,0.0031410807005799405,0.08523783152962484,0.0200182163161397
YLR267W,0.6847454000855798,1.1455471939631368,0.0032271694807393127,0.18577082796771083,0.0168909976527823
YMR123W,0.5891812865497076,1.0150851767098907,0.11248270874541759,0.2126195211824877,0.05707029819396322
YPR113W,0.5096899224806202,1.1020661520954733,0.019358961652508236,0.2083348853639062,0.024182289752519893
YPL138C,0.8847409220726234,1.2592303061575507,0.03324202619145611,0.30225382632680403,0.03893188853763767
YMR234W,0.693859649122807,1.1614848143706114,0.003553052344556834,0.17183831597780996,0.019445113180323662
YPR175W,0.8382292941656466,1.1668094916779128,0.04550121148821849,0.19105217012188658,0.03069744940433995
YPR164W,0.7353010905642484,1.0157647056749592,0.05907286184493309,0.09768634350467437,0.03725952222400943
YMR018W,0.5504385964912281,1.0115091723391318,0.0018936556982402071,0.24385881132121284,0.02380727140118821
YMR258C,0.5504385964912281,1.0115091723391318,0.0018936556982402071,0.24385881132121284,0.02380727140118821
YOR062C,0.5504385964912281,1.0115091723391318,0.0018936556982402071,0.24385881132121284,0.02380727140118821
YOR329C,0.5921052631578948,1.0322883931183526,0.05624148178519673,0.283311750041049,0.038997344043465346
YNL223W,0.5382775119617225,1.0494653220804537,0.001511561180440449,0.18337036706199064,0.040458989978431247
YOR231W,0.8013784461152882,1.1486154561812456,0.14277030822173492,0.3030375753154494,0.05102885414789505
YKR105C,0.6506791171477079,1.104774790484672,0.0036888845895365068,0.1544298116700667,0.018383682015175352
YML002W,0.6902834008097166,1.0841784694293874,0.005106918324123472,0.12690748247395112,0.013601080582462791
YMR279C,0.7340510366826155,1.2340758080712806,0.007564687989200834,0.11478816799213727,0.013582994410192686
YNL315C,0.47017543859649125,1.0693778409277788,0.0004958921272253775,0.18217934189806168,0.03620691582229374
YOL030W,0.4084429824561403,0.887646626669796,0.0008689127409283844,0.1397739522231146,0.01792102027014367
YOL156W,0.7188995215311004,1.200957528501388,0.007362159874011809,0.1145056283241192,0.012643427476925574
YPL020C,0.8942208462332302,1.2906683686829012,0.008916924901532442,0.13887291100662535,0.018378683269022145
YPR128C,0.3736842105263158,1.0052493723970803,0.19502402228035257,0.19949367703789136,0.07304827980307572
YPR159C-A,0.5329457364341085,1.1237915531312193,0.027891977832604522,0.26516529098234526,0.028365015556780195
YPR198W,0.8249601275917064,1.260957528501388,0.028079190053909915,0.15686462311425448,0.018609162712101664
YFR055W,0.3701754385964912,0.8284814823843614,0.0005519811988564753,0.12833833051856575,0.0286216426421711
YPR190C,1.1591478696741855,1.4062637061403507,0.014106711996599606,0.3016635798222164,0.04708904579239531
YOR217W,0.7025518341307815,1.1348437808003153,0.006979600277379525,0.3550777353747636,0.05567479980841584
YPL032C,0.6902834008097166,1.0841784694293874,0.005106918324123472,0.12690748247395112,0.013601080582462791
YPR008W,0.3014354066985646,0.9640684565820683,0.0002781134920809894,0.27658772059126024,0.04955365622884897
YJL201W,0.728744939271255,1.157095136096054,0.005727556715659696,0.24029369923255223,0.021769668470671667
YKR030W,0.7479757085020242,1.1841784694293875,0.013546878776467826,0.28304352949338973,0.026398052781760613
YLR088W,0.7109250398724083,1.0925611241726607,0.08218303763917796,0.11039822922382243,0.04156391810136555
YML097C,0.40877192982456134,0.934408827920866,0.0008459260691669998,0.10443398198167674,0.022077744268839995
YML116W,0.6902834008097166,1.1196394623371888,0.005106918324123472,0.1467405750645236,0.013392185608820181
YMR147W,0.6902834008097166,1.1196394623371888,0.005106918324123472,0.1467405750645236,0.013392185608820181
YMR253C,0.728744939271255,1.1805972022117566,0.010584412965704802,0.239238169091111,0.022331512301483787
YNL144C,0.6902834008097166,1.1196394623371888,0.005106918324123472,0.1467405750645236,0.013392185608820181
YNR041C,0.44478844169246645,0.9870635396998079,0.0010950647650330209,0.11761968984861428,0.02799554564191542
YOR008C,0.27368421052631575,0.9689681932587584,0.0002871801750894038,0.17504002495846543,0.02670195184513365
YOR211C,0.4593301435406698,0.8203464742938427,0.0007159175360117056,0.09052545151712618,0.04183539819935536
YOR322C,0.6902834008097166,1.1196394623371888,0.005106918324123472,0.1467405750645236,0.013392185608820181
YOR388C,0.6902834008097166,1.1196394623371888,0.005106918324123472,0.1467405750645236,0.013392185608820181
YPL027W,0.40877192982456134,0.8951931416463561,0.0008459260691669998,0.047992447231183184,0.034663572015753714
YPL157W,0.5921052631578948,0.9353186961486557,0.08522698903157354,0.09437429967445121,0.04636545864560598
YPR030W,0.6571319603356216,1.0357796952439196,0.0023402999062431154,0.26586531538955593,0.028123074316314577
YPR102C,0.6491228070175439,1.1559349475617418,0.0012597710412775096,0.22416742494765057,0.06681396021746308
YPR159W,0.7294926505452821,1.092797494500778,0.0038728062229608767,0.13283010571345968,0.01729138258681924
YOL023W,0.46616541353383456,1.0875578368999421,0.0008839408410786161,0.262813847691086,0.04075730985878935
YOL130W,0.3082706766917293,0.7908174165251839,0.0002959642595579767,0.09175000224270499,0.04363981045912576
YPL257W-A,0.46616541353383456,0.9008911702332755,0.001095561710722298,0.1522036414454649,0.035077571593838744
YPR086W,0.881578947368421,1.2507855367732095,0.003912134689666232,0.2588070655922316,0.03837301978105392
YPR115W,0.45964912280701753,0.9523662581555855,0.0005476947157027815,0.16931440376122892,0.050631672437868355
YPR137C-A,0.5558213716108453,1.1077712240371043,0.13140108202285672,0.34182799963415844,0.04248910429690024
YPR139C,0.46616541353383456,1.0875578368999421,0.0008839408410786161,0.262813847691086,0.04075730985878935
YPR158C-C,0.6506791171477079,1.104774790484672,0.0036888845895365068,0.1544298116700667,0.018383682015175352
YPR158W-A,0.46616541353383456,1.0875578368999421,0.0008839408410786161,0.262813847691086,0.04075730985878935
YLR120C,0.7327485380116959,1.1619186576502665,0.004598321753985949,0.11809183748698435,0.012829672853253829
YLR126C,0.7327485380116959,1.1619186576502665,0.004598321753985949,0.11809183748698435,0.012829672853253829
YOL102C,0.5909090909090909,1.1230521155830753,0.001906408700324564,0.213418178829939,0.03973687422323299
YOL163W,0.6979949874686716,1.1003194423373048,0.003958385901025471,0.11105447570861354,0.016468119836380683
YOR167C,0.7771929824561403,1.215164093755743,0.004598321753985949,0.16032597784812208,0.018270946242251358
YPR184W,0.7771929824561403,1.1868316598647555,0.005737491226488755,0.14870142628443603,0.018086374379257544
YLL041C,0.3544891640866873,0.8392045132993774,0.00027327626863055143,0.2940615118574439,0.05187396081311869
YLR038C,0.6047634910059959,1.0418110322829017,0.002908309725613928,0.10775646219854365,0.00854920669205271
YMR145C,0.36201079622132254,0.987238138727281,0.0007309038447356202,0.26687873815312324,0.04280622081923183
YOR271C,0.6047634910059959,1.0418110322829017,0.002908309725613928,0.10775646219854365,0.00854920669205271
YPL063W,0.7313457694870086,1.1332088817452672,0.03500584655667525,0.2995658274316469,0.026633729978645444
YPR191W,0.6680546302465022,1.0846681751400444,0.012461960661932827,0.17528741255300473,0.0193278798236695
YBL112C,0.9605263157894737,1.4536050040713597,0.01449419432718284,0.17953811169040634,0.020472697415429703
YBL113C,0.9605263157894737,1.4536050040713597,0.01449419432718284,0.17953811169040634,0.020472697415429703
YCL068C,0.9605263157894737,1.4536050040713597,0.01449419432718284,0.17953811169040634,0.020472697415429703
YDL046W,0.9605263157894737,1.4536050040713597,0.01449419432718284,0.17953811169040634,0.020472697415429703
YDL211C,0.9605263157894737,1.4536050040713597,0.01449419432718284,0.17953811169040634,0.020472697415429703
YDL231C,0.9605263157894737,1.4536050040713597,0.01449419432718284,0.17953811169040634,0.020472697415429703
YDR403W,0.9605263157894737,1.4536050040713597,0.01449419432718284,0.17953811169040634,0.020472697415429703
YDR438W,0.9605263157894737,1.4536050040713597,0.01449419432718284,0.17953811169040634,0.020472697415429703
YDR492W,0.9605263157894737,1.4536050040713597,0.01449419432718284,0.17953811169040634,0.020472697415429703
YDR522C,0.9605263157894737,1.4536050040713597,0.01449419432718284,0.17953811169040634,0.020472697415429703
YDR534C,0.9605263157894737,1.4536050040713597,0.01449419432718284,0.17953811169040634,0.020472697415429703
YDR542W,0.9605263157894737,1.4536050040713597,0.01449419432718284,0.17953811169040634,0.020472697415429703
YEL007W,0.8412280701754385,1.3193136349646046,0.006185136976022746,0.3007872709612779,0.05803277453411864
YEL075C,0.9605263157894737,1.4536050040713597,0.01449419432718284,0.17953811169040634,0.020472697415429703
YEL076C,0.9605263157894737,1.4536050040713597,0.01449419432718284,0.17953811169040634,0.020472697415429703
YEL076C-A,0.9605263157894737,1.4536050040713597,0.01449419432718284,0.17953811169040634,0.020472697415429703
YER085C,0.9605263157894737,1.4536050040713597,0.01449419432718284,0.17953811169040634,0.020472697415429703
YER189W,0.9605263157894737,1.4536050040713597,0.01449419432718284,0.17953811169040634,0.020472697415429703
YER190W,0.9605263157894737,1.4536050040713597,0.01449419432718284,0.17953811169040634,0.020472697415429703
YFL064C,0.9605263157894737,1.4536050040713597,0.01449419432718284,0.17953811169040634,0.020472697415429703
YFL065C,0.9605263157894737,1.4536050040713597,0.01449419432718284,0.17953811169040634,0.020472697415429703
YFL067W,0.9605263157894737,1.4536050040713597,0.01449419432718284,0.17953811169040634,0.020472697415429703
YFL068W,0.9605263157894737,1.4536050040713597,0.01449419432718284,0.17953811169040634,0.020472697415429703
YGL032C,0.9605263157894737,1.4536050040713597,0.01449419432718284,0.17953811169040634,0.020472697415429703
YGL231C,0.5587719298245615,1.060808892227087,0.0020721641818900603,0.10813518717196757,0.020024861790996225
YGR150C,0.5988529014844803,1.0685793520436095,0.0026926158975600504,0.13318065311622737,0.030752937452106454
YGR296W,0.6986944104447165,1.0604908103592314,0.004341782839385521,0.10256283890781058,0.013012341597842952
YHL028W,0.9605263157894737,1.4536050040713597,0.01449419432718284,0.17953811169040634,0.020472697415429703
YHL044W,0.9605263157894737,1.4536050040713597,0.01449419432718284,0.17953811169040634,0.020472697415429703
YHL049C,0.9605263157894737,1.4536050040713597,0.01449419432718284,0.17953811169040634,0.020472697415429703
YHL050C,0.696078431372549,1.20781835338301,0.004448031294269025,0.16598332318364156,0.017511601919866525
YHR177W,0.5575438596491228,1.0059654344193818,0.0021851732359338804,0.08469303085945257,0.020492178487730994
YHR213W,0.9605263157894737,1.4536050040713597,0.01449419432718284,0.17953811169040634,0.020472697415429703
YHR213W-A,0.9605263157894737,1.4536050040713597,0.01449419432718284,0.17953811169040634,0.020472697415429703
YHR214W,0.9605263157894737,1.4536050040713597,0.01449419432718284,0.17953811169040634,0.020472697415429703
YHR218W,0.9605263157894737,1.4536050040713597,0.01449419432718284,0.17953811169040634,0.020472697415429703
YHR219W,0.9605263157894737,1.4536050040713597,0.01449419432718284,0.17953811169040634,0.020472697415429703
YIL014C-A,0.9605263157894737,1.4536050040713597,0.01449419432718284,0.17953811169040634,0.020472697415429703
YIL049W,0.9605263157894737,1.4536050040713597,0.01449419432718284,0.17953811169040634,0.020472697415429703
YIL080W,0.9605263157894737,1.4536050040713597,0.01449419432718284,0.17953811169040634,0.020472697415429703
YIL082W-A,0.9605263157894737,1.4536050040713597,0.01449419432718284,0.17953811169040634,0.020472697415429703
YIR041W,0.9605263157894737,1.4536050040713597,0.01449419432718284,0.17953811169040634,0.020472697415429703
YJL027C,0.9605263157894737,1.4536050040713597,0.01449419432718284,0.17953811169040634,0.020472697415429703
YJL028W,0.9605263157894737,1.4536050040713597,0.01449419432718284,0.17953811169040634,0.020472697415429703
YJL116C,0.9605263157894737,1.4536050040713597,0.01449419432718284,0.17953811169040634,0.020472697415429703
YJL139C,0.7327485380116959,1.120141469321354,0.004598321753985949,0.10837288421996388,0.01299133020228128
YJL193W,0.4084429824561403,0.9440392603820174,0.0008689127409283844,0.20800562635602177,0.017941071287175113
YJL213W,0.6177944862155389,1.1013905549724263,0.0023314943830011732,0.19344201928398042,0.024352643379047044
YJL225C,0.9605263157894737,1.4536050040713597,0.01449419432718284,0.17953811169040634,0.020472697415429703
YJR086W,0.35526315789473684,0.8793320714373345,0.0005717237082972983,0.09973920418401835,0.025387895768879606
YJR107W,0.9605263157894737,1.4536050040713597,0.01449419432718284,0.17953811169040634,0.020472697415429703
YJR111C,0.9605263157894737,1.4536050040713597,0.01449419432718284,0.17953811169040634,0.020472697415429703
YJR116W,0.9605263157894737,1.4536050040713597,0.01449419432718284,0.17953811169040634,0.020472697415429703
YJR126C,0.9605263157894737,1.4536050040713597,0.01449419432718284,0.17953811169040634,0.020472697415429703
YJR127C,0.5646390566580385,0.9859630302288889,0.0024405368373917047,0.07557749269860295,0.010792255572576726
YJR147W,0.9605263157894737,1.4536050040713597,0.01449419432718284,0.17953811169040634,0.020472697415429703
YJR151C,0.9605263157894737,1.4536050040713597,0.01449419432718284,0.17953811169040634,0.020472697415429703
YJR158W,0.9605263157894737,1.4536050040713597,0.01449419432718284,0.17953811169040634,0.020472697415429703
YKL032C,0.6585213032581453,0.9789184864842759,0.0030436768284368997,0.09548327153341168,0.020184404719696635
YKL043W,0.696078431372549,1.20781835338301,0.004448031294269025,0.16598332318364156,0.017511601919866525
YKL201C,0.4492481203007519,1.014883688722698,0.0015668687861010626,0.0849179211926516,0.010829418801546652
YKR013W,0.39792663476874,1.0116300115272154,0.0004548337845667982,0.2865449805443266,0.05034010789518628
YKR015C,0.9692982456140351,1.4580297828324218,0.032038053976305644,0.1801280747123599,0.024853257373171248
YKR042W,0.502361673414305,0.9663988402378494,0.001030792185551319,0.18836241569634277,0.038085394936131105
YKR045C,0.7449874686716791,1.2082218257508177,0.007216113590565497,0.22626331117485743,0.022302598721711066
YKR098C,0.7211779448621554,1.1161165625929228,0.0050189420390180485,0.14882692041450346,0.016333774473614275
YLL051C,0.7287814129919392,1.1753158078346049,0.004159966694076405,0.14299849442967336,0.015886855400632352
YLL066C,0.9605263157894737,1.4536050040713597,0.01449419432718284,0.17953811169040634,0.020472697415429703
YLL067C,0.9605263157894737,1.4536050040713597,0.01449419432718284,0.17953811169040634,0.020472697415429703
YLR020C,0.6505847953216374,1.0146956125839828,0.0042963146422784594,0.10818534356405395,0.017074686017577157
YLR036C,0.439922480620155,0.9552962553255766,0.0016337239918687767,0.09179865861303643,0.011821971702128047
YLR121C,0.3654970760233918,0.7902303414979923,0.00020798693635885648,0.05680251336249208,0.0657293034037223
YLR139C,0.6238596491228069,0.9373870281765018,0.002285058861448065,0.19665622208271677,0.03220913386161852
YLR151C,0.9605263157894737,1.4536050040713597,0.01449419432718284,0.17953811169040634,0.020472697415429703
YLR188W,0.5575438596491228,1.0059654344193818,0.0021851732359338804,0.08469303085945257,0.020492178487730994
YLR286C,0.5851393188854489,1.054437615996078,0.001887961896969785,0.18817146900566106,0.027458193647497933
YLR363W-A,0.6109022556390977,1.1070351310850595,0.0025965939432820956,0.21689822664818176,0.03224616155471573
YLR390W,0.7664473684210527,1.216842723004695,0.005782469269822489,0.10627636449320738,0.013227889407136803
YLR390W-A,0.9605263157894737,1.4536050040713597,0.01449419432718284,0.17953811169040634,0.020472697415429703
YLR437C,0.5737874097007224,1.007428944702181,0.0014089725572177876,0.2504704782453161,0.03505033110089488
YLR446W,0.5724310776942355,0.9460558055019955,0.0023427792725995568,0.07397287152262513,0.016793961055391094
YLR459W,0.9605263157894737,1.4536050040713597,0.01449419432718284,0.17953811169040634,0.020472697415429703
YLR461W,0.9605263157894737,1.4536050040713597,0.01449419432718284,0.17953811169040634,0.020472697415429703
YLR462W,0.9605263157894737,1.4536050040713597,0.01449419432718284,0.17953811169040634,0.020472697415429703
YLR464W,0.9605263157894737,1.4536050040713597,0.01449419432718284,0.17953811169040634,0.020472697415429703
YLR466W,0.6973684210526315,1.0884776989495684,0.053494038502090245,0.19046182215161,0.04883678037341825
YML039W,0.9605263157894737,1.4536050040713597,0.01449419432718284,0.17953811169040634,0.020472697415429703
YML040W,0.6517709367759019,1.0409713121831794,0.007140033250351344,0.13687979723809027,0.017966424043328204
YML053C,0.3698830409356725,0.918316848596662,0.00029074724457485754,0.15648916944851318,0.06444980461074384
YML076C,0.4557589626239511,0.8983781963077628,0.0010118598555412138,0.11883679904354852,0.024263146744197172
YML081W,0.9605263157894737,1.4536050040713597,0.01449419432718284,0.17953811169040634,0.020472697415429703
YML104C,0.35526315789473684,0.8793320714373345,0.0005717237082972983,0.09973920418401835,0.025387895768879606
YML107C,0.46453089244851253,0.9463656606504398,0.0010176837705473624,0.1397313989074793,0.020649798482749795
YML108W,0.5438596491228069,1.0839906614080421,0.0005217228805039112,0.39431827251457097,0.13323465116653713
YML133C,0.9605263157894737,1.4536050040713597,0.01449419432718284,0.17953811169040634,0.020472697415429703
YMR002W,0.7327485380116959,1.1283183318289252,0.004598321753985949,0.11127761196437269,0.012783937825977506
YMR006C,0.9605263157894737,1.4536050040713597,0.01449419432718284,0.17953811169040634,0.020472697415429703
YMR011W,0.8070175438596491,1.27314718000226,0.0053913413799559756,0.1474389418016574,0.015404057871750454
YMR038C,0.6047634910059959,0.9856706814057087,0.002908309725613928,0.08494790706204158,0.008930721549810046
YMR040W,0.9605263157894737,1.4536050040713597,0.01449419432718284,0.17953811169040634,0.020472697415429703
YMR041C,0.7964912280701754,1.207158521303258,0.005502492657316043,0.12005193837241726,0.01578620441619399
YMR045C,0.6517709367759019,1.1471785458097679,0.04315236997023525,0.19906065637882694,0.017743622126403957
YMR050C,0.6329030122476,1.0730925243043914,0.0029673191719768875,0.1730655230240526,0.012949646133125403
YMR073C,0.9605263157894737,1.4536050040713597,0.01449419432718284,0.17953811169040634,0.020472697415429703
YMR090W,0.9605263157894737,1.4536050040713597,0.01449419432718284,0.17953811169040634,0.020472697415429703
YMR134W,0.49614035087719294,1.0694556306019285,0.0015826848438364217,0.0900357807160095,0.01338397877010367
YMR136W,0.583859649122807,0.9299598148669356,0.002285058861448065,0.13258286041759132,0.021194741394443065
YMR148W,0.9605263157894737,1.4536050040713597,0.01449419432718284,0.17953811169040634,0.020472697415429703
YMR164C,0.9605263157894737,1.4536050040713597,0.01449419432718284,0.17953811169040634,0.020472697415429703
YMR166C,0.9605263157894737,1.4536050040713597,0.01449419432718284,0.17953811169040634,0.020472697415429703
YMR195W,0.9605263157894737,1.4536050040713597,0.01449419432718284,0.17953811169040634,0.020472697415429703
YMR206W,0.9605263157894737,1.4536050040713597,0.01449419432718284,0.17953811169040634,0.020472697415429703
YMR310C,0.7431077694235588,1.2012328840393667,0.0028375271597502437,0.24502839661403641,0.04223821983217131
YMR312W,0.7664473684210527,1.2025697524426966,0.005782469269822489,0.10421864069895963,0.013371551458571145
YMR325W,0.9605263157894737,1.4536050040713597,0.01449419432718284,0.17953811169040634,0.020472697415429703
YNL003C,0.4138755980861244,0.8858226647700331,0.0007159175360117056,0.2698993661978617,0.02690834558074258
YNL012W,0.6902834008097166,1.02452934662237,0.005106918324123472,0.09273746298221408,0.015397139975514259
YNL036W,0.9667919799498746,1.4397426929371175,0.013820922276894437,0.2227025917820124,0.030804822573957454
YNL054W,0.6282894736842105,1.0030904183535763,0.0026925643969388092,0.09584971167410933,0.030656643985486294
YNL122C,0.5707017543859649,0.9595907261489757,0.002497803985190571,0.1676034872817674,0.01986409518869485
YNL146W,0.5868421052631579,1.0116805267807227,0.0026773751717001576,0.09499304318732167,0.011338611653890942
YNL148C,0.6945773524720893,1.1245413370026374,0.0029941255406543705,0.11120395630017398,0.018258013627083187
YNL158W,0.9605263157894737,1.4536050040713597,0.01449419432718284,0.17953811169040634,0.020472697415429703
YNL167C,0.5263157894736842,1.0486045676851976,0.25042296617452336,0.3858625094712333,0.12706471353681714
YNL190W,0.594298245614035,1.0270659311022317,0.002767201956400933,0.15698629963443822,0.022574478465836247
YNL234W,0.7135964912280701,1.0835381736626783,0.004687198216103567,0.10757996184586331,0.014720479728916675
YNL241C,0.35526315789473684,0.8215922803642102,0.0005717237082972983,0.05562892569082768,0.02938507449649909
YNL269W,0.9605263157894737,1.4536050040713597,0.01449419432718284,0.17953811169040634,0.020472697415429703
YNL275W,0.9692982456140351,1.4558076472431658,0.01449419432718284,0.18641113522386615,0.02392886233086628
YNL294C,0.5614035087719298,1.0345342250316827,0.0008143859600854421,0.19317158788555083,0.12331583243966837
YNL305C,0.5964912280701754,1.0892969784458602,0.002404925673525176,0.18946115564407934,0.01654265349567521
YNL322C,0.6679907315458458,1.216053902199413,0.004174965103923487,0.18200078057020933,0.015392045215490324
YNL327W,0.6868586560741476,1.233903527525674,0.004174965103923487,0.20222977403774745,0.02209147705055891
YNL328C,0.6300799467021985,1.0283157556297304,0.002908309725613928,0.15010355444373893,0.011641902884548827
YNL339C,0.354881769641495,0.8133907514610247,0.0005892952335956542,0.060646868318520425,0.024107220024257636
YNR009W,0.41929824561403506,1.0594167969428523,0.00019275642712812666,0.31629001821777136,0.07237523879559062
YNR014W,0.533625730994152,0.976513748138462,0.0013715976343064739,0.19152121128898855,0.03153780279904768
YNR030W,0.46317829457364335,1.0240340924120375,0.0024885431606414335,0.1426629365337721,0.01564961045676281
YNR044W,0.6868586560741476,1.2203946065401174,0.004174965103923487,0.19849560383914916,0.0223552187786865
YNR055C,0.43893387314439947,0.9633410799037515,0.28278218589601767,0.13580826684118666,0.07890515140544976
YNR066C,0.26425438596491224,0.9348846994938326,0.0002457745938866645,0.2526597900859914,0.03449844600526355
YNR067C,0.4331983805668016,0.9675578368999421,0.0010279289159550265,0.16184923159259326,0.02015388252999212
YNR070W,0.46453089244851253,0.8385043747069622,0.0010176837705473624,0.06394486337238224,0.026917533939236897
YNR072W,0.3014354066985646,0.8387123312259429,0.0002781134920809894,0.09098204596201964,0.05396407047295518
YOL007C,0.6679907315458458,1.216053902199413,0.004174965103923487,0.18200078057020933,0.015392045215490324
YOL019W,0.7135964912280701,1.0835381736626783,0.004687198216103567,0.10757996184586331,0.014720479728916675
YOL020W,0.7264752791068579,1.1966010928578237,0.007997010899453285,0.10819780359756909,0.013193278112214218
YOL036W,0.6785512167515562,1.0041628606958288,0.0033690193784905813,0.16741729441636735,0.02452358100899773
YOL043C,0.5964912280701754,1.0892969784458602,0.002404925673525176,0.18946115564407934,0.01654265349567521
YOL119C,0.9667919799498746,1.4397426929371175,0.013820922276894437,0.2227025917820124,0.030804822573957454
YOL136C,0.7268170426065163,1.1855681454688616,0.003368867120388625,0.24577497465239995,0.031645504074773984
YOL153C,0.7211779448621554,1.1819581467513387,0.0050189420390180485,0.16608434779296238,0.016834626992593006
YOL155C,0.9605263157894737,1.4536050040713597,0.01449419432718284,0.17953811169040634,0.020472697415429703
YOL161C,0.9605263157894737,1.4536050040713597,0.01449419432718284,0.17953811169040634,0.020472697415429703
YOL165C,0.9605263157894737,1.4536050040713597,0.01449419432718284,0.17953811169040634,0.020472697415429703
YOR002W,0.6783625730994152,1.119977427543217,0.0042963146422784594,0.2506051628952355,0.022455731977692135
YOR003W,0.5986842105263157,1.1049380146559586,0.0022037015542911978,0.14516039585276858,0.020702651844865055
YOR006C,0.6986944104447165,1.0919306303817287,0.003575350860661755,0.10262807218917662,0.013487232457320128
YOR012W,0.9605263157894737,1.4536050040713597,0.01449419432718284,0.17953811169040634,0.020472697415429703
YOR019W,0.9605263157894737,1.4536050040713597,0.01449419432718284,0.17953811169040634,0.020472697415429703
YOR022C,0.9605263157894737,1.4536050040713597,0.01449419432718284,0.17953811169040634,0.020472697415429703
YOR030W,0.7824692327834512,1.1260892984473085,0.006006364400930363,0.1087690064705736,0.011109482490942561
YOR040W,0.7964912280701754,1.1917739059186427,0.005502492657316043,0.11845080732163142,0.015622470533593846
YOR052C,0.7149122807017544,1.165410042702063,0.0035498158490865224,0.14524765054113897,0.02116322445729945
YOR060C,0.9605263157894737,1.4536050040713597,0.01449419432718284,0.17953811169040634,0.020472697415429703
YOR066W,0.5192982456140351,1.1149723524984076,0.0705631267974985,0.39029943565067354,0.10133667143951537
YOR092W,0.26425438596491224,0.8039323185414516,0.0002457745938866645,0.06583678080766663,0.03838581117210665
YOR107W,0.35526315789473684,0.8793320714373345,0.0005717237082972983,0.09973920418401835,0.025387895768879606
YOR137C,0.4985380116959064,1.0688104822963926,0.0015325552610462089,0.23909197805934243,0.03122836150879367
YOR147W,0.6679907315458458,1.216053902199413,0.004174965103923487,0.18200078057020933,0.015392045215490324
YOR149C,0.6679907315458458,1.216053902199413,0.004174965103923487,0.18200078057020933,0.015392045215490324
YOR172W,0.25087719298245614,0.874641291388031,0.00016481688624811014,0.12366668412499719,0.0321876396033491
YOR190W,0.9605263157894737,1.4536050040713597,0.01449419432718284,0.17953811169040634,0.020472697415429703
YOR208W,0.3333333333333333,0.8810857271383588,0.0004847253447286076,0.08294040017541149,0.02736763453027091
YOR221C,0.9605263157894737,1.4536050040713597,0.01449419432718284,0.17953811169040634,0.020472697415429703
YOR245C,0.5986842105263157,1.1049380146559586,0.0022037015542911978,0.14516039585276858,0.020702651844865055
YOR247W,0.7294926505452821,1.092797494500778,0.004807073823895144,0.12240596638129075,0.01791794756430603
YOR291W,0.9605263157894737,1.4536050040713597,0.01449419432718284,0.17953811169040634,0.020472697415429703
YOR296W,0.644736842105263,1.053932244404114,0.0028117772935132477,0.15010523765511435,0.030514395290611014
YOR302W,0.5388471177944862,0.9608315379091001,0.0017739438272341634,0.1268370164684312,0.026131025972678048
YOR303W,0.5526315789473684,1.079036783846965,0.0011995741687372086,0.3584583011544533,0.09066374011974299
YOR315W,0.45964912280701753,0.9921540565640736,0.0005476947157027815,0.2376588731708869,0.04895900904248556
YOR328W,0.5535087719298245,1.1276549153495985,0.0019348000850467307,0.11239562119954222,0.02614603324220907
YOR342C,0.7824692327834512,1.133723060182793,0.006006364400930363,0.11355828333448567,0.011038922644793989
YOR349W,0.6291866028708133,1.0820579146730462,0.18332974299862229,0.1942378269613237,0.07793242913898688
YOR372C,0.3840852130325814,0.9781917383758675,0.00028449367371850793,0.19467703718448118,0.07314583771630319
YOR382W,0.9605263157894737,1.4536050040713597,0.01449419432718284,0.17953811169040634,0.020472697415429703
YOR383C,0.9605263157894737,1.4536050040713597,0.01449419432718284,0.17953811169040634,0.020472697415429703
YOR384W,0.9605263157894737,1.4536050040713597,0.01449419432718284,0.17953811169040634,0.020472697415429703
YOR390W,0.9605263157894737,1.4536050040713597,0.01449419432718284,0.17953811169040634,0.020472697415429703
YPL036W,0.3333333333333333,0.8420078419084119,0.0003025992911656412,0.21774984097537634,0.03948779138912363
YPL054W,0.39561403508771925,0.9088176410683702,0.0005257996064609202,0.20014791789618902,0.03800132469315897
YPL056C,0.6783625730994152,1.119977427543217,0.0042963146422784594,0.2506051628952355,0.022455731977692135
YPL057C,0.7372408293460925,1.152947589794676,0.003256525958530524,0.18228586671531852,0.030027140796492838
YPL064C,0.769736842105263,1.2375676399463018,0.005567246198913567,0.23937921123976813,0.025633281370955573
YPL065W,0.5207017543859649,1.0340438800965117,0.024223322344509066,0.2746004003651191,0.05108338283152121
YPL066W,0.5269423558897243,1.0039270324935146,0.00028449367371850793,0.4530760209991057,0.11849286612408412
YPL067C,0.9605263157894737,1.4536050040713597,0.01449419432718284,0.17953811169040634,0.020472697415429703
YPL068C,0.6679907315458458,1.216053902199413,0.004174965103923487,0.18200078057020933,0.015392045215490324
YPL072W,0.9605263157894737,1.4536050040713597,0.01449419432718284,0.17953811169040634,0.020472697415429703
YPL075W,0.7872807017543859,1.1566923470648454,0.005930223406938329,0.10356988368653443,0.014818214174543001
YPL089C,0.6228070175438596,1.0195782994313571,0.006672350993582076,0.11005135888223203,0.025144204075502913
YPL113C,0.6868586560741476,1.2203946065401174,0.004174965103923487,0.1984956038391492,0.0223552187786865
YPL135W,0.38784461152882205,0.86232670837934,0.0718338182527188,0.3330934974599698,0.043439234256020635
YPL156C,0.5707017543859649,1.0410106903241914,0.002497803985190571,0.15789178971782072,0.023295017805437617
YPL158C,0.45850202429149794,0.9491490989053013,0.001031176801730289,0.2935296042271635,0.043440256562418934
YPL163C,0.9605263157894737,1.4536050040713597,0.01449419432718284,0.17953811169040634,0.020472697415429703
YPL179W,0.41666666666666663,0.8483503366229996,0.0003025992911656412,0.38277167940323553,0.06525778440473995
YPL184C,0.5851393188854489,0.974905452253388,0.001887961896969785,0.10900656101604275,0.030812857093946985
YPL196W,0.9605263157894737,1.4536050040713597,0.01449419432718284,0.17953811169040634,0.020472697415429703
YPL202C,0.9605263157894737,1.4536050040713597,0.01449419432718284,0.17953811169040634,0.020472697415429703
YPL216W,0.5087719298245614,0.9624069048818402,0.3503323971445716,0.12987313390355548,0.12338257291147632
YPL229W,0.5954790823211875,1.0332501743655775,0.002683208612290652,0.09104754790886883,0.015957463698503753
YPL230W,0.9605263157894737,1.4536050040713597,0.01449419432718284,0.17953811169040634,0.020472697415429703
YPL250C,0.696078431372549,1.20781835338301,0.004448031294269025,0.16598332318364156,0.017511601919866525
YPL252C,0.9605263157894737,1.4536050040713597,0.01449419432718284,0.17953811169040634,0.020472697415429703
YPL276W,0.9605263157894737,1.4536050040713597,0.01449419432718284,0.17953811169040634,0.020472697415429703
YPL279C,0.8154080854309687,1.292132083806639,0.006139736305822918,0.2443403736548997,0.02754397196940048
YPL283C,0.600250626566416,1.1008024679705,0.0028375271597502437,0.11946556419751175,0.02007075831767802
YPR005C,0.3333333333333333,0.8850700428653497,0.0003025992911656412,0.20696559442916848,0.039857292810100614
YPR011C,0.9605263157894737,1.4536050040713597,0.01449419432718284,0.17953811169040634,0.020472697415429703
YPR013C,0.706140350877193,1.0577063652721548,0.013502663848627666,0.14639995698010225,0.0302798448988639
YPR015C,0.7294926505452821,1.0669072752502726,0.057926860277014935,0.10162071121077841,0.024381873524873646
YPR022C,0.5354251012145749,0.9671671169233194,0.15487733064788414,0.3405731874812627,0.08066173522609453
YPR040W,0.8596491228070176,1.1909455525040145,0.25403217393535954,0.47565988220994915,0.07921029779849345
YPR042C,0.502361673414305,0.9941766180156273,0.001030792185551319,0.20588112722825783,0.0382337932468497
YPR043W,0.7043859649122808,1.222235160171816,0.0026893308087980426,0.37950200246458266,0.11013663084705441
YPR063C,0.7069377990430621,1.0497947082248489,0.0039644776820830716,0.14441682928447477,0.014370912931869331
YPR065W,0.49614035087719294,0.8689411027568922,0.0014504820636114992,0.1739673591107929,0.02487346053179954
YPR078C,0.6603551561831408,1.056802605218548,0.0032271694807393127,0.10240576706173216,0.014355972932792609
YPR083W,0.5149638802889577,0.9790601503759397,0.001434720176209605,0.16226679838078206,0.03259224487993742
YPR084W,0.9605263157894737,1.4536050040713597,0.01449419432718284,0.17953811169040634,0.020472697415429703
YPR089W,0.4859649122807017,1.0936887984989796,0.001032611714323587,0.29176873969937234,0.05553889861480269
YPR141C,0.8123199790521078,1.201864428095328,0.009321824484268278,0.13860803858685866,0.014528458611137949
YPR149W,0.5895252837977296,1.1381513092039408,0.0024572664563810766,0.18968787859100433,0.026345130544322075
YPR151C,0.6505847953216374,1.0194549991519362,0.0042963146422784594,0.09480264663377566,0.019078530329533494
YPR153W,0.45964912280701753,0.9523662581555855,0.0005476947157027815,0.16445695306129648,0.05053310267572649
YPR155C,0.6233552631578947,1.0525637204549447,0.003254665450826097,0.10724223028791012,0.012810987543206072
YPR174C,0.5207336523125997,1.0348437808003155,0.05568089897867822,0.08209141399525004,0.03399594805899652
YPR182W,1.278281911675741,1.4767591637044681,0.02624766780435101,0.2759778397140594,0.03080594519320231
YPR183W,0.3333333333333333,0.835947235847806,0.0003025992911656412,0.06278144331410634,0.04186223320291715
YPR185W,0.5707017543859649,0.9101733312259628,0.002497803985190571,0.1420936795486958,0.020094951837102144
YPR188C,0.7558084400189663,1.18445273831985,0.004159966694076405,0.1796110047327693,0.020233217788820947
YPR194C,0.7188995215311004,1.213012323021936,0.007352744698871209,0.11326479655202702,0.012649904146604772
YPR202W,0.9605263157894737,1.4536050040713597,0.01449419432718284,0.17953811169040634,0.020472697415429703
YPR203W,0.6979949874686716,1.1003194423373048,0.003958385901025471,0.11105447570861354,0.016468119836380683
YPR204W,0.9605263157894737,1.4536050040713597,0.01449419432718284,0.17953811169040634,0.020472697415429703
YPR172W,0.8934468524251805,1.2160281612842831,0.009094843129718347,0.12866777435850202,0.02879708981850735
YGR093W,0.3292397660818713,1.0013971251475402,0.0004667932324213911,0.05242340262493357,0.007885196837250703
YOR150W,0.7070175438596491,1.2049914446146759,0.0010339413811268003,0.2002549849059255,0.0268474193124976
YPR103W,0.8867167919799498,1.2072498353527417,0.04596026579289938,0.3067514846372106,0.05161971860481588
YJL174W,0.6463317384370015,1.0228067447242535,0.003256525958530524,0.08327193112695189,0.023940580818322427
YOR065W,0.655396402398401,1.0708630200504858,0.07691025714528286,0.15655186085620126,0.01840655099122799
YOR125C,0.42355889724310775,0.8090066222723686,0.15825357133913845,0.10712330923659366,0.05197513939055735
YOR075W,0.6629997123957434,1.0566403920827212,0.007150237883158324,0.11288173804658966,0.02063082209142743
YPR031W,0.45614035087719296,0.7709564687118866,0.0006661126243265808,0.3442743156403122,0.03775661982656312
YPR168W,1.5403508771929824,1.6428713830029618,0.01654178802261001,0.29504113881978244,0.04536214902012889
YKL137W,1.0007974481658692,1.4924463476310366,0.02169361697050688,0.16929065078768568,0.04288372956110358
YKL086W,0.25087719298245614,0.8164114777234348,0.00016481688624811014,0.0579022148156938,0.03641247155023428
YOL061W,0.7506265664160401,1.0278162690821493,0.07123106157123212,0.48283246827631815,0.08896741136359973
YOL121C,0.5012531328320802,0.9459548919114265,0.0010582740490148294,0.1419932849350016,0.0354933378217973
YMR293C,0.4265350877192982,0.8850383114585423,0.0007608512626089609,0.06763542447210415,0.03435071315121494
YPR173C,0.600701754385965,1.1114133191680784,0.11226565038683713,0.34333159480811304,0.06973104425004147
YOR242C,0.49614035087719294,1.0425522138680032,0.0015826848438364217,0.08166479080303785,0.013796647542455421
YOR249C,0.896140350877193,1.255482914603582,0.09069379595494752,0.30675049027642665,0.05913616967425481
YPL255W,0.576140350877193,1.0843233082706767,0.006823425584577163,0.10270877695483654,0.025087677098513027
YPR018W,0.49923722349351635,0.9048983947485849,0.0010118598555412138,0.27157387805479294,0.03408849646796037
YMR244W,0.7385964912280701,1.1149398293863437,0.009174377703283054,0.1203119724056391,0.018969129938718226
YLR272C,0.5692982456140351,0.973890114800807,0.002731960108543437,0.12550112036362768,0.03398486071951066
YOL122C,0.6228070175438596,1.1061465516639069,0.002404925673525176,0.22429756104412885,0.02424509303030137
YLR453C,0.43421052631578944,0.9491490989053013,0.0010500524423145,0.11041664338834174,0.023134506330268263
YMR113W,0.46453089244851253,0.8987390279648713,0.0009941114431181368,0.11452981606892196,0.022998008241359395
YPR165W,0.6973684210526315,1.0091810927484413,0.3288966261584746,0.35158786747459847,0.11638588244785787
YOR025W,0.7219502243982048,1.1749165806673547,0.004341782839385521,0.157293232433114,0.015979661182376228
YPR104C,0.5921052631578948,0.9649483257782853,0.08522698903157354,0.14845594573264537,0.04398279097941928
YNL035C,0.43893387314439947,1.0143214720606144,0.15457705769088947,0.2945311828316726,0.08003080623347601
YNL169C,0.36201079622132254,0.987238138727281,0.0007309038447356202,0.26687873815312324,0.04280622081923183
YNR069C,0.3175438596491228,0.811712229603134,0.13349815021958147,0.06264931541344478,0.06587334498691887
YOR317W,0.9228586171310629,1.3721481211063524,0.009094843129718347,0.2575321160675207,0.03835326155126231
YOR374W,0.36201079622132254,0.987238138727281,0.0007309038447356202,0.26687873815312324,0.04280622081923183
YPR143W,1.1211272863008586,1.3920272025946803,0.008789446606213877,0.19044669986869522,0.030322624790424524
YEL016C,0.600250626566416,1.0121146851650702,0.0028375271597502437,0.0831905594372188,0.022762753539738247
YKL094W,0.5444862155388471,1.0255888713904975,0.0017120488093298664,0.1511531630460573,0.021099362533860584
YMR152W,0.49686716791979946,0.980172944921045,0.0015668687861010626,0.10540678876646176,0.01591693644061743
YOR059C,0.47527910685805425,0.9447029357298928,0.00113544443322368,0.06705709024709555,0.0224573851187957
YGR157W,0.5275689223057644,0.9639086352244246,0.002042062765172817,0.12818414794314062,0.04269589043994419
YPR138C,0.9649122807017543,1.3387224012411982,0.008629378663742226,0.2102883133944739,0.02379658149694608
YPL263C,0.30877192982456136,0.8538531432878862,0.00039533409600053495,0.043335044302951625,0.02478048320678562
YOR120W,0.42724458204334365,1.0702821242294926,0.0009178596447567389,0.09026689817103015,0.018458569434418894
YKR049C,0.7069377990430621,0.9817542335551344,0.0039644776820830716,0.09365973557205168,0.017173347267297318
YMR222C,0.487719298245614,1.0260340096050182,0.0012782750562073592,0.2789496404481515,0.036889179489440496
YPL223C,0.487719298245614,1.0260340096050182,0.0012782750562073592,0.2789496404481515,0.036889179489440496
YPR033C,0.487719298245614,1.0260340096050182,0.0012782750562073592,0.2789496404481515,0.036889179489440496
YPL183C,0.5964912280701754,0.8975444011262725,0.002404925673525176,0.07838429550007436,0.01981587402669873
YPL265W,0.9122807017543859,1.306458250297802,0.010462302778869607,0.18252052633017715,0.021893126402222858
YPR108W,1.2280701754385963,1.4566064065764803,0.009765260065219376,0.30421258421353836,0.04083506607576794
YGR036C,0.9960127591706539,1.3267208221124465,0.02169361697050688,0.12038765856412303,0.04104334392384101
YGR201C,0.5495716034271726,0.9523008638593259,0.002383498344407169,0.07587987564116326,0.01285010354082551
YPR116W,0.3624871001031992,0.9095528035775713,0.49270170066507,0.022775954053528287,0.09590521813718196
YPL154C,0.6507017543859649,0.9798966690215898,0.15916447065185724,0.09687129067595518,0.0637791370132753
YPL254W,1.224780701754386,1.411174706810363,0.02926142221683894,0.2886160303000327,0.039487875908929944
YHR002W,0.5149638802889577,0.9664815340237385,0.001434720176209605,0.14733018944902512,0.03269846163417677
YOR346W,0.5427154843630816,1.024341685151576,0.30140711677253723,0.30086440100148226,0.05317832936080352
YOR297C,0.655396402398401,1.0146792493371652,0.007162929673617773,0.11031770038169647,0.016934283590952566
YFL053W,0.40350877192982454,0.7626231353785533,0.0006661126243265808,0.049587965059497745,0.03308875048892977
YPR055W,0.8087719298245614,1.084946462329468,0.02465544987869081,0.43795281525329377,0.08165202494144337
YPL173W,0.4847953216374269,1.0776835232329012,0.0009214522098076412,0.10518602616873071,0.015734810899968754
YKR106W,0.7037480063795852,1.1937444137472897,0.007336019473037797,0.1019398074442942,0.011955020537521234
YNL336W,0.7037480063795852,1.1760518681240297,0.007328533460105664,0.09660618164280468,0.012062278641509187
YPL274W,0.8401116427432216,1.2686498361936958,0.012331536451743747,0.17321480763172664,0.018616923192978606
YPR124W,0.5087719298245614,0.7905643118491416,0.205344475197426,0.04974990697043048,0.08358176745064544
YPR192W,0.7719298245614035,1.249846417390277,0.009105658996671859,0.13724276073236152,0.015494627477892996
YBR213W,0.7287814129919392,1.1753158078346049,0.004159966694076405,0.14299849442967336,0.015886855400632352
YFL010W-A,0.7287814129919392,1.1753158078346049,0.004159966694076405,0.14299849442967336,0.015886855400632352
YLR356W,0.7558084400189663,1.2312224012411983,0.004159966694076405,0.2063996619116911,0.021119685973142746
YLR443W,0.7287814129919392,1.1753158078346049,0.004159966694076405,0.14299849442967336,0.015886855400632352
YNL202W,0.5103668261562998,0.9729673024684768,0.001530952152726873,0.20155565344293166,0.026521768942236172
YOL109W,0.6528822055137844,0.9682158012462909,0.002789612191009502,0.10464925612753417,0.03047776215193658
YPL019C,0.517056530214425,0.9908884043743147,0.005825320404022031,0.07025507640479425,0.02318880492403918
YPL242C,0.7828354670459934,1.2430813756001724,0.058214020748130466,0.20854593773465596,0.030425280889690806
YGL065C,0.439922480620155,0.9552962553255766,0.0016337239918687767,0.09179865861303643,0.011821971702128047
YOL138C,0.6704260651629073,1.1642453355611249,0.38665744738055746,0.31453332045034443,0.1022489197907217
YPL177C,0.4013157894736842,0.9990689639700273,0.0004229661745233375,0.3229859689179538,0.06772944561890851
YPR068C,0.5359649122807018,1.056714875044922,0.0015825348211871153,0.21646502471049195,0.023495942203695837
YPL046C,0.6144338118022328,1.0410500889905925,0.16292570328028974,0.3785907985764012,0.048965070063700857
YPL132W,0.6047634910059959,0.9214157043404039,0.002908309725613928,0.07894394929111566,0.009998749331115272
YLR411W,0.4396929824561403,1.040809019832189,0.2236511708054445,0.24409983924484083,0.029040552438131858
YMR251W,0.4084429824561403,0.9050514440746134,0.0008689127409283844,0.08848738905095432,0.01869474551727919
YPR035W,0.3698830409356725,1.0221630024428159,0.00029074724457485754,0.29691156524298123,0.06056572207639491
YNL239W,0.5964912280701754,1.027979183734968,0.002404925673525176,0.13762315244186518,0.016042762780211977
YPR036W,0.9615009746588694,1.214707138831347,0.08204638112800672,0.3449833783231812,0.06625309427923187
YIL138C,0.7287814129919392,1.1020557345745314,0.004159966694076405,0.11308007736792025,0.01620133839413184
YLR092W,0.7287814129919392,1.1020557345745314,0.004159966694076405,0.11308007736792025,0.01620133839413184
YOR371C,0.7057416267942583,1.1800228630085852,0.6279689592737054,0.5773570301017527,0.13742738361208817
YOL064C,0.9667919799498746,1.4397426929371175,0.013820922276894437,0.2227025917820124,0.030804822573957454
YOL089C,0.6528822055137844,1.0028749859302322,0.002789612191009502,0.13525916418067685,0.030330751374733195
YPR133C,0.873372948500283,1.290350270209025,0.004132482598478257,0.21823951394504418,0.028776824932974933
YPR003C,0.4492481203007519,0.9267718006108099,0.0015668687861010626,0.05889839327092405,0.013001298866724343
YGL235W,0.696078431372549,1.20781835338301,0.004448031294269025,0.16598332318364156,0.017511601919866525
YHR159W,0.696078431372549,1.20781835338301,0.004448031294269025,0.16598332318364156,0.017511601919866525
YIR031C,0.696078431372549,1.20781835338301,0.004448031294269025,0.16598332318364156,0.017511601919866525
YJR054W,0.696078431372549,1.20781835338301,0.004448031294269025,0.16598332318364156,0.017511601919866525
YLR307W,0.5986842105263157,1.1049380146559586,0.0022037015542911978,0.14516039585276858,0.020702651844865055
YNL257C,0.696078431372549,1.20781835338301,0.004448031294269025,0.16598332318364156,0.017511601919866525
YOR032C,0.7006102212051869,1.0513905549724263,0.19008733547936565,0.10482045248450177,0.05093629698485024
YOR037W,0.3014354066985646,0.9114997588520802,0.0002781134920809894,0.16725259643298973,0.050856987382227783
YOR195W,0.6026315789473684,1.0738446809071223,0.03874728577904152,0.23753714788494945,0.04099432554754008
YPL155C,0.8123199790521078,1.1536413061879955,0.0069278033820708365,0.11102088375034912,0.015023319422820742
YPL267W,0.6571319603356216,1.0357796952439196,0.0023402999062431154,0.26586531538955593,0.028123074316314577
YHR150W,0.769736842105263,1.2375676399463018,0.005567246198913567,0.23937921123976813,0.025633281370955573
YNL291C,0.6242690058479532,0.9706361601332709,0.03288560862896721,0.268887412964827,0.0478590859027788
YPR152C,0.6238596491228069,1.0579961040094583,0.14172950330589248,0.2317919341258472,0.0348658320624662
YMR178W,0.39561403508771925,0.9534604982112274,0.0005257996064609202,0.2394030342491932,0.03589206372803492
YCL005W,0.5646390566580385,1.03551485095718,0.0024405368373917047,0.09261392867621279,0.009604558642740568
YMR212C,0.7368421052631579,1.1847807954017822,0.005160264765365429,0.1031704583953108,0.011899860971322042
YMR247C,0.5724310776942355,1.0918385198372957,0.0023427792725995568,0.10717973243127657,0.012221725997902793
YNR071C,0.5646390566580385,1.03551485095718,0.0024405368373917047,0.09261392867621279,0.009604558642740568
YOR122C,0.5646390566580385,1.03551485095718,0.0024405368373917047,0.09261392867621279,0.009604558642740568
YOR129C,0.6902834008097166,0.9949765914951151,0.005106918324123472,0.08707125650667394,0.01588588855293373
YOR316C,0.7123623011015912,1.1390254296161497,0.01717054469291531,0.30464953451622745,0.03425164835138043
YLL042C,0.48717948717948717,1.0041452009653764,0.0008150294528699447,0.3315096834006008,0.05830463947905856
YNL208W,0.41025641025641024,0.980248142141847,0.0008150294528699447,0.21954103111873577,0.03509567778212835
YNL040W,0.8140350877192981,1.2753147465266137,0.0035721697048102436,0.39562043178406137,0.11221779939087435
YOR119C,0.9298245614035087,1.3156330975744446,0.011786017561530603,0.21952144958033154,0.031128030915680078
YNL242W,0.4220846233230134,1.0535645017065276,0.5148790277497245,0.4260706661090403,0.07019025421925545
YOR205C,0.46679197994987465,1.0967607928553988,0.0012252405864614476,0.0689621547869203,0.008737009936833068
YOR115C,1.1093117408906883,1.4402818594710127,0.08365191193363272,0.3573519665738592,0.09634465998066627
YOR108W,0.7157097288676235,1.0800750935524694,0.004443958830498747,0.1076490479444492,0.01330343949636396
YOR192C-A,0.7384370015948962,1.1907127969819589,0.007615206187792618,0.1678946728652213,0.017100243961448935
YNL185C,0.5292397660818713,1.1057944677606373,0.037068388518227184,0.12276277309654961,0.02010228738619095
YLR152C,0.7318511796733211,1.1033258649185043,0.004551476452703929,0.12771603306314,0.01674357793962003
YNL141W,0.6603551561831408,1.054240425491014,0.0032271694807393127,0.105999420433663,0.013298310274201426
YPR028W,0.8552631578947367,1.2374918245302688,0.012062415772449524,0.17368343323252755,0.019337043383602037
YGL262W,0.7664473684210527,1.1707900914257476,0.005782469269822489,0.10219142086332,0.01331928995637364
YNL253W,1.131578947368421,1.3868908489739593,0.009227108833183473,0.3706748604816821,0.0620447387878741
YPR179C,0.4331983805668016,0.8039897617825712,0.0010279289159550265,0.05545877365894498,0.025790868137949532
YKL105C,0.3014354066985646,0.9640684565820683,0.0002781134920809894,0.27658772059126024,0.04955365622884897
YNL267W,0.7440884820747521,1.0569194011262724,0.03659589937923388,0.3271243827170666,0.04819825064883021
YPR075C,0.4331983805668016,0.9675578368999421,0.0010279289159550265,0.16184923159259326,0.02015388252999212
YPR088C,0.7368421052631579,1.0858599697288271,0.04558688781623434,0.39342860596598345,0.07096811645582365
YPR024W,0.6300799467021985,1.0489949403288787,0.008261689773351791,0.12010568471193826,0.012588955274500447
YCR097W,0.38596491228070173,0.9187841398367714,0.026800514818412818,0.18830980017981258,0.04378011096028472
YOR323C,0.33897243107769426,0.8250747734476139,0.00025074253656281716,0.05086563125535391,0.04061204531074822
YML011C,0.8098624940730204,1.2091985917173886,0.02910991664402635,0.20185085885120926,0.033614603458321304
YMR232W,0.6008771929824561,1.0362684647224123,0.002189392811207498,0.1909529115903933,0.04007066064377403
YPR062W,0.4716599190283401,0.8808911702332755,0.07795100583903196,0.11079488187662112,0.03498812735977586
YFL055W,0.26425438596491224,0.8676578087375301,0.0002457745938866645,0.1278562531603337,0.036000582195711756
YPR051W,0.6571319603356216,0.9298676334495048,0.0023402999062431154,0.07972482720460106,0.03729152553546514
YKL220C,0.7192982456140351,1.1487224012411983,0.005160264765365429,0.09623042346234663,0.010914368924563584
YOR234C,0.7437070938215102,1.2308767056881798,0.0022402277590022925,0.11802379241748204,0.028091512464229265
YOL057W,0.8114035087719298,1.2553256865611742,0.08890057953224689,0.2468574385914356,0.04458363661323615
YPR122W,0.5375939849624061,1.0208911702332755,0.12197468258984319,0.25039909305588837,0.05294378288862762
YMR098C,0.37368421052631573,1.043098542995747,0.00282663503670764,0.06207053258237201,0.011909482845829803
YJL160C,0.6107017543859649,1.063307234359866,0.07983113731852391,0.17093281101501664,0.03726812134828781
YIL134W,0.26425438596491224,0.9348846994938326,0.0002457745938866645,0.2526597900859914,0.03449844600526355
YNL318C,0.26425438596491224,0.9348846994938326,0.0002457745938866645,0.2526597900859914,0.03449844600526355
YPR058W,0.5495716034271726,0.9816243772253924,0.002383498344407169,0.07880857840156105,0.01356402949501705
YNL111C,0.5096899224806202,1.0821702585153692,0.00693865653932624,0.18245088133717197,0.02439459646933411
YJL156C,0.7449874686716791,1.09169795794176,0.05263798965806567,0.11204393882949089,0.027543503030718737
YPL228W,0.5891812865497076,0.9454077573550519,0.0013715976343064739,0.18728146303039195,0.05024470635154895
YOR264W,0.3840852130325814,0.8997603658268478,0.00028449367371850793,0.11313848724262782,0.07858280050547467
YPL109C,0.5833333333333333,1.0692805691811391,0.5337407860175578,0.4415168625342647,0.16201047163755689
YOR367W,0.7024656235182551,1.025406776745786,0.0038728062229608767,0.09547090196745324,0.014732915754443802
YOL104C,0.7069377990430621,1.0497947082248489,0.0039644776820830716,0.14441682928447477,0.014370912931869331
YNR058W,0.6791979949874687,1.0017736790656995,0.003368867120388625,0.09312447283373887,0.025429997575646797
YPR007C,0.6026315789473684,1.0860920783351689,0.06997333941888825,0.2678209400104391,0.043246913488671226
YGR216C,0.45112781954887216,1.0025109649122808,0.5387575027210966,0.426151206999181,0.10030602077353355
YNL134C,0.3632610939112487,0.8334752159922418,0.11782020422031274,0.11957871175489307,0.05618480803518
YDR222W,0.45906432748538006,0.9843215081903655,0.0009245784480426165,0.06922748706119936,0.029127251596501945
YEL072W,0.45906432748538006,0.9843215081903655,0.0009245784480426165,0.06922748706119936,0.029127251596501945
YJL077W-B,0.45906432748538006,0.9843215081903655,0.0009245784480426165,0.06922748706119936,0.029127251596501945
YMR060C,0.45906432748538006,0.9843215081903655,0.0009245784480426165,0.06922748706119936,0.029127251596501945
YPL034W,0.45906432748538006,0.9843215081903655,0.0009245784480426165,0.06922748706119936,0.029127251596501945
YNL284C-B,0.6329030122476,1.0125768705290692,0.0029673191719768875,0.107745744980168,0.013357542087505185
YHR032W,0.45411605937921723,0.9312155238972297,0.0007462000264568456,0.07174937317436433,0.04103353432230688
YPR045C,0.31052631578947365,0.9733277158413276,0.00019023398797877715,0.11297601529918813,0.036439210740432125
YOR381W,0.5909090909090909,1.1230521155830753,0.001906408700324564,0.213418178829939,0.03973687422323299
YFR057W,0.6986944104447165,1.0919306303817287,0.003575350860661755,0.10262807218917662,0.013487232457320128
YNR048W,0.6902834008097166,1.0381379537756121,0.005106918324123472,0.09683855731624712,0.01426331573848638
YMR100W,0.45614035087719296,0.9068098551617272,0.0003857448212802256,0.36525723317189696,0.07228464102665841
YPL260W,0.45864661654135336,1.0291345182327545,0.0004947266289623725,0.290390590995189,0.07850842907869321
YNL210W,0.8759830611010284,1.2698891022470493,0.007762267234838512,0.12095386330358669,0.0147142996889465
YPL268W,0.4461722488038278,0.9392432152767978,0.0008472929190838199,0.2260000405374854,0.050517867187132165
YOR253W,1.0614035087719298,1.3900897805872383,0.6674810526267521,0.6422045566255945,0.28636418028281774
YOR279C,0.7452060383516932,1.147843366060411,0.00508006264743277,0.1466300246026795,0.020105462413289796
YMR302C,0.6902834008097166,1.0841784694293874,0.005106918324123472,0.13390541597886352,0.013283638652948501
YPL215W,0.8415003024803387,1.2493755562330435,0.0070721484456162395,0.11115842640882989,0.013155068475023516
YPR121W,0.45614035087719296,0.8201988929543109,0.2813678670102915,0.05013348727695433,0.05370335445763365
YMR013C,0.6961722488038277,1.087690201768715,0.007328533460105664,0.08981008141179295,0.01167673033674722
YGR288W,0.8121147463252727,1.237564467860151,0.006382669200459861,0.12497350309969146,0.016425762450308662
YNL259C,0.5210526315789473,0.943797167499755,0.0011466943660165937,0.13831004918698744,0.057987993002967204
YMR168C,0.4308565531475748,0.8742895749474697,0.5811616899897979,0.2695249999399612,0.07589753932210055
YOR365C,0.5026315789473684,0.9670989433237271,0.0015825348211871153,0.10485246818927041,0.016894015994471066
YOR051C,0.7384370015948962,1.0135283309625414,0.004615906205311298,0.10241910961942746,0.030106308795236816
YOL026C,0.45906432748538006,0.9576548415236987,0.0009245784480426165,0.11958294531310604,0.02054749646068208
YOR321W,0.46317829457364335,1.0169260669553881,0.03031822621653125,0.11512973723806802,0.018110045459278565
YKL027W,0.7807017543859648,1.2190164103657946,0.00628080836095343,0.10678449183020232,0.01360541799203247
YDR531W,0.4225146198830409,1.1195015452931205,0.0005229762520726913,0.21532763440805922,0.05155481911398285
YHR067W,0.4225146198830409,1.1195015452931205,0.0005229762520726913,0.21532763440805922,0.05155481911398285
YLR001C,0.4225146198830409,1.1195015452931205,0.0005229762520726913,0.21532763440805922,0.05155481911398285
YJR026W,0.6517709367759019,1.0409713121831794,0.007140033250351344,0.13687979723809027,0.017966424043328204
YLR157C-A,0.6517709367759019,1.0409713121831794,0.007140033250351344,0.13687979723809027,0.017966424043328204
YLR227W-A,0.6517709367759019,1.0409713121831794,0.007140033250351344,0.13687979723809027,0.017966424043328204
YLR256W-A,0.6517709367759019,1.0409713121831794,0.007140033250351344,0.13687979723809027,0.017966424043328204
YPR004C,0.3164160401002506,0.8071407019738214,0.0004052468241473772,0.14824613142855667,0.01862660674068253
YLR352W,0.6847454000855798,1.1455471939631368,0.0032271694807393127,0.18577082796771083,0.0168909976527823
YPR095C,0.5850877192982457,0.9438939970407947,0.0027661414991640614,0.0854062292460851,0.025280139829945644
YOR166C,0.763157894736842,1.2158480882837868,0.005548931909392514,0.12617634954640986,0.0201374901881561
YPL219W,0.7271929824561403,1.0903385693113228,0.003656385432000912,0.21758061361390885,0.02960671736344513
YKL070W,0.6902834008097166,1.058537443788362,0.005106918324123472,0.11142384024963627,0.013475996657393241
YOL117W,0.7105263157894737,1.082976838648345,0.03352356732131211,0.4520553980022357,0.11043977287090817
YLR065C,0.304437564499484,0.8714216445636704,0.00017314539678333246,0.1484621622748659,0.031120445161616942
YLR431C,0.304437564499484,0.8714216445636704,0.00017314539678333246,0.1484621622748659,0.031120445161616942
YKL179C,0.6233552631578947,1.0284776989495683,0.003254665450826097,0.10390897601387826,0.012816825162143747
YNL280C,0.6635338345864661,1.1049756192640667,0.006256575130859672,0.29247499078111183,0.03436355834002228
YOL086W-A,1.0007974481658692,1.4924463476310366,0.02169361697050688,0.1692906507876857,0.04288372956110358
YOR111W,0.551487414187643,0.8926608038633913,0.16700201658145805,0.09708802614990432,0.05242875859603008
YOR378W,0.47527910685805425,1.001510447466982,0.00113544443322368,0.10387471076877222,0.017686184588753907
YLR077W,0.4492481203007519,0.9561424299814392,0.0015668687861010626,0.07734427873895788,0.01047677533871572
YNL153C,0.5241228070175439,0.9016713816702688,0.0009515818121015821,0.35376845855267147,0.03795166186670647
YPL236C,0.6359649122807017,1.089037762088147,0.007425587049568634,0.2745486580076646,0.03359881744443005
YNR028W,0.5850877192982457,1.014069435637286,0.0027661414991640614,0.13532575333151314,0.02195845943417716
YOR216C,0.6902834008097166,0.9949765914951151,0.005106918324123472,0.08707125650667394,0.01588588855293373
YOL008W,0.600250626566416,1.109037762088147,0.0028375271597502437,0.12171002920221469,0.020042466518044012
YOR148C,0.8644888082274652,1.2998192387983356,0.007870350720303254,0.11846069672295115,0.014461989811683382
YHL038C,0.5988529014844803,1.0685793520436095,0.0026926158975600504,0.13318065311622737,0.030752937452106454
YPL166W,0.6340852130325814,1.0894029664805287,0.0017739438272341634,0.38732309594833997,0.050014225584737795
YNL173C,0.7687969924812029,1.2276550241313844,0.01534384164655754,0.25864623069397236,0.02780628828719141
YNR032C-A,0.5103668261562998,0.9777960996589947,0.001530952152726873,0.14903849370763317,0.026908139219778096
YFL052W,0.769736842105263,1.2375676399463018,0.005567246198913567,0.23937921123976813,0.025633281370955573
YLL035W,0.5,1.1407091406097107,0.0003119531647164324,0.30416687296835665,0.1142969166604683
YML070W,0.3698830409356725,1.0221630024428159,0.00029074724457485754,0.29691156524298123,0.06056572207639491
YMR318C,0.5689792663476874,0.9988351767098906,0.04604258639717287,0.1759390324380702,0.037081617069179444
YNR029C,0.8530701754385964,1.2745333696344034,0.08890057953224689,0.29333486692765115,0.05771110361997979
YOL056W,0.31320949432404543,0.7478014797093745,0.00027933704862135304,0.03823145372490437,0.03533071880120615
YOL080C,0.44478844169246645,0.9716649889751703,0.0010950647650330209,0.09229858656743187,0.03044111022595531
YOL151W,0.769736842105263,1.2375676399463018,0.005567246198913567,0.23937921123976813,0.025633281370955573
YPL212C,0.8114035087719298,1.246275912805518,0.005567246198913567,0.2808686210576497,0.03996523638246642
YPR026W,0.769736842105263,1.2375676399463018,0.005567246198913567,0.23937921123976813,0.025633281370955573
YPR193C,0.7157097288676235,1.1099850238759272,0.004443958830498747,0.10838292835221779,0.01344206328348772
YOR103C,0.6087719298245614,1.0984787919165,0.03926751454712836,0.36549527214548866,0.06683645531234715
YPR148C,0.554093567251462,1.015239053724964,0.11264366637215732,0.1443099656338142,0.057688909045550005
YOR304C-A,0.6585213032581453,1.0191098740440845,0.0030436768284368997,0.16296281678210495,0.017792808949971685
YKR020W,0.6138193845268909,1.0079960539646988,0.0024405368373917047,0.07938762345637002,0.018003723573911952
YOL063C,0.6542200094831674,0.9393458838358787,0.003191980964052213,0.08435574439028273,0.016495625280594693
YDR144C,0.531328320802005,0.9846085407674308,0.0020936720286966653,0.08091276435850689,0.015008667739680265
YML068W,0.44478844169246645,0.979200449968078,0.0010950647650330209,0.16988366367762417,0.02566244788724533
YOR330C,0.5687134502923976,0.9014053909025017,0.0023845193043484755,0.11108433120455284,0.03256654570952773
YLR010C,0.7318511796733211,1.0397014682533003,0.004551476452703929,0.0939171967726553,0.02138277407195983
YNL024C-A,0.5868421052631579,0.9690376137959558,0.0026773751717001576,0.08461099546702339,0.011664631833973083
YPR071W,0.48643410852713176,1.0034517230462616,0.004274670211237797,0.13311336775173221,0.02015655407983374
YPL170W,0.6242690058479532,0.9609587407784321,0.1134956304154596,0.20335496771620237,0.05428510127976203
YNL260C,0.7149122807017544,1.1161431805319753,0.0035498158490865224,0.10839936966939948,0.02532541638483496
YLR177W,0.6571319603356216,1.0357796952439196,0.0023402999062431154,0.26586531538955593,0.028123074316314577
YPL074W,0.6907894736842105,1.116450742240216,0.0026925643969388092,0.2822922181437088,0.04062833055943593
YNL204C,0.4492481203007519,0.9663988402378494,0.0015668687861010626,0.07296679988189714,0.010555743434494842
YPL095C,0.6035087719298246,1.0272147307966022,0.0026773751717001576,0.13003001498196162,0.01320954306721772
YPL100W,0.5285087719298245,1.0052738891427464,0.12579018595381353,0.25915801776673725,0.058501258311671474
YPR017C,0.7269260106788711,1.1707056162418625,0.0031410807005799405,0.11700433061158767,0.027974638305639114
YIL002W-A,0.44478844169246645,0.9716649889751703,0.0010950647650330209,0.09229858656743187,0.03044111022595531
YPR066W,0.6847454000855798,1.0517182798217226,0.016916853780179698,0.10181772633277276,0.01991515657220132
YNL297C,0.5508771929824561,1.1598453576007755,0.000830981507111102,0.18007184508367413,0.07080697404493812
YIL160C,0.5119479733817301,0.9938975903103299,0.0016353370706935193,0.08149501468144466,0.016572728398512634
YLR299W,0.6986944104447165,1.0815922280255346,0.004341782839385521,0.10405785112468327,0.012827857075916708
YPR114W,0.6506791171477079,1.0259803097294071,0.0036888845895365068,0.1050804934197566,0.019324968083193866
YOL011W,0.487719298245614,0.9197587059612934,0.0012782750562073592,0.09833395798156974,0.037642421811554735
YPL053C,0.48643410852713176,1.0351990569264915,0.01485084426223262,0.14840724224655744,0.020652309761200877
YPL130W,0.44478844169246645,0.979200449968078,0.0010950647650330209,0.16988366367762417,0.02566244788724533
YKL221W,0.6679907315458458,1.071909758055269,0.004174965103923487,0.09963093623301415,0.015764147931721553
YOR337W,0.42724458204334365,1.0061715019793354,0.0009178596447567389,0.07803182348003952,0.01860989890384876
YPL180W,1.1265664160401,1.397051853288144,0.1017538003631066,0.441360228040908,0.08288559441500631
YOL052C,0.2956656346749226,0.7626853835169318,0.00027327626863055143,0.05580911160613551,0.036360208431427656
YMR177W,0.7393025246041934,1.1046473744498704,0.005163661045510453,0.12221549722664585,0.017361728249270566
YNL295W,0.48684210526315785,0.8899654064739313,0.001411246041515561,0.11562055432989965,0.03267831527367826
YOL116W,0.4320175438596491,1.020985520882725,0.23373585325984955,0.18991504427743577,0.053418214363061295
YNR062C,0.7824692327834512,1.1321669472136366,0.006006364400930363,0.11056964039679465,0.011155710096899465
YOR171C,0.696078431372549,1.0883588939235507,0.004448031294269025,0.10982332589535285,0.017363683749071074
YNL240C,0.8059210526315789,1.2553920744352896,0.3088338549155381,0.42878519721198227,0.07360016520392021
YNL072W,0.3983600305110602,0.8112436267410844,0.0005892952335956542,0.09282345073803988,0.03529720235076786
YNL213C,0.40148448043184887,0.9368536472760849,0.0006372173423669757,0.18499745352574232,0.04177609721829339
YOR352W,0.5103668261562998,0.9082614201155357,0.001530952152726873,0.10983203252976942,0.028858931363036182
YPL183W-A,0.35146198830409353,1.0524706142234883,0.0004667932324213911,0.06174420258457784,0.009064518096370003
YIL170W,0.6961722488038277,1.1317440453553207,0.007328533460105664,0.09355133271678956,0.011581447898280216
YOR307C,0.7113237639553428,1.143566224153562,0.007496147592327796,0.09836502237170325,0.01245916733384334
YOR045W,0.5895252837977296,1.0256306252546854,0.0024572664563810766,0.10238847218072726,0.028990462167903488
YPR118W,0.8728070175438596,1.295801603367393,0.25388012280434197,0.38198891360556897,0.13147428252231722
YNL087W,0.7368421052631579,1.2071839397027366,0.005160264765365429,0.10789673331769055,0.011755276209993937
YLR149C,0.6463317384370015,1.073603327499594,0.003256525958530524,0.09693766326885636,0.019095078525490715
YLR053C,0.7327485380116959,1.120141469321354,0.004598321753985949,0.10837288421996388,0.01299133020228128
YOR320C,0.7771929824561403,1.172217711663083,0.004977109632773828,0.14763199811053307,0.017886523975735716
YPR094W,0.8644888082274652,1.2593833784389057,0.0069253847294438375,0.12049849353473273,0.014252784289613877
YNR060W,0.5868421052631579,0.9197666233484947,0.0026773751717001576,0.07617761172390884,0.014370428425897183
YJL046W,0.6200159489633174,1.0185445610256627,0.0026977081538484713,0.10621486142854662,0.019988725170815035
YGL226W,0.6528822055137844,1.0970219348717016,0.002789612191009502,0.2593677193833729,0.02752992166772365
YIL015W,0.6528822055137844,1.0970219348717016,0.002789612191009502,0.2593677193833729,0.02752992166772365
YMR003W,0.39792663476874,1.0116300115272154,0.0004548337845667982,0.2865449805443266,0.05034010789518628
YOR138C,0.6491228070175439,1.0737820248886487,0.002404925673525176,0.2377569233038312,0.029986239172912522
YPR180W,0.9412280701754385,1.348553401046476,0.006185136976022746,0.3915789054902083,0.09493466520169475
YJL133W,0.4084429824561403,0.9440392603820174,0.0008689127409283844,0.20800562635602177,0.017941071287175113
YLL056C,0.4396929824561403,0.9619684401220442,0.0008689127409283844,0.29538640241700104,0.028266827190996338
YNR026C,0.4396929824561403,0.9619684401220442,0.0008689127409283844,0.29538640241700104,0.028266827190996338
YOL075C,0.4084429824561403,0.9440392603820174,0.0008689127409283844,0.20800562635602177,0.017941071287175113
YKL098W,0.8185117967332123,1.2041418889464637,0.0069253847294438375,0.10495253658684739,0.01219205589711202
YMR161W,0.6791979949874687,1.06237973967176,0.003368867120388625,0.12673251466110075,0.022339726190655888
YPL105C,0.7149122807017544,1.181876595017672,0.0035498158490865224,0.14506799474295248,0.021269134626473653
snR17a,0.847165991902834,1.280973876296581,0.008188468848331715,0.10869824735782761,0.01798551945441964
snR17b,0.847165991902834,1.280973876296581,0.008188468848331715,0.10869824735782761,0.01798551945441964
YJR085C,0.354881769641495,0.7555574064865188,0.0005892952335956542,0.043937812864473534,0.02747109176297472
YOR031W,0.3983600305110602,0.8224130129104705,0.2377434454312241,0.047269661629163,0.044087731442540155
YNR056C,0.37969924812030076,0.9150109649122806,0.14315310711670085,0.32730694131677535,0.07323079751843548
YPL092W,0.2956656346749226,0.8798257797270954,0.00027327626863055143,0.24951235441578054,0.031291748456047576
YOR393W,0.5956140350877193,0.9910544831736333,0.27671627579693714,0.32472718514864585,0.1203071789094614
YNR075W,0.44478844169246645,0.9870635396998079,0.0010950647650330209,0.11761968984861428,0.02799554564191542
YIR044C,0.644736842105263,1.0477634132352827,0.0028117772935132477,0.1691488135567118,0.029840060048755723
YJR024C,0.8412280701754385,1.3193136349646046,0.006185136976022746,0.3007872709612779,0.05803277453411864
YKL096W,0.8412280701754385,1.3193136349646046,0.006185136976022746,0.3007872709612779,0.05803277453411864
YMR189W,0.8412280701754385,1.3193136349646046,0.006185136976022746,0.3007872709612779,0.05803277453411864
YMR269W,0.6954887218045112,1.177409855111403,0.0028375271597502437,0.20635778645894964,0.0347411503649974
YNR021W,0.7043859649122808,1.222235160171816,0.0026893308087980426,0.37950200246458266,0.11013663084705441
YOR099W,0.6035087719298246,1.0772912365693106,0.0037127167956148405,0.12612245817079806,0.013589070294210946
YOR144C,0.5207336523125997,1.049938120422957,0.00113544443322368,0.17936678464026318,0.02435037718289548
YOR295W,0.7318511796733211,1.0250451340214943,0.004551476452703929,0.09466679604383108,0.01942178777240327
YPL224C,0.8412280701754385,1.3193136349646046,0.006185136976022746,0.3007872709612779,0.05803277453411864
YPL273W,0.8412280701754385,1.3193136349646046,0.006185136976022746,0.3007872709612779,0.05803277453411864
YPR074C,0.632610939112487,0.9726498939656834,0.12947269804741385,0.10220026567451712,0.06508193861022948
YOR305W,0.8300060496067755,1.237974940337702,0.0069253847294438375,0.11140768243776841,0.012584255893128879
YOR368W,0.7558084400189663,1.1891769466957436,0.004159966694076405,0.17947341578530368,0.020948388370578764
YOR074C,0.502361673414305,0.9663988402378494,0.001030792185551319,0.14382271677841518,0.040241483402899084
YOR161C,0.7113237639553428,1.1381003856442453,0.01091041560570155,0.09701620064357741,0.012980601193724002
YJL132W,0.5724310776942355,1.0918385198372957,0.0023427792725995568,0.10717973243127657,0.012221725997902793
YLR290C,0.5724310776942355,1.0918385198372957,0.0023427792725995568,0.10717973243127657,0.012221725997902793
YMR089C,0.5587719298245614,1.0616369354759447,0.0017396957429890454,0.15389442576828666,0.037504810170985954
YPL257W,0.7824692327834512,1.1664345413216561,0.006006364400930363,0.11372190481277826,0.011139741350544907
YOR360C,0.5657894736842104,0.9239694934666043,0.001671433181190982,0.10411404675725561,0.029929695165483244
YHR004C,0.8185117967332123,1.2474306398420931,0.0069253847294438375,0.10787761862274936,0.012130684651388661
YPL192C,0.6462931522354272,1.036085721583303,0.0033690193784905813,0.11493986707182251,0.019534735926468275
YLR329W,0.6505847953216374,0.9709483744045748,0.0042963146422784594,0.0854233181554494,0.017498276314128577
YMR133W,0.706140350877193,1.045801603367393,0.03048679083275465,0.1206983063656446,0.03329137761143122
YKL069W,0.5149638802889577,1.0235045948203843,0.001434720176209605,0.21000101090381587,0.030900084033540054
YHR215W,0.45850202429149794,0.9491490989053013,0.001031176801730289,0.22269131502387898,0.04348001618430352
YNL054W-B,0.7384370015948962,1.0455796130138235,0.004615906205311298,0.1333696630512355,0.026966321804762324
YIL029C,0.7327485380116959,1.1174990735491872,0.004598321753985949,0.1127493133166316,0.012762733997478036
YGR257C,0.41464237516869096,1.005731129880404,0.0007328241955544756,0.21732649406061005,0.040166939686835865
YNL331C,0.41464237516869096,1.005731129880404,0.0007328241955544756,0.21732649406061005,0.040166939686835865
YLR392C,0.3212719298245614,0.9721630024428158,0.00033239714457159526,0.23755998789148805,0.03334334869088056
YOR241W,0.5964912280701754,1.0892969784458602,0.002404925673525176,0.18946115564407934,0.01654265349567521
YOR385W,0.5964912280701754,1.0892969784458602,0.002404925673525176,0.18946115564407934,0.01654265349567521
YHR100C,0.6321052631578947,1.139512181708189,0.002954543602138518,0.09414102121786044,0.014050383461001743
YPL101W,0.8497807017543859,1.2486202801049928,0.0316312660116498,0.12033289912201536,0.021664230312825074
YOL112W,0.7656641604010024,1.1551422627080523,0.07017330645806652,0.3420654748510611,0.04282473936708105
YOR369C,0.6329030122476,1.0730925243043914,0.0029673191719768875,0.1730655230240526,0.012949646133125403
YPL009C,0.6008771929824561,1.0362684647224123,0.002189392811207498,0.1802527264409813,0.040506229997551504
YPL231W,0.5210526315789473,0.943797167499755,0.0011466943660165937,0.20253574820259107,0.05202697447382631
YPR069C,0.5864661654135338,1.029252590540679,0.09701203906532942,0.19980850366733266,0.04416283764747159
YPR158W-B,0.6973684210526315,1.2241463951990266,0.0023396385731600344,0.35756739328783127,0.09410014627580628
YNL274C,0.4593301435406698,0.8424016121384541,0.09162500844510262,0.1546409041577954,0.05149256745087978
YOR142W,0.5513784461152882,1.0495729708887604,0.09669578866640666,0.25403340432423166,0.048907635138654225
YOR220W,0.49923722349351635,0.9189292015199743,0.16701976499388113,0.11931184603120304,0.042724311991843476
YPL121C,0.41666666666666663,0.8420078419084119,0.0003025992911656412,0.07694874832183374,0.07140523584048838
YMR097C,0.8019783501306458,1.2347856744271863,0.007038195233124305,0.10298186524998228,0.018770848867046146
YLR160C,0.43107769423558895,0.8932529576629746,0.0010405445033071356,0.1655686631267162,0.03495939803076057
YPL187W,0.7069377990430621,0.9730381260894911,0.0039644776820830716,0.0919737176888748,0.01770260500441671
YHR132W-A,0.4084429824561403,0.9077203348168986,0.0008689127409283844,0.09107376102436013,0.01873650566775448
YIL116W,0.4084429824561403,0.9077203348168986,0.0008689127409283844,0.09107376102436013,0.01873650566775448
YMR266W,0.7368421052631579,1.228399820596037,0.005160264765365429,0.109541106945246,0.011772012343539692
YNL334C,0.7838915470494418,1.1212519081983139,0.004443958830498747,0.14401031806683642,0.02468732457745184
YGR027W-B,0.8934468524251805,1.3651087836322322,0.009094843129718347,0.23054616000721745,0.02715640507017179
YGR109W-A,0.8934468524251805,1.3651087836322322,0.009094843129718347,0.23054616000721745,0.02715640507017179
YGR161C-D,0.8934468524251805,1.3651087836322322,0.009094843129718347,0.23054616000721745,0.02715640507017179
YIR036C,0.8228070175438595,1.279928587494377,0.003917586648427326,0.39515567678745467,0.11122797779496535
YJL170C,0.4985380116959064,1.0688104822963926,0.0015325552610462089,0.23909197805934243,0.03122836150879367
YJR025C,0.304437564499484,0.8947732929153187,0.00017314539678333246,0.19220615496218355,0.03114445547374985
YJR133W,0.8934468524251805,1.3651087836322322,0.009094843129718347,0.23054616000721745,0.02715640507017179
YLR225C,0.8934468524251805,1.3651087836322322,0.009094843129718347,0.23054616000721745,0.02715640507017179
YLR351C,0.8934468524251805,1.3651087836322322,0.009094843129718347,0.23054616000721745,0.02715640507017179
YNL108C,0.8934468524251805,1.3651087836322322,0.009094843129718347,0.23054616000721745,0.02715640507017179
YNR001C,0.6771929824561403,1.0545710581339756,0.003656385432000912,0.10164259922392456,0.024039888626691566
YOL103W-B,0.8934468524251805,1.3651087836322322,0.009094843129718347,0.23054616000721745,0.02715640507017179
YOL158C,0.8934468524251805,1.3651087836322322,0.009094843129718347,0.23054616000721745,0.02715640507017179
YOR026W,0.4320175438596491,0.9885530884502924,0.00040251992651621835,0.27258811711757774,0.044803004597510306
YOR142W-A,0.8934468524251805,1.3651087836322322,0.009094843129718347,0.23054616000721745,0.02715640507017179
YOR142W-B,0.8934468524251805,1.3651087836322322,0.009094843129718347,0.23054616000721745,0.02715640507017179
YOR280C,0.8934468524251805,1.3651087836322322,0.009094843129718347,0.23054616000721745,0.02715640507017179
YOR283W,0.3695175438596491,0.9787969908893168,0.00040251992651621835,0.17943606008541219,0.02806121242422395
YPL079W,0.4850877192982456,0.9976548053939476,0.0006401850041082567,0.35461596892500524,0.10852484334008776
YPL096W,0.8934468524251805,1.3651087836322322,0.009094843129718347,0.23054616000721745,0.02715640507017179
YPL225W,0.8934468524251805,1.3651087836322322,0.009094843129718347,0.23054616000721745,0.02715640507017179
YPR037C,0.439922480620155,0.9708085208378421,0.0016337239918687767,0.09720523418098137,0.011992179910325765
YKR074W,0.5707017543859649,1.0410106903241914,0.002497803985190571,0.15789178971782072,0.023295017805437617
YML030W,0.5707017543859649,1.0410106903241914,0.002497803985190571,0.15789178971782072,0.023295017805437617
YPR097W,0.6902834008097166,1.0841784694293874,0.005106918324123472,0.13390541597886352,0.013283638652948501
YOR265W,0.3837719298245614,0.9932156340217632,0.00033239714457159526,0.33143907741282175,0.05650598159280464
YGR171C,0.5394736842105263,1.016632073140598,0.11837031036900093,0.3143887907865464,0.048371734447562584
YIL099W,0.5724310776942355,1.02799903055321,0.0023427792725995568,0.08671753080726534,0.013143042462987743
YIR030C,0.5724310776942355,1.02799903055321,0.0023427792725995568,0.08671753080726534,0.013143042462987743
YKR070W,0.6010025062656641,1.082589048378522,0.0056907851416138295,0.10606197525511314,0.016625135718243957
YGL183C,1.0,1.0,0.0,0.7071067811865477,0.5006574621959238
YLL038C,0.644736842105263,1.1127330180985044,0.0028117772935132477,0.2538739518181512,0.029763136807644676
YPL175W,1.0087719298245614,1.498905929282367,0.0,0.7087941449284383,0.5006866910357414
YPL270W,0.5646390566580385,1.0046517557190848,0.0024405368373917047,0.07802980741070661,0.010423511833918243
YPL040C,0.7558084400189663,1.1891769466957436,0.004159966694076405,0.2062617626438248,0.020113976802324282
YKL026C,0.594298245614035,0.9290377620881471,0.002767201956400933,0.08373872837138978,0.026368797117491884
YGL196W,0.9960127591706539,1.4912473068636505,0.02169361697050688,0.1656515948969418,0.040998051674683386
YGL243W,0.9960127591706539,1.4912473068636505,0.02169361697050688,0.1656515948969418,0.040998051674683386
YGL257C,0.9960127591706539,1.4912473068636505,0.02169361697050688,0.1656515948969418,0.040998051674683386
YGR042W,0.9960127591706539,1.4912473068636505,0.02169361697050688,0.1656515948969418,0.040998051674683386
YGR044C,0.9960127591706539,1.4912473068636505,0.02169361697050688,0.1656515948969418,0.040998051674683386
YGR053C,0.9960127591706539,1.4912473068636505,0.02169361697050688,0.1656515948969418,0.040998051674683386
YGR079W,0.9960127591706539,1.4912473068636505,0.02169361697050688,0.1656515948969418,0.040998051674683386
YGR109W-B,0.9960127591706539,1.4912473068636505,0.02169361697050688,0.1656515948969418,0.040998051674683386
YGR127W,0.9960127591706539,1.4912473068636505,0.02169361697050688,0.1656515948969418,0.040998051674683386
YGR141W,0.9960127591706539,1.4912473068636505,0.02169361697050688,0.1656515948969418,0.040998051674683386
YGR147C,0.9960127591706539,1.4912473068636505,0.02169361697050688,0.1656515948969418,0.040998051674683386
YGR161W-C,0.9960127591706539,1.4912473068636505,0.02169361697050688,0.1656515948969418,0.040998051674683386
YGR168C,0.9960127591706539,1.4912473068636505,0.02169361697050688,0.1656515948969418,0.040998051674683386
YGR174W-A,0.9960127591706539,1.4912473068636505,0.02169361697050688,0.1656515948969418,0.040998051674683386
YGR236C,0.9960127591706539,1.4912473068636505,0.02169361697050688,0.1656515948969418,0.040998051674683386
YGR240C-A,0.9960127591706539,1.4912473068636505,0.02169361697050688,0.1656515948969418,0.040998051674683386
YHL043W,0.9960127591706539,1.4912473068636505,0.02169361697050688,0.1656515948969418,0.040998051674683386
YHR017W,0.9960127591706539,1.4912473068636505,0.02169361697050688,0.1656515948969418,0.040998051674683386
YHR038W,0.8019783501306458,1.2707795478104402,0.007038195233124305,0.1040795538052032,0.018744725422157694
YHR050W-A,0.9960127591706539,1.4912473068636505,0.02169361697050688,0.1656515948969418,0.040998051674683386
YHR055C,0.9960127591706539,1.4912473068636505,0.02169361697050688,0.1656515948969418,0.040998051674683386
YHR162W,0.9960127591706539,1.4912473068636505,0.02169361697050688,0.1656515948969418,0.040998051674683386
YHR192W,0.9960127591706539,1.4912473068636505,0.02169361697050688,0.1656515948969418,0.040998051674683386
YIL060W,0.9960127591706539,1.4912473068636505,0.02169361697050688,0.1656515948969418,0.040998051674683386
YIL083C,0.9960127591706539,1.4912473068636505,0.02169361697050688,0.1656515948969418,0.040998051674683386
YIL087C,0.9960127591706539,1.4912473068636505,0.02169361697050688,0.1656515948969418,0.040998051674683386
YIL089W,0.9960127591706539,1.4912473068636505,0.02169361697050688,0.1656515948969418,0.040998051674683386
YIL145C,0.9960127591706539,1.4912473068636505,0.02169361697050688,0.1656515948969418,0.040998051674683386
YIL156W-B,0.9960127591706539,1.4912473068636505,0.02169361697050688,0.1656515948969418,0.040998051674683386
YIL158W,0.9960127591706539,1.4912473068636505,0.02169361697050688,0.1656515948969418,0.040998051674683386
YIR042C,0.9960127591706539,1.4912473068636505,0.02169361697050688,0.1656515948969418,0.040998051674683386
YJL003W,0.9960127591706539,1.4912473068636505,0.02169361697050688,0.1656515948969418,0.040998051674683386
YJL037W,0.9960127591706539,1.4912473068636505,0.02169361697050688,0.1656515948969418,0.040998051674683386
YJL038C,0.9960127591706539,1.4912473068636505,0.02169361697050688,0.1656515948969418,0.040998051674683386
YJL043W,0.9960127591706539,1.4912473068636505,0.02169361697050688,0.1656515948969418,0.040998051674683386
YJL049W,0.9960127591706539,1.4912473068636505,0.02169361697050688,0.1656515948969418,0.040998051674683386
YJL121C,0.9960127591706539,1.4912473068636505,0.02169361697050688,0.1656515948969418,0.040998051674683386
YJL126W,0.9960127591706539,1.4912473068636505,0.02169361697050688,0.1656515948969418,0.040998051674683386
YJL127C-B,0.9960127591706539,1.4912473068636505,0.02169361697050688,0.1656515948969418,0.040998051674683386
YJL133C-A,0.9960127591706539,1.4912473068636505,0.02169361697050688,0.1656515948969418,0.040998051674683386
YJL161W,0.9960127591706539,1.4912473068636505,0.02169361697050688,0.1656515948969418,0.040998051674683386
YJR100C,0.9960127591706539,1.4912473068636505,0.02169361697050688,0.1656515948969418,0.040998051674683386
YJR112W-A,0.9960127591706539,1.4912473068636505,0.02169361697050688,0.1656515948969418,0.040998051674683386
YJR149W,0.5504385964912281,0.9135499886656624,0.0018936556982402071,0.1370478715159028,0.0241245778580184
YJR155W,0.9960127591706539,1.4912473068636505,0.02169361697050688,0.1656515948969418,0.040998051674683386
YKL018C-A,0.9960127591706539,1.4912473068636505,0.02169361697050688,0.1656515948969418,0.040998051674683386
YKL033W-A,0.9960127591706539,1.4912473068636505,0.02169361697050688,0.1656515948969418,0.040998051674683386
YKL065W-A,0.9960127591706539,1.4912473068636505,0.02169361697050688,0.1656515948969418,0.040998051674683386
YKL068W-A,0.9960127591706539,1.4912473068636505,0.02169361697050688,0.1656515948969418,0.040998051674683386
YKL087C,0.9960127591706539,1.4912473068636505,0.02169361697050688,0.1656515948969418,0.040998051674683386
YKL138C,0.46679197994987465,1.0967607928553988,0.0012252405864614476,0.06905283615092345,0.008736922797840763
YKR004C,0.9960127591706539,1.4912473068636505,0.02169361697050688,0.1656515948969418,0.040998051674683386
YKR016W,0.9960127591706539,1.4912473068636505,0.02169361697050688,0.1656515948969418,0.040998051674683386
YKR017C,0.6542200094831674,0.9054461670276162,0.003191980964052213,0.09195641017228194,0.016955202921950078
YKR053C,0.9960127591706539,1.4912473068636505,0.02169361697050688,0.1656515948969418,0.040998051674683386
YKR087C,0.9960127591706539,1.4912473068636505,0.02169361697050688,0.1656515948969418,0.040998051674683386
YLR013W,0.9960127591706539,1.4912473068636505,0.02169361697050688,0.1656515948969418,0.040998051674683386
YLR042C,0.9960127591706539,1.4912473068636505,0.02169361697050688,0.1656515948969418,0.040998051674683386
YLR046C,0.31320949432404543,0.7730990987569935,0.00027933704862135304,0.22668483782026863,0.029385061625621933
YLR054C,0.9960127591706539,1.4912473068636505,0.02169361697050688,0.1656515948969418,0.040998051674683386
YLR068W,0.9960127591706539,1.4912473068636505,0.02169361697050688,0.1656515948969418,0.040998051674683386
YLR070C,0.9960127591706539,1.4912473068636505,0.02169361697050688,0.1656515948969418,0.040998051674683386
YLR087C,0.9960127591706539,1.4912473068636505,0.02169361697050688,0.1656515948969418,0.040998051674683386
YLR099W-A,0.9960127591706539,1.4912473068636505,0.02169361697050688,0.1656515948969418,0.040998051674683386
YLR104W,0.9960127591706539,1.4912473068636505,0.02169361697050688,0.1656515948969418,0.040998051674683386
YLR107W,0.9960127591706539,1.4912473068636505,0.02169361697050688,0.1656515948969418,0.040998051674683386
YLR110C,0.9960127591706539,1.4912473068636505,0.02169361697050688,0.1656515948969418,0.040998051674683386
YLR118C,0.9960127591706539,1.4912473068636505,0.02169361697050688,0.1656515948969418,0.040998051674683386
YLR146W-A,0.9960127591706539,1.4912473068636505,0.02169361697050688,0.1656515948969418,0.040998051674683386
YLR154C-G,0.9960127591706539,1.4912473068636505,0.02169361697050688,0.1656515948969418,0.040998051674683386
YLR157W-E,0.9960127591706539,1.4912473068636505,0.02169361697050688,0.1656515948969418,0.040998051674683386
YLR161W,0.9960127591706539,1.4912473068636505,0.02169361697050688,0.1656515948969418,0.040998051674683386
YLR164W,0.9960127591706539,1.4912473068636505,0.02169361697050688,0.1656515948969418,0.040998051674683386
YLR193C,0.9960127591706539,1.4912473068636505,0.02169361697050688,0.1656515948969418,0.040998051674683386
YLR204W,0.9960127591706539,1.4912473068636505,0.02169361697050688,0.1656515948969418,0.040998051674683386
YLR205C,0.9960127591706539,1.4912473068636505,0.02169361697050688,0.1656515948969418,0.040998051674683386
YLR250W,0.5868421052631579,1.0589901842588025,0.0026773751717001576,0.10967001998642678,0.011239026263617263
YLR253W,0.9960127591706539,1.4912473068636505,0.02169361697050688,0.1656515948969418,0.040998051674683386
YLR262C-A,0.9960127591706539,1.4912473068636505,0.02169361697050688,0.1656515948969418,0.040998051674683386
YLR264C-A,0.9960127591706539,1.4912473068636505,0.02169361697050688,0.1656515948969418,0.040998051674683386
YLR342W-A,0.9960127591706539,1.4912473068636505,0.02169361697050688,0.1656515948969418,0.040998051674683386
YLR361C-A,0.9960127591706539,1.4912473068636505,0.02169361697050688,0.1656515948969418,0.040998051674683386
YLR412W,0.9960127591706539,1.4912473068636505,0.02169361697050688,0.1656515948969418,0.040998051674683386
YLR445W,0.9960127591706539,1.4912473068636505,0.02169361697050688,0.1656515948969418,0.040998051674683386
YML050W,0.6979949874686716,1.0792223959238028,0.003958385901025471,0.10965235883236879,0.01602280358192558
YML054C-A,0.9960127591706539,1.4912473068636505,0.02169361697050688,0.1656515948969418,0.040998051674683386
YML061C,0.6945773524720893,1.2066615311049143,0.0029941255406543705,0.13215670814938624,0.017912404178631783
YML079W,0.9960127591706539,1.4912473068636505,0.02169361697050688,0.1656515948969418,0.040998051674683386
YML128C,0.9960127591706539,1.4912473068636505,0.02169361697050688,0.1656515948969418,0.040998051674683386
YMR009W,0.8185117967332123,1.196557413582932,0.0069253847294438375,0.10479968661156171,0.012191445617642236
YMR035W,0.9960127591706539,1.4912473068636505,0.02169361697050688,0.1656515948969418,0.040998051674683386
YMR107W,0.9960127591706539,1.4912473068636505,0.02169361697050688,0.1656515948969418,0.040998051674683386
YMR114C,0.9960127591706539,1.4912473068636505,0.02169361697050688,0.1656515948969418,0.040998051674683386
YMR126C,0.9960127591706539,1.4912473068636505,0.02169361697050688,0.1656515948969418,0.040998051674683386
YMR132C,0.9960127591706539,1.4912473068636505,0.02169361697050688,0.1656515948969418,0.040998051674683386
YMR150C,0.5495716034271726,0.9142288989917808,0.002383498344407169,0.07025693807152233,0.016006666766633898
YMR169C,0.9960127591706539,1.4912473068636505,0.02169361697050688,0.1656515948969418,0.040998051674683386
YMR175W,0.9960127591706539,1.4912473068636505,0.02169361697050688,0.1656515948969418,0.040998051674683386
YMR185W,0.9960127591706539,1.4912473068636505,0.02169361697050688,0.1656515948969418,0.040998051674683386
YMR187C,0.6542200094831674,0.9854434644162179,0.003191980964052213,0.08764874480670432,0.015858701380186094
YMR194C-B,0.9960127591706539,1.4912473068636505,0.02169361697050688,0.1656515948969418,0.040998051674683386
YMR208W,0.9667919799498746,1.4397426929371175,0.013820922276894437,0.2227025917820124,0.030804822573957454
YMR220W,0.9960127591706539,1.4912473068636505,0.02169361697050688,0.1656515948969418,0.040998051674683386
YMR251W-A,0.9960127591706539,1.4912473068636505,0.02169361697050688,0.1656515948969418,0.040998051674683386
YMR271C,0.9960127591706539,1.4912473068636505,0.02169361697050688,0.1656515948969418,0.040998051674683386
YMR286W,0.9960127591706539,1.4912473068636505,0.02169361697050688,0.1656515948969418,0.040998051674683386
YNL038W,0.6399694889397406,1.1366315421677884,0.0031410807005799405,0.1007377290345451,0.01865268963069743
YNL070W,0.4492481203007519,1.014883688722698,0.0015668687861010626,0.0849179211926516,0.010829418801546652
YNL083W,0.4730576441102757,0.9611905069045161,0.09448208365253544,0.07240475280517825,0.01930678591580377
YNL100W,0.9960127591706539,1.4912473068636505,0.02169361697050688,0.1656515948969418,0.040998051674683386
YNL115C,0.9667919799498746,1.4397426929371175,0.013820922276894437,0.2227025917820124,0.030804822573957454
YNL129W,0.9960127591706539,1.4912473068636505,0.02169361697050688,0.1656515948969418,0.040998051674683386
YNL138W-A,0.9960127591706539,1.4912473068636505,0.02169361697050688,0.1656515948969418,0.040998051674683386
YNL159C,0.9960127591706539,1.4912473068636505,0.02169361697050688,0.1656515948969418,0.040998051674683386
YNL163C,0.6973684210526315,1.209176242493025,0.0009746429754652033,0.45580116504502327,0.17620897375768915
YNL193W,0.49614035087719294,1.030342201657991,0.0015826848438364217,0.08344885713583787,0.013586229194887221
YNL231C,0.46600877192982454,0.9879578718267291,0.000790185953813517,0.2402311894026643,0.030868161800291782
YNR008W,0.5380116959064327,1.0660804031749564,0.0017178226222788356,0.21733322968708352,0.028356447966562108
YNR034W-A,0.9960127591706539,1.4912473068636505,0.02169361697050688,0.1656515948969418,0.040998051674683386
YNR045W,0.6238596491228069,0.9323865281264968,0.002285058861448065,0.15218448562077042,0.03247574018477338
YOL002C,0.9960127591706539,1.4912473068636505,0.02169361697050688,0.1656515948969418,0.040998051674683386
YOL013W-A,0.9960127591706539,1.4912473068636505,0.02169361697050688,0.1656515948969418,0.040998051674683386
YOL014W,0.9960127591706539,1.4912473068636505,0.02169361697050688,0.1656515948969418,0.040998051674683386
YOL022C,0.8228070175438595,1.279928587494377,0.003917586648427326,0.39515567678745467,0.11122797779496535
YOL032W,0.9960127591706539,1.4912473068636505,0.02169361697050688,0.1656515948969418,0.040998051674683386
YOL038C-A,0.9960127591706539,1.4912473068636505,0.02169361697050688,0.1656515948969418,0.040998051674683386
YOL047C,0.9960127591706539,1.4912473068636505,0.02169361697050688,0.1656515948969418,0.040998051674683386
YOL048C,0.9960127591706539,1.4912473068636505,0.02169361697050688,0.1656515948969418,0.040998051674683386
YOL055C,0.9960127591706539,1.4912473068636505,0.02169361697050688,0.1656515948969418,0.040998051674683386
YOL071W,0.2956656346749226,0.7857901856915014,0.00027327626863055143,0.14032487599507476,0.0314301479284065
YOL073C,0.9667919799498746,1.4397426929371175,0.013820922276894437,0.2227025917820124,0.030804822573957454
YOL077W-A,0.9960127591706539,1.4912473068636505,0.02169361697050688,0.1656515948969418,0.040998051674683386
YOL084W,0.9667919799498746,1.4397426929371175,0.013820922276894437,0.2227025917820124,0.030804822573957454
YOL093W,0.9960127591706539,1.4912473068636505,0.02169361697050688,0.1656515948969418,0.040998051674683386
YOL131W,0.3192982456140351,1.0356072731333283,0.00019275642712812666,0.20910169789861163,0.043974147360864684
YOL157C,0.9960127591706539,1.4912473068636505,0.02169361697050688,0.1656515948969418,0.040998051674683386
YOL159C-A,0.5954790823211875,1.0332501743655775,0.002683208612290652,0.09104754790886883,0.015957463698503753
YOR004W,0.600250626566416,1.1265377620881472,0.0028375271597502437,0.1269637560488259,0.01976411533353042
YOR020W-A,0.9960127591706539,1.4912473068636505,0.02169361697050688,0.1656515948969418,0.040998051674683386
YOR087W,0.7024656235182551,1.0723134704577535,0.0038728062229608767,0.11136053642835908,0.013869165792090188
YOR114W,0.9960127591706539,1.4912473068636505,0.02169361697050688,0.1656515948969418,0.040998051674683386
YOR131C,0.9667919799498746,1.4397426929371175,0.013820922276894437,0.2227025917820124,0.030804822573957454
YOR152C,0.9960127591706539,1.4912473068636505,0.02169361697050688,0.1656515948969418,0.040998051674683386
YOR154W,0.41959064327485374,0.8948905282073107,0.0007133671364996112,0.21890381500360415,0.03167606270767178
YOR163W,0.6505847953216374,1.103320400359874,0.0042963146422784594,0.16831893431854061,0.016109536037067343
YOR175C,0.9960127591706539,1.4912473068636505,0.02169361697050688,0.1656515948969418,0.040998051674683386
YOR182C,0.6973684210526315,1.2241463951990266,0.0023396385731600344,0.35756739328783127,0.09410014627580628
YOR193W,0.5587719298245615,1.060808892227087,0.0020721641818900603,0.10813518717196757,0.020024861790996225
YOR222W,0.9960127591706539,1.4912473068636505,0.02169361697050688,0.1656515948969418,0.040998051674683386
YOR228C,0.6177944862155389,1.1013905549724263,0.0023314943830011732,0.19344201928398042,0.024352643379047044
YOR238W,0.3333333333333333,0.8397723981537968,0.0004847253447286076,0.055835218041670256,0.02986929690067035
YOR255W,0.40877192982456134,0.8951931416463561,0.0008459260691669998,0.047992447231183184,0.034663572015753714
YOR274W,0.9960127591706539,1.4912473068636505,0.02169361697050688,0.1656515948969418,0.040998051674683386
YOR286W,0.9960127591706539,1.4912473068636505,0.02169361697050688,0.1656515948969418,0.040998051674683386
YOR288C,0.47527910685805425,0.9840501300066645,0.00113544443322368,0.07503060810052747,0.021020998661155664
YOR292C,0.7069377990430621,1.0250706464146944,0.0039644776820830716,0.10584216457820003,0.01583156331713249
YOR298W,0.9960127591706539,1.4912473068636505,0.02169361697050688,0.1656515948969418,0.040998051674683386
YOR313C,0.9960127591706539,1.4912473068636505,0.02169361697050688,0.1656515948969418,0.040998051674683386
YOR343W-A,0.9960127591706539,1.4912473068636505,0.02169361697050688,0.1656515948969418,0.040998051674683386
YOR356W,0.7011278195488722,1.0691229867702041,0.0037386886797991415,0.11084268384679337,0.0219424760801384
YPL071C,0.7211779448621554,1.1819581467513387,0.0050189420390180485,0.16608434779296238,0.016834626992593006
YPL091W,0.4265350877192982,0.9728126061293887,0.0007608512626089609,0.15883128466125604,0.028012964839045952
YPL103C,0.9960127591706539,1.4912473068636505,0.02169361697050688,0.1656515948969418,0.040998051674683386
YPL107W,0.9960127591706539,1.4912473068636505,0.02169361697050688,0.1656515948969418,0.040998051674683386
YPL188W,0.6679907315458458,1.216053902199413,0.004174965103923487,0.18200078057020933,0.015392045215490324
YPL189C-A,0.9960127591706539,1.4912473068636505,0.02169361697050688,0.1656515948969418,0.040998051674683386
YPL199C,0.4407894736842105,0.8427851004669406,0.0009515818121015821,0.08225183659070326,0.022957093743620875
YPL214C,0.9960127591706539,1.4912473068636505,0.02169361697050688,0.1656515948969418,0.040998051674683386
YPL239W,0.5535087719298245,0.9922382486829318,0.0019348000850467307,0.07320204466789249,0.030282286129390143
YPL244C,0.6809210526315789,1.1220587411019562,0.003278299359982587,0.24809087002030358,0.03457436123293485
YPL245W,0.6184210526315789,0.9420647315618422,0.001671433181190982,0.19540312094967321,0.04037668045379553
YPL271W,0.4201754385964912,1.0931873647373025,0.0004958921272253775,0.19159442672272603,0.026514782215449062
YPR006C,0.9960127591706539,1.4912473068636505,0.02169361697050688,0.1656515948969418,0.040998051674683386
YPR010C-A,0.9960127591706539,1.4912473068636505,0.02169361697050688,0.1656515948969418,0.040998051674683386
YPR021C,0.8353973168214655,1.1832999476302697,0.007255354125774816,0.10802580077731225,0.013901375200081285
YPR027C,0.9960127591706539,1.4912473068636505,0.02169361697050688,0.1656515948969418,0.040998051674683386
YPR047W,0.6242690058479532,0.9241572868938343,0.1134956304154596,0.10672397707541287,0.05921502121476007
YPR073C,0.5,0.9728952009653764,0.0005008403983868461,0.2327285237593268,0.09391434471911625
YPR085C,0.41959064327485374,0.8069784402952228,0.0007133671364996112,0.14870092525361575,0.030911824912713236
YPR098C,0.9960127591706539,1.4912473068636505,0.02169361697050688,0.1656515948969418,0.040998051674683386
YPR109W,0.9667919799498746,1.4397426929371175,0.013820922276894437,0.2227025917820124,0.030804822573957454
YPR127W,0.9960127591706539,1.4912473068636505,0.02169361697050688,0.1656515948969418,0.040998051674683386
YPR133W-A,0.6300799467021985,1.001070291542161,0.003379114480741955,0.10787578938847886,0.012836340221969292
YPR145C-A,0.9960127591706539,1.4912473068636505,0.02169361697050688,0.1656515948969418,0.040998051674683386
YPR158W,0.4461722488038278,0.8742025648702938,0.0008472929190838199,0.1794915640209878,0.054006670618252095
YPR166C,0.5144110275689223,1.1069057203916306,0.0012252405864614476,0.08258841203252902,0.010826906982977346
YPR167C,0.6973684210526315,1.17189233309591,0.08273380458396158,0.3001022916445884,0.04799218468255508
YPR170W-B,0.9960127591706539,1.4912473068636505,0.02169361697050688,0.1656515948969418,0.040998051674683386
YPR176C,0.6035087719298246,0.9630311267899894,0.0026773751717001576,0.0866613491500944,0.015173293572503922
YPR199C,0.9960127591706539,1.4912473068636505,0.02169361697050688,0.1656515948969418,0.040998051674683386
YLR260W,0.6917862838915471,1.152947589794676,0.09416561686762144,0.11972345092773636,0.034100395926437
YNL181W,0.7434210526315789,1.1431113726809035,0.12827829935998258,0.26366276906557307,0.06375064973282994
YNL063W,0.5707017543859649,0.953417124469756,0.002497803985190571,0.09335192000173195,0.02575693612923002
YOR180C,0.47746521476104054,1.0730748746204863,0.0016353370706935193,0.08812054008746051,0.011977173663167239
YOR044W,0.5587719298245615,1.060808892227087,0.0020721641818900603,0.10813518717196757,0.020024861790996225
YPR091C,0.715195246179966,1.1467162753485314,0.011681243485121208,0.27890578200143396,0.03172230557391853
YLR114C,0.5388471177944862,1.0167637412989308,0.0017739438272341634,0.19157540145738894,0.023698763914902672
YNL237W,0.4800194931773879,0.8879454757433127,0.0015518161305177578,0.06031528229464562,0.019983504197488774
YOL152W,0.7024656235182551,1.0669072752502726,0.0038728062229608767,0.0965420918478981,0.015055774750652437
YLR316C,0.6403508771929824,1.1197163397791114,0.08553703488762453,0.14729142777992096,0.03823550566746562
YIL067C,0.46679197994987465,1.0732287444466135,0.0012252405864614476,0.06853288423190307,0.008679689756468132
YKL077W,0.4985380116959064,1.0688104822963926,0.0015325552610462089,0.23909197805934243,0.03122836150879367
YOR353C,0.6571319603356216,1.0408279832158247,0.03791342243588738,0.13594661277982922,0.031034761772603642
YOL103W,0.7069377990430621,1.0250706464146944,0.0039644776820830716,0.10584216457820003,0.01583156331713249
YPL191C,0.4138755980861244,0.8580136760059882,0.0007159175360117056,0.09979318192282292,0.027219148405457607
YLR174W,0.354881769641495,0.8544575966791923,0.0005892952335956542,0.1668683497109832,0.01916125034183791
YPL060W,0.6783625730994152,1.0243730319388213,0.059851870197834015,0.09530277974066723,0.032237895451446494
YMR084W,0.5964912280701754,1.027979183734968,0.002404925673525176,0.13762315244186518,0.016042762780211977
YOR223W,0.9667919799498746,1.4397426929371175,0.013820922276894437,0.2227025917820124,0.030804822573957454
YML120C,0.4492481203007519,1.014883688722698,0.0015668687861010626,0.0849179211926516,0.010829418801546652
YLR341W,0.8228070175438595,1.279928587494377,0.003917586648427326,0.39515567678745467,0.11122797779496535
YMR137C,0.41464237516869096,0.9090049394042135,0.0007328241955544756,0.13236772009087158,0.039622909332694745
YLR361C,0.6506791171477079,1.104774790484672,0.0036888845895365068,0.1544298116700667,0.018383682015175352
YOR391C,0.7157097288676235,1.03682025642838,0.004443958830498747,0.09440262809656373,0.0142689972768465
YMR281W,0.6809210526315789,1.1220587411019562,0.003278299359982587,0.24809087002030358,0.03457436123293485
YPL041C,0.6809210526315789,1.1220587411019562,0.003278299359982587,0.24809087002030358,0.03457436123293485
YMR198W,0.7011278195488722,1.0852602818521713,0.0037386886797991415,0.12469342344720324,0.020947630850754302
YOR389W,0.6902834008097166,1.0841784694293874,0.005106918324123472,0.12690748247395112,0.013601080582462791
YPL277C,0.6902834008097166,1.0841784694293874,0.005106918324123472,0.12690748247395112,0.013601080582462791
YLR410W-B,0.6329030122476,0.9972461019658225,0.0029673191719768875,0.11088466388331593,0.013172448050049652
YPR117W,0.2969924812030075,0.774984950120399,0.0954720762166522,0.05640501716203658,0.05211421341476227
YPL171C,0.7211779448621554,1.1819581467513387,0.0050189420390180485,0.16608434779296238,0.016834626992593006
YPL257W-B,0.6200159489633174,1.0545426909929372,0.0026977081538484713,0.11663304818451686,0.019572973562367587
YKR019C,0.41666666666666663,0.9222217456517274,0.00040745268422446386,0.3219352836689792,0.09157724099165719
YOR316C-A,0.41666666666666663,0.9222217456517274,0.00040745268422446386,0.3219352836689792,0.09157724099165719
YML082W,0.6603551561831408,1.0594057798217227,0.0032271694807393127,0.10625017460478484,0.013287859202740334
YPR061C,0.8121147463252727,1.2072507974481659,0.006382669200459861,0.11827233953518276,0.01651206625316641
YLR251W,0.46616541353383456,0.9008911702332755,0.001095561710722298,0.1522036414454649,0.035077571593838744
YNL254C,0.7254901960784313,1.0883588939235507,0.06327156070603374,0.10207004881094649,0.031073893758470035
YOL015W,0.6945773524720893,1.2066615311049143,0.0029941255406543705,0.13215670814938624,0.017912404178631783
YPL200W,0.47527910685805425,0.9840501300066645,0.00113544443322368,0.07503060810052747,0.021020998661155664
YJL206C,0.5657894736842104,1.009921874418985,0.001671433181190982,0.20011226313102032,0.024997989690594566
YKR061W,0.4985380116959064,1.0688104822963926,0.0015325552610462089,0.23909197805934243,0.03122836150879367
YOL110W,0.5285087719298245,0.9100357939046512,0.12579018595381353,0.09715710155303106,0.06638211988576222
YLR023C,0.5012531328320802,1.0237326696892042,0.0010582740490148294,0.18725525345063312,0.0359377605271479
YPL247C,0.3701754385964912,0.7671004082155634,0.0005519811988564753,0.10107028350255379,0.030689161245013637
YLR173W,0.41959064327485374,0.7909944243112068,0.0007133671364996112,0.059534323262581096,0.035239627377185986
YLR301W,0.4138755980861244,0.8858226647700331,0.0007159175360117056,0.2698993661978617,0.02690834558074258
YLR363C,0.7384370015948962,1.1709357383699488,0.004615906205311298,0.2475664061419858,0.025910749474033237
YPL123C,0.7384370015948962,1.1709357383699488,0.004615906205311298,0.2475664061419858,0.025910749474033237
YNL050C,0.7549707602339181,1.1619186576502665,0.0490427661984304,0.11108368315149098,0.021165130787584172
YOL140W,0.7327485380116959,1.1553435553708975,0.004598321753985949,0.11095163152908148,0.01327497254565709
YNL310C,0.5149638802889577,0.9790601503759397,0.001434720176209605,0.16226679838078206,0.03259224487993742
YOR262W,0.7443406904357668,1.1637622484304406,0.005012247994372686,0.10968095736673242,0.018713961422115708
YOR084W,0.7135964912280701,1.1181003856442453,0.004687198216103567,0.13525621394593554,0.013287471021996202
YLR156W,0.3212719298245614,0.9721630024428158,0.00033239714457159526,0.23755998789148805,0.03334334869088056
YPL159C,0.3212719298245614,0.9721630024428158,0.00033239714457159526,0.23755998789148805,0.03334334869088056
YNR075C-A,0.5526315789473684,1.0594167969428523,0.00029967098386599717,0.39903717953992635,0.1775794692100129
YOR236W,0.4407894736842105,0.8863378779646722,0.0009515818121015821,0.06763842410142751,0.02248101795027163
YNL164C,0.7095141700404858,0.9984641837151017,0.04356845678566194,0.08796736639828584,0.02440506076351881
YMR170C,0.7549707602339181,1.0624491616290461,0.0490427661984304,0.09314502494458009,0.025999415055770907
YLR157C,0.7393025246041934,1.118314041116537,0.005163661045510453,0.13037587997151348,0.016975502242639367
YOR068C,0.6505847953216374,1.103320400359874,0.0042963146422784594,0.16831893431854061,0.016109536037067343
YPL052W,0.7069377990430621,1.0172275091597924,0.0039644776820830716,0.10424537352993561,0.015568775585130364
YMR211W,0.45964912280701753,0.9921540565640736,0.0005476947157027815,0.2376588731708869,0.04895900904248556
YOR339C,0.37280701754385964,0.9354267073079912,0.0003857448212802256,0.2497464858052223,0.04403019716380775
YPL099C,0.6961722488038277,1.082125411713067,0.007328533460105664,0.08978476832318251,0.011674631809213295
YPR134W,0.8300060496067755,1.2786776468337604,0.0069253847294438375,0.11307911100442547,0.012600233054788669
YMR130W,0.9667919799498746,1.4397426929371175,0.013820922276894437,0.2227025917820124,0.030804822573957454
YNR040W,0.9667919799498746,1.4397426929371175,0.013820922276894437,0.2227025917820124,0.030804822573957454
YOR354C,0.4859649122807017,1.0936887984989796,0.001032611714323587,0.29176873969937234,0.05553889861480269
YPL030W,0.9667919799498746,1.4397426929371175,0.013820922276894437,0.2227025917820124,0.030804822573957454
YPL134C,0.7211779448621554,1.0176135685809469,0.0050189420390180485,0.09248354426346535,0.019230788563218852
YPL206C,0.6542200094831674,0.9322577612305147,0.003191980964052213,0.08367530636962399,0.019138546693187607
YMR030W,0.7211779448621554,1.0795493984138185,0.0050189420390180485,0.10931402520155754,0.017542978510356026
YPL024W,0.693859649122807,1.0208198527337826,0.003553052344556834,0.10189241100519911,0.021667510178235826
YOR258W,0.6528822055137844,1.0028749859302322,0.002789612191009502,0.13525916418067685,0.030330751374733195
YOL154W,0.4138755980861244,0.8580136760059882,0.0007159175360117056,0.09522597170872904,0.02584534445218196
YNL335W,0.594298245614035,0.9290377620881471,0.002767201956400933,0.08373872837138978,0.026368797117491884
YNL256W,0.5175438596491229,1.168898635477583,0.0,0.5035051679295265,0.25748724758757596
YPL241C,0.31320949432404543,0.7478014797093745,0.00027933704862135304,0.03823145372490437,0.03533071880120615
YOR021C,0.30877192982456136,0.8538531432878862,0.00039533409600053495,0.044166541940302936,0.024666621279988952
YPR186C,0.46453089244851253,0.8295730295687205,0.0009941114431181368,0.065753357649057,0.0269884282613046
YPR002W,0.7393025246041934,1.2175075895036338,0.005163661045510453,0.20622276356260338,0.017029479476739887
YPL280W,0.7157097288676235,1.03682025642838,0.004443958830498747,0.09440262809656373,0.0142689972768465
YOR067C,0.6961722488038277,1.0909575285013882,0.007328533460105664,0.08953250950946222,0.011690958401522105
YPL039W,0.6679907315458458,1.216053902199413,0.004174965103923487,0.18200078057020933,0.015392045215490324
YOR336W,0.6282894736842105,0.9916944069575648,0.0026925643969388092,0.09082028926238964,0.031433386091926495
YOR130C,0.7024656235182551,0.9577678427191367,0.0038728062229608767,0.08805283953157444,0.020089987947120018
YOL124C,0.487719298245614,0.9197587059612934,0.0012782750562073592,0.09833395798156974,0.037642421811554735
YPL282C,0.7069377990430621,1.0597738427617265,0.0039644776820830716,0.13144697495351607,0.014543281271294405
YPL281C,0.6177944862155389,1.1093091070086254,0.0023314943830011732,0.1903858906887167,0.024820182313020786
YPR147C,0.8154080854309687,1.292132083806639,0.006139736305822918,0.2443403736548997,0.02754397196940048
